"iter","K_plus"
1,6
2,6
3,6
4,6
5,6
6,6
7,6
8,6
9,6
10,6
11,6
12,6
13,6
14,6
15,6
16,6
17,6
18,6
19,6
20,6
21,6
22,6
23,6
24,6
25,6
26,6
27,6
28,6
29,6
30,6
31,6
32,6
33,6
34,6
35,6
36,6
37,6
38,6
39,6
40,6
41,6
42,6
43,6
44,6
45,6
46,6
47,6
48,6
49,6
50,6
51,6
52,6
53,6
54,6
55,6
56,6
57,6
58,6
59,6
60,6
61,6
62,6
63,6
64,6
65,6
66,6
67,6
68,6
69,6
70,6
71,6
72,6
73,6
74,6
75,6
76,6
77,6
78,6
79,6
80,6
81,6
82,6
83,6
84,6
85,6
86,6
87,6
88,6
89,6
90,6
91,6
92,6
93,6
94,6
95,6
96,6
97,6
98,6
99,6
100,6
101,6
102,6
103,6
104,6
105,6
106,6
107,6
108,6
109,6
110,6
111,6
112,6
113,6
114,6
115,6
116,6
117,6
118,6
119,6
120,6
121,6
122,5
123,5
124,5
125,5
126,5
127,5
128,5
129,5
130,5
131,5
132,5
133,5
134,5
135,5
136,5
137,5
138,5
139,5
140,5
141,5
142,5
143,5
144,5
145,5
146,5
147,5
148,5
149,5
150,5
151,5
152,5
153,5
154,5
155,5
156,5
157,5
158,5
159,5
160,5
161,5
162,5
163,5
164,5
165,5
166,5
167,5
168,5
169,5
170,5
171,5
172,5
173,5
174,5
175,5
176,5
177,5
178,5
179,5
180,5
181,5
182,5
183,5
184,5
185,5
186,5
187,5
188,5
189,5
190,5
191,5
192,5
193,5
194,5
195,5
196,5
197,5
198,5
199,5
200,5
201,5
202,5
203,5
204,5
205,5
206,5
207,5
208,5
209,5
210,5
211,5
212,5
213,5
214,5
215,5
216,5
217,5
218,5
219,5
220,5
221,5
222,5
223,5
224,5
225,5
226,5
227,5
228,5
229,5
230,5
231,5
232,5
233,5
234,5
235,5
236,5
237,5
238,5
239,5
240,5
241,5
242,5
243,5
244,5
245,5
246,5
247,5
248,5
249,5
250,5
251,5
252,5
253,5
254,5
255,5
256,5
257,5
258,5
259,5
260,5
261,5
262,5
263,5
264,5
265,5
266,5
267,5
268,5
269,5
270,5
271,5
272,5
273,5
274,5
275,5
276,5
277,5
278,5
279,5
280,5
281,5
282,5
283,6
284,5
285,5
286,5
287,5
288,5
289,5
290,5
291,5
292,5
293,5
294,5
295,5
296,5
297,5
298,5
299,5
300,5
301,5
302,5
303,5
304,5
305,5
306,5
307,5
308,5
309,5
310,5
311,5
312,5
313,5
314,5
315,5
316,5
317,5
318,5
319,5
320,5
321,5
322,5
323,5
324,5
325,5
326,5
327,5
328,5
329,5
330,5
331,5
332,5
333,5
334,5
335,5
336,5
337,5
338,5
339,5
340,5
341,5
342,5
343,5
344,5
345,5
346,5
347,5
348,5
349,5
350,5
351,5
352,5
353,5
354,5
355,5
356,5
357,5
358,5
359,5
360,5
361,5
362,5
363,5
364,5
365,5
366,5
367,5
368,5
369,5
370,5
371,5
372,5
373,5
374,5
375,5
376,5
377,5
378,5
379,5
380,5
381,5
382,5
383,5
384,5
385,5
386,5
387,5
388,5
389,5
390,5
391,5
392,5
393,5
394,5
395,5
396,5
397,5
398,5
399,5
400,5
401,5
402,5
403,5
404,5
405,5
406,5
407,5
408,5
409,5
410,5
411,5
412,5
413,5
414,5
415,5
416,5
417,5
418,5
419,5
420,5
421,5
422,5
423,5
424,5
425,5
426,5
427,5
428,5
429,5
430,5
431,5
432,5
433,5
434,5
435,5
436,5
437,5
438,5
439,5
440,5
441,5
442,5
443,5
444,5
445,5
446,5
447,5
448,5
449,5
450,5
451,5
452,5
453,5
454,5
455,5
456,5
457,5
458,5
459,5
460,5
461,5
462,5
463,5
464,5
465,5
466,5
467,5
468,5
469,5
470,5
471,5
472,5
473,5
474,5
475,5
476,5
477,5
478,5
479,5
480,5
481,5
482,5
483,5
484,5
485,5
486,5
487,5
488,5
489,5
490,5
491,5
492,5
493,5
494,5
495,5
496,5
497,5
498,5
499,5
500,5
501,5
502,5
503,5
504,5
505,5
506,5
507,5
508,5
509,5
510,5
511,5
512,5
513,5
514,5
515,5
516,5
517,5
518,5
519,5
520,5
521,5
522,5
523,5
524,5
525,5
526,5
527,5
528,5
529,5
530,5
531,5
532,5
533,5
534,5
535,5
536,5
537,5
538,5
539,5
540,5
541,5
542,5
543,5
544,5
545,5
546,5
547,5
548,5
549,5
550,5
551,5
552,5
553,5
554,5
555,5
556,5
557,5
558,5
559,5
560,5
561,5
562,5
563,5
564,5
565,5
566,5
567,5
568,5
569,5
570,5
571,5
572,5
573,5
574,5
575,5
576,5
577,5
578,5
579,5
580,5
581,5
582,5
583,5
584,5
585,5
586,5
587,5
588,5
589,5
590,5
591,5
592,5
593,5
594,5
595,5
596,5
597,5
598,5
599,5
600,5
601,5
602,5
603,5
604,5
605,5
606,5
607,5
608,5
609,5
610,5
611,5
612,5
613,5
614,5
615,5
616,5
617,5
618,5
619,5
620,5
621,5
622,5
623,5
624,5
625,5
626,5
627,5
628,5
629,5
630,5
631,5
632,5
633,5
634,5
635,5
636,5
637,5
638,5
639,5
640,5
641,5
642,5
643,5
644,5
645,5
646,5
647,5
648,5
649,5
650,5
651,5
652,5
653,5
654,5
655,5
656,5
657,5
658,5
659,5
660,5
661,5
662,5
663,5
664,5
665,5
666,5
667,5
668,5
669,5
670,5
671,5
672,5
673,5
674,5
675,5
676,5
677,5
678,5
679,5
680,5
681,5
682,5
683,5
684,5
685,5
686,5
687,5
688,5
689,5
690,5
691,5
692,5
693,5
694,5
695,5
696,5
697,5
698,5
699,5
700,5
701,5
702,5
703,5
704,5
705,5
706,5
707,5
708,5
709,5
710,5
711,5
712,5
713,5
714,5
715,5
716,5
717,5
718,5
719,5
720,5
721,5
722,5
723,5
724,5
725,5
726,5
727,5
728,5
729,5
730,5
731,5
732,5
733,5
734,5
735,5
736,5
737,5
738,5
739,5
740,5
741,5
742,5
743,5
744,5
745,5
746,5
747,5
748,5
749,5
750,5
751,5
752,5
753,5
754,5
755,5
756,5
757,5
758,5
759,5
760,5
761,5
762,5
763,5
764,5
765,5
766,5
767,5
768,5
769,5
770,5
771,5
772,5
773,5
774,5
775,5
776,5
777,5
778,5
779,5
780,5
781,5
782,5
783,5
784,5
785,5
786,5
787,5
788,5
789,5
790,5
791,5
792,5
793,5
794,5
795,5
796,5
797,5
798,5
799,5
800,5
801,5
802,5
803,5
804,5
805,5
806,5
807,5
808,5
809,5
810,5
811,5
812,5
813,5
814,5
815,5
816,5
817,5
818,5
819,5
820,5
821,5
822,5
823,5
824,5
825,5
826,5
827,5
828,5
829,5
830,5
831,5
832,5
833,5
834,5
835,5
836,5
837,5
838,5
839,5
840,5
841,5
842,5
843,5
844,5
845,5
846,5
847,5
848,5
849,5
850,5
851,5
852,5
853,5
854,5
855,5
856,5
857,5
858,5
859,5
860,5
861,5
862,5
863,5
864,5
865,5
866,5
867,5
868,5
869,5
870,5
871,5
872,5
873,5
874,5
875,5
876,5
877,5
878,5
879,5
880,5
881,5
882,5
883,5
884,5
885,5
886,5
887,5
888,5
889,5
890,5
891,5
892,5
893,5
894,5
895,5
896,5
897,5
898,5
899,5
900,5
901,5
902,5
903,5
904,5
905,5
906,5
907,5
908,5
909,5
910,5
911,5
912,5
913,5
914,5
915,5
916,5
917,5
918,5
919,5
920,5
921,5
922,5
923,5
924,5
925,5
926,5
927,5
928,5
929,5
930,5
931,5
932,5
933,5
934,5
935,5
936,5
937,5
938,5
939,5
940,5
941,5
942,5
943,5
944,5
945,5
946,5
947,5
948,5
949,5
950,5
951,5
952,5
953,5
954,5
955,5
956,5
957,5
958,5
959,5
960,5
961,5
962,5
963,5
964,5
965,5
966,5
967,5
968,5
969,5
970,5
971,5
972,5
973,5
974,5
975,5
976,5
977,5
978,5
979,5
980,5
981,5
982,5
983,5
984,5
985,5
986,5
987,5
988,5
989,5
990,5
991,5
992,5
993,5
994,5
995,5
996,5
997,5
998,5
999,5
1000,5
1001,5
1002,5
1003,5
1004,5
1005,5
1006,5
1007,5
1008,5
1009,5
1010,5
1011,5
1012,5
1013,5
1014,5
1015,5
1016,5
1017,5
1018,5
1019,5
1020,5
1021,5
1022,5
1023,5
1024,5
1025,5
1026,5
1027,5
1028,5
1029,5
1030,5
1031,5
1032,5
1033,5
1034,5
1035,5
1036,5
1037,5
1038,5
1039,5
1040,5
1041,5
1042,5
1043,5
1044,5
1045,5
1046,5
1047,5
1048,5
1049,5
1050,5
1051,5
1052,5
1053,5
1054,5
1055,5
1056,5
1057,5
1058,5
1059,5
1060,5
1061,5
1062,5
1063,5
1064,5
1065,5
1066,5
1067,5
1068,5
1069,5
1070,5
1071,5
1072,5
1073,5
1074,5
1075,5
1076,5
1077,5
1078,5
1079,5
1080,5
1081,5
1082,5
1083,5
1084,5
1085,5
1086,5
1087,5
1088,5
1089,5
1090,5
1091,5
1092,5
1093,5
1094,5
1095,5
1096,5
1097,5
1098,5
1099,5
1100,5
1101,5
1102,5
1103,5
1104,5
1105,5
1106,5
1107,5
1108,5
1109,5
1110,5
1111,5
1112,5
1113,5
1114,5
1115,5
1116,5
1117,5
1118,5
1119,5
1120,5
1121,5
1122,5
1123,5
1124,5
1125,5
1126,5
1127,5
1128,5
1129,5
1130,5
1131,5
1132,5
1133,5
1134,5
1135,5
1136,5
1137,5
1138,5
1139,5
1140,5
1141,5
1142,5
1143,5
1144,5
1145,5
1146,5
1147,5
1148,5
1149,5
1150,5
1151,5
1152,5
1153,5
1154,5
1155,5
1156,5
1157,5
1158,5
1159,5
1160,5
1161,5
1162,5
1163,5
1164,5
1165,5
1166,5
1167,5
1168,5
1169,5
1170,5
1171,5
1172,5
1173,5
1174,5
1175,5
1176,5
1177,5
1178,5
1179,5
1180,5
1181,5
1182,5
1183,5
1184,5
1185,5
1186,5
1187,5
1188,5
1189,5
1190,5
1191,5
1192,5
1193,5
1194,5
1195,5
1196,5
1197,5
1198,5
1199,5
1200,5
1201,5
1202,5
1203,5
1204,5
1205,5
1206,5
1207,5
1208,5
1209,5
1210,5
1211,5
1212,5
1213,5
1214,5
1215,5
1216,5
1217,5
1218,5
1219,5
1220,5
1221,5
1222,5
1223,5
1224,5
1225,5
1226,5
1227,5
1228,5
1229,5
1230,5
1231,5
1232,5
1233,5
1234,5
1235,5
1236,5
1237,5
1238,5
1239,5
1240,5
1241,5
1242,5
1243,5
1244,5
1245,5
1246,5
1247,5
1248,5
1249,5
1250,5
1251,5
1252,5
1253,5
1254,5
1255,5
1256,5
1257,5
1258,5
1259,5
1260,5
1261,5
1262,5
1263,5
1264,5
1265,5
1266,5
1267,5
1268,5
1269,5
1270,5
1271,5
1272,5
1273,5
1274,5
1275,5
1276,5
1277,5
1278,5
1279,5
1280,5
1281,5
1282,5
1283,5
1284,5
1285,5
1286,5
1287,5
1288,5
1289,5
1290,5
1291,5
1292,5
1293,5
1294,5
1295,5
1296,5
1297,5
1298,5
1299,5
1300,5
1301,5
1302,5
1303,5
1304,5
1305,5
1306,5
1307,5
1308,5
1309,5
1310,5
1311,5
1312,5
1313,5
1314,5
1315,5
1316,5
1317,5
1318,5
1319,5
1320,5
1321,5
1322,5
1323,5
1324,5
1325,5
1326,5
1327,5
1328,5
1329,5
1330,5
1331,5
1332,5
1333,5
1334,5
1335,5
1336,5
1337,5
1338,5
1339,5
1340,5
1341,5
1342,5
1343,5
1344,5
1345,5
1346,5
1347,5
1348,5
1349,5
1350,5
1351,5
1352,5
1353,5
1354,5
1355,5
1356,5
1357,5
1358,5
1359,5
1360,5
1361,5
1362,5
1363,5
1364,5
1365,5
1366,5
1367,5
1368,5
1369,5
1370,5
1371,5
1372,5
1373,5
1374,5
1375,5
1376,5
1377,5
1378,5
1379,5
1380,5
1381,5
1382,5
1383,5
1384,5
1385,5
1386,5
1387,5
1388,5
1389,5
1390,5
1391,5
1392,5
1393,5
1394,5
1395,5
1396,5
1397,5
1398,5
1399,5
1400,5
1401,5
1402,5
1403,5
1404,5
1405,5
1406,5
1407,5
1408,5
1409,5
1410,5
1411,5
1412,5
1413,5
1414,5
1415,5
1416,5
1417,5
1418,5
1419,5
1420,5
1421,5
1422,5
1423,5
1424,5
1425,5
1426,5
1427,5
1428,5
1429,5
1430,5
1431,5
1432,5
1433,5
1434,5
1435,5
1436,5
1437,5
1438,5
1439,5
1440,5
1441,5
1442,5
1443,5
1444,5
1445,5
1446,5
1447,5
1448,5
1449,5
1450,5
1451,5
1452,5
1453,5
1454,5
1455,5
1456,5
1457,5
1458,5
1459,5
1460,5
1461,5
1462,5
1463,5
1464,5
1465,5
1466,5
1467,5
1468,5
1469,5
1470,5
1471,5
1472,5
1473,5
1474,5
1475,5
1476,5
1477,5
1478,5
1479,5
1480,5
1481,5
1482,5
1483,5
1484,5
1485,5
1486,5
1487,5
1488,5
1489,5
1490,5
1491,5
1492,5
1493,5
1494,5
1495,5
1496,5
1497,5
1498,5
1499,5
1500,5
1501,5
1502,5
1503,5
1504,5
1505,5
1506,5
1507,5
1508,5
1509,5
1510,5
1511,5
1512,5
1513,5
1514,5
1515,5
1516,5
1517,5
1518,5
1519,5
1520,5
1521,5
1522,5
1523,5
1524,5
1525,5
1526,5
1527,5
1528,5
1529,5
1530,5
1531,5
1532,5
1533,5
1534,5
1535,5
1536,5
1537,5
1538,5
1539,5
1540,5
1541,5
1542,5
1543,5
1544,5
1545,5
1546,5
1547,5
1548,5
1549,5
1550,5
1551,5
1552,5
1553,5
1554,5
1555,5
1556,5
1557,5
1558,5
1559,5
1560,5
1561,5
1562,5
1563,5
1564,5
1565,5
1566,5
1567,5
1568,5
1569,5
1570,5
1571,5
1572,5
1573,5
1574,5
1575,5
1576,5
1577,5
1578,5
1579,5
1580,5
1581,5
1582,5
1583,5
1584,5
1585,5
1586,5
1587,5
1588,5
1589,5
1590,5
1591,5
1592,5
1593,5
1594,5
1595,5
1596,5
1597,5
1598,5
1599,5
1600,5
1601,5
1602,5
1603,5
1604,5
1605,5
1606,5
1607,5
1608,5
1609,5
1610,5
1611,5
1612,5
1613,5
1614,5
1615,5
1616,5
1617,5
1618,5
1619,5
1620,5
1621,5
1622,5
1623,5
1624,5
1625,5
1626,5
1627,5
1628,5
1629,5
1630,5
1631,5
1632,5
1633,5
1634,5
1635,5
1636,5
1637,5
1638,5
1639,5
1640,5
1641,5
1642,5
1643,5
1644,5
1645,5
1646,5
1647,5
1648,5
1649,5
1650,5
1651,5
1652,5
1653,5
1654,5
1655,5
1656,5
1657,5
1658,5
1659,5
1660,5
1661,5
1662,5
1663,5
1664,5
1665,5
1666,5
1667,5
1668,5
1669,5
1670,5
1671,5
1672,5
1673,5
1674,5
1675,5
1676,5
1677,5
1678,5
1679,5
1680,5
1681,5
1682,5
1683,5
1684,5
1685,5
1686,5
1687,5
1688,5
1689,5
1690,5
1691,5
1692,5
1693,5
1694,5
1695,5
1696,5
1697,5
1698,5
1699,5
1700,5
1701,5
1702,5
1703,5
1704,5
1705,5
1706,5
1707,5
1708,5
1709,5
1710,5
1711,5
1712,5
1713,5
1714,5
1715,5
1716,5
1717,5
1718,5
1719,5
1720,5
1721,5
1722,5
1723,5
1724,5
1725,5
1726,5
1727,5
1728,5
1729,5
1730,5
1731,5
1732,5
1733,5
1734,5
1735,5
1736,5
1737,5
1738,5
1739,5
1740,5
1741,5
1742,5
1743,5
1744,5
1745,5
1746,5
1747,5
1748,5
1749,5
1750,5
1751,5
1752,5
1753,5
1754,5
1755,5
1756,5
1757,5
1758,5
1759,5
1760,5
1761,5
1762,5
1763,5
1764,5
1765,5
1766,5
1767,5
1768,5
1769,5
1770,5
1771,5
1772,5
1773,5
1774,5
1775,5
1776,5
1777,5
1778,5
1779,5
1780,5
1781,5
1782,5
1783,5
1784,5
1785,5
1786,5
1787,5
1788,5
1789,5
1790,5
1791,5
1792,5
1793,5
1794,5
1795,5
1796,5
1797,5
1798,5
1799,5
1800,5
1801,5
1802,5
1803,5
1804,5
1805,5
1806,5
1807,5
1808,5
1809,5
1810,5
1811,5
1812,5
1813,5
1814,5
1815,5
1816,5
1817,5
1818,5
1819,5
1820,5
1821,5
1822,5
1823,5
1824,5
1825,5
1826,5
1827,5
1828,5
1829,5
1830,5
1831,5
1832,5
1833,5
1834,5
1835,5
1836,5
1837,5
1838,5
1839,5
1840,5
1841,5
1842,5
1843,5
1844,5
1845,5
1846,5
1847,5
1848,5
1849,5
1850,5
1851,5
1852,5
1853,5
1854,5
1855,5
1856,5
1857,5
1858,5
1859,5
1860,5
1861,5
1862,5
1863,5
1864,5
1865,5
1866,5
1867,5
1868,5
1869,5
1870,5
1871,5
1872,5
1873,5
1874,5
1875,5
1876,5
1877,5
1878,5
1879,5
1880,5
1881,5
1882,5
1883,5
1884,5
1885,5
1886,5
1887,5
1888,5
1889,5
1890,5
1891,5
1892,5
1893,5
1894,5
1895,5
1896,5
1897,5
1898,5
1899,5
1900,5
1901,5
1902,5
1903,5
1904,5
1905,5
1906,5
1907,5
1908,5
1909,5
1910,5
1911,5
1912,5
1913,5
1914,5
1915,5
1916,5
1917,5
1918,5
1919,5
1920,5
1921,5
1922,5
1923,5
1924,5
1925,5
1926,5
1927,5
1928,5
1929,5
1930,5
1931,5
1932,5
1933,5
1934,5
1935,5
1936,5
1937,5
1938,5
1939,5
1940,5
1941,5
1942,5
1943,5
1944,5
1945,5
1946,5
1947,5
1948,5
1949,5
1950,5
1951,5
1952,5
1953,5
1954,5
1955,5
1956,5
1957,5
1958,5
1959,5
1960,5
1961,5
1962,5
1963,5
1964,5
1965,5
1966,5
1967,5
1968,5
1969,5
1970,5
1971,5
1972,5
1973,5
1974,5
1975,5
1976,5
1977,5
1978,5
1979,5
1980,5
1981,5
1982,5
1983,5
1984,5
1985,5
1986,5
1987,5
1988,5
1989,5
1990,5
1991,5
1992,5
1993,5
1994,5
1995,5
1996,5
1997,5
1998,5
1999,5
2000,5
2001,5
2002,5
2003,5
2004,5
2005,5
2006,5
2007,5
2008,5
2009,5
2010,5
2011,5
2012,5
2013,5
2014,5
2015,5
2016,5
2017,5
2018,5
2019,5
2020,5
2021,5
2022,5
2023,5
2024,5
2025,5
2026,5
2027,5
2028,5
2029,5
2030,5
2031,5
2032,5
2033,5
2034,5
2035,5
2036,5
2037,5
2038,5
2039,5
2040,5
2041,5
2042,5
2043,5
2044,5
2045,5
2046,5
2047,5
2048,5
2049,5
2050,5
2051,5
2052,5
2053,5
2054,5
2055,5
2056,5
2057,5
2058,5
2059,5
2060,5
2061,5
2062,5
2063,5
2064,5
2065,5
2066,5
2067,5
2068,5
2069,5
2070,5
2071,5
2072,5
2073,5
2074,5
2075,5
2076,5
2077,5
2078,5
2079,5
2080,5
2081,5
2082,5
2083,5
2084,5
2085,5
2086,5
2087,5
2088,5
2089,5
2090,5
2091,5
2092,5
2093,5
2094,5
2095,5
2096,5
2097,5
2098,5
2099,5
2100,5
2101,5
2102,5
2103,5
2104,5
2105,5
2106,5
2107,5
2108,5
2109,5
2110,5
2111,5
2112,5
2113,5
2114,5
2115,5
2116,5
2117,5
2118,5
2119,5
2120,5
2121,5
2122,5
2123,5
2124,5
2125,5
2126,5
2127,5
2128,5
2129,5
2130,5
2131,5
2132,5
2133,5
2134,5
2135,5
2136,5
2137,5
2138,5
2139,5
2140,5
2141,5
2142,5
2143,5
2144,5
2145,5
2146,5
2147,5
2148,5
2149,5
2150,5
2151,5
2152,5
2153,5
2154,5
2155,5
2156,5
2157,5
2158,5
2159,5
2160,5
2161,5
2162,5
2163,5
2164,5
2165,5
2166,5
2167,5
2168,5
2169,5
2170,5
2171,5
2172,5
2173,5
2174,5
2175,5
2176,5
2177,5
2178,5
2179,5
2180,5
2181,5
2182,5
2183,5
2184,5
2185,5
2186,5
2187,5
2188,5
2189,5
2190,5
2191,5
2192,5
2193,5
2194,5
2195,5
2196,5
2197,5
2198,5
2199,5
2200,5
2201,5
2202,5
2203,5
2204,5
2205,5
2206,5
2207,5
2208,5
2209,5
2210,5
2211,5
2212,5
2213,5
2214,5
2215,5
2216,5
2217,5
2218,5
2219,5
2220,5
2221,5
2222,5
2223,5
2224,5
2225,5
2226,5
2227,5
2228,5
2229,5
2230,5
2231,5
2232,5
2233,5
2234,5
2235,5
2236,5
2237,5
2238,5
2239,5
2240,5
2241,5
2242,5
2243,5
2244,5
2245,5
2246,5
2247,5
2248,5
2249,5
2250,5
2251,5
2252,5
2253,5
2254,5
2255,5
2256,5
2257,5
2258,5
2259,5
2260,5
2261,5
2262,5
2263,5
2264,5
2265,5
2266,5
2267,5
2268,5
2269,5
2270,5
2271,5
2272,5
2273,5
2274,5
2275,5
2276,5
2277,5
2278,5
2279,5
2280,5
2281,5
2282,5
2283,5
2284,5
2285,5
2286,5
2287,5
2288,5
2289,5
2290,5
2291,5
2292,5
2293,5
2294,5
2295,5
2296,5
2297,5
2298,5
2299,5
2300,5
2301,5
2302,5
2303,5
2304,5
2305,5
2306,5
2307,5
2308,5
2309,5
2310,5
2311,5
2312,5
2313,5
2314,5
2315,5
2316,5
2317,5
2318,5
2319,5
2320,5
2321,5
2322,5
2323,5
2324,5
2325,5
2326,5
2327,5
2328,5
2329,5
2330,5
2331,5
2332,5
2333,5
2334,5
2335,5
2336,5
2337,5
2338,5
2339,5
2340,5
2341,5
2342,5
2343,5
2344,5
2345,5
2346,5
2347,5
2348,5
2349,5
2350,5
2351,5
2352,5
2353,5
2354,5
2355,5
2356,5
2357,5
2358,5
2359,5
2360,5
2361,5
2362,5
2363,5
2364,5
2365,5
2366,5
2367,5
2368,5
2369,5
2370,5
2371,5
2372,5
2373,5
2374,5
2375,5
2376,5
2377,5
2378,5
2379,5
2380,5
2381,5
2382,5
2383,5
2384,5
2385,5
2386,5
2387,5
2388,5
2389,5
2390,5
2391,5
2392,5
2393,5
2394,5
2395,5
2396,5
2397,5
2398,5
2399,5
2400,5
2401,5
2402,5
2403,5
2404,5
2405,5
2406,5
2407,5
2408,5
2409,5
2410,5
2411,5
2412,5
2413,5
2414,5
2415,5
2416,5
2417,5
2418,5
2419,5
2420,5
2421,5
2422,5
2423,5
2424,5
2425,5
2426,5
2427,5
2428,5
2429,5
2430,5
2431,5
2432,5
2433,5
2434,5
2435,5
2436,5
2437,5
2438,5
2439,5
2440,5
2441,5
2442,5
2443,5
2444,5
2445,5
2446,5
2447,5
2448,5
2449,5
2450,5
2451,5
2452,5
2453,5
2454,5
2455,5
2456,5
2457,5
2458,5
2459,5
2460,5
2461,5
2462,5
2463,5
2464,5
2465,5
2466,5
2467,5
2468,5
2469,5
2470,5
2471,5
2472,5
2473,5
2474,5
2475,5
2476,5
2477,5
2478,5
2479,5
2480,5
2481,5
2482,5
2483,5
2484,5
2485,5
2486,5
2487,5
2488,5
2489,5
2490,5
2491,5
2492,5
2493,5
2494,5
2495,5
2496,5
2497,5
2498,5
2499,5
2500,5
2501,5
2502,5
2503,5
2504,5
2505,5
2506,5
2507,5
2508,5
2509,5
2510,5
2511,5
2512,5
2513,5
2514,5
2515,5
2516,5
2517,5
2518,5
2519,5
2520,5
2521,5
2522,5
2523,5
2524,5
2525,5
2526,5
2527,5
2528,5
2529,5
2530,5
2531,5
2532,5
2533,5
2534,5
2535,5
2536,5
2537,5
2538,5
2539,5
2540,5
2541,5
2542,5
2543,5
2544,5
2545,5
2546,5
2547,5
2548,5
2549,5
2550,5
2551,5
2552,5
2553,5
2554,5
2555,5
2556,5
2557,5
2558,5
2559,5
2560,5
2561,5
2562,5
2563,5
2564,5
2565,5
2566,5
2567,5
2568,5
2569,5
2570,5
2571,5
2572,5
2573,5
2574,5
2575,5
2576,5
2577,5
2578,5
2579,5
2580,5
2581,5
2582,5
2583,5
2584,5
2585,5
2586,5
2587,5
2588,5
2589,5
2590,5
2591,5
2592,5
2593,5
2594,5
2595,5
2596,5
2597,5
2598,5
2599,5
2600,5
2601,5
2602,5
2603,5
2604,5
2605,5
2606,5
2607,5
2608,5
2609,5
2610,5
2611,5
2612,5
2613,5
2614,5
2615,5
2616,5
2617,5
2618,5
2619,5
2620,5
2621,5
2622,5
2623,5
2624,5
2625,5
2626,5
2627,5
2628,5
2629,5
2630,5
2631,5
2632,5
2633,5
2634,5
2635,5
2636,5
2637,5
2638,5
2639,5
2640,5
2641,5
2642,5
2643,5
2644,5
2645,5
2646,5
2647,5
2648,5
2649,5
2650,5
2651,5
2652,5
2653,5
2654,5
2655,5
2656,5
2657,5
2658,5
2659,5
2660,5
2661,5
2662,5
2663,5
2664,5
2665,5
2666,5
2667,5
2668,5
2669,5
2670,5
2671,5
2672,5
2673,5
2674,5
2675,5
2676,5
2677,5
2678,5
2679,5
2680,5
2681,5
2682,5
2683,5
2684,5
2685,5
2686,5
2687,5
2688,5
2689,5
2690,5
2691,5
2692,5
2693,5
2694,5
2695,5
2696,5
2697,5
2698,5
2699,5
2700,5
2701,5
2702,5
2703,5
2704,5
2705,5
2706,5
2707,5
2708,5
2709,5
2710,5
2711,5
2712,5
2713,5
2714,5
2715,5
2716,5
2717,5
2718,5
2719,5
2720,5
2721,5
2722,5
2723,5
2724,5
2725,5
2726,5
2727,5
2728,5
2729,5
2730,5
2731,5
2732,5
2733,5
2734,5
2735,5
2736,5
2737,5
2738,5
2739,5
2740,5
2741,5
2742,5
2743,5
2744,5
2745,5
2746,5
2747,5
2748,5
2749,5
2750,5
2751,5
2752,5
2753,5
2754,5
2755,5
2756,5
2757,5
2758,5
2759,5
2760,5
2761,5
2762,5
2763,5
2764,5
2765,5
2766,5
2767,5
2768,5
2769,5
2770,5
2771,5
2772,5
2773,5
2774,5
2775,5
2776,5
2777,5
2778,5
2779,5
2780,5
2781,5
2782,5
2783,5
2784,5
2785,5
2786,5
2787,5
2788,5
2789,5
2790,5
2791,5
2792,5
2793,5
2794,5
2795,5
2796,5
2797,5
2798,5
2799,5
2800,5
2801,5
2802,5
2803,5
2804,5
2805,5
2806,5
2807,5
2808,5
2809,5
2810,5
2811,5
2812,5
2813,5
2814,5
2815,5
2816,5
2817,5
2818,5
2819,5
2820,5
2821,5
2822,5
2823,5
2824,5
2825,5
2826,5
2827,5
2828,5
2829,5
2830,5
2831,5
2832,5
2833,5
2834,5
2835,5
2836,5
2837,5
2838,5
2839,5
2840,5
2841,5
2842,5
2843,5
2844,5
2845,5
2846,5
2847,5
2848,5
2849,5
2850,5
2851,5
2852,5
2853,5
2854,5
2855,5
2856,5
2857,5
2858,5
2859,5
2860,5
2861,5
2862,5
2863,5
2864,5
2865,5
2866,5
2867,5
2868,5
2869,5
2870,5
2871,5
2872,5
2873,5
2874,5
2875,5
2876,5
2877,5
2878,5
2879,5
2880,5
2881,5
2882,5
2883,5
2884,5
2885,5
2886,5
2887,5
2888,5
2889,5
2890,5
2891,5
2892,5
2893,5
2894,5
2895,5
2896,5
2897,5
2898,5
2899,5
2900,5
2901,5
2902,5
2903,5
2904,5
2905,5
2906,5
2907,5
2908,5
2909,5
2910,5
2911,5
2912,5
2913,5
2914,5
2915,5
2916,5
2917,5
2918,5
2919,5
2920,5
2921,5
2922,5
2923,5
2924,5
2925,5
2926,5
2927,5
2928,5
2929,5
2930,5
2931,5
2932,5
2933,5
2934,5
2935,5
2936,5
2937,5
2938,5
2939,5
2940,5
2941,5
2942,5
2943,5
2944,5
2945,5
2946,5
2947,5
2948,5
2949,5
2950,5
2951,5
2952,5
2953,5
2954,5
2955,5
2956,5
2957,5
2958,5
2959,5
2960,5
2961,5
2962,5
2963,5
2964,5
2965,5
2966,5
2967,5
2968,5
2969,5
2970,5
2971,5
2972,5
2973,5
2974,5
2975,5
2976,5
2977,5
2978,5
2979,5
2980,5
2981,5
2982,5
2983,5
2984,5
2985,5
2986,5
2987,5
2988,5
2989,5
2990,5
2991,5
2992,5
2993,5
2994,5
2995,5
2996,5
2997,5
2998,5
2999,5
3000,5
3001,5
3002,5
3003,5
3004,5
3005,5
3006,5
3007,5
3008,5
3009,5
3010,5
3011,5
3012,5
3013,5
3014,5
3015,5
3016,5
3017,5
3018,5
3019,5
3020,5
3021,5
3022,5
3023,5
3024,5
3025,5
3026,5
3027,5
3028,5
3029,5
3030,5
3031,5
3032,5
3033,5
3034,5
3035,5
3036,5
3037,5
3038,5
3039,5
3040,5
3041,5
3042,5
3043,5
3044,5
3045,5
3046,5
3047,5
3048,5
3049,5
3050,5
3051,5
3052,5
3053,5
3054,5
3055,5
3056,5
3057,5
3058,5
3059,5
3060,5
3061,5
3062,5
3063,5
3064,5
3065,5
3066,5
3067,5
3068,5
3069,5
3070,5
3071,5
3072,5
3073,5
3074,5
3075,5
3076,5
3077,5
3078,5
3079,5
3080,5
3081,5
3082,5
3083,5
3084,5
3085,5
3086,5
3087,5
3088,5
3089,5
3090,5
3091,5
3092,5
3093,5
3094,5
3095,5
3096,5
3097,5
3098,5
3099,5
3100,5
3101,5
3102,5
3103,5
3104,5
3105,5
3106,5
3107,5
3108,5
3109,5
3110,5
3111,5
3112,5
3113,5
3114,5
3115,5
3116,5
3117,5
3118,5
3119,5
3120,5
3121,5
3122,5
3123,5
3124,5
3125,5
3126,5
3127,5
3128,5
3129,5
3130,5
3131,5
3132,5
3133,5
3134,5
3135,5
3136,5
3137,5
3138,5
3139,5
3140,5
3141,5
3142,5
3143,5
3144,5
3145,5
3146,5
3147,5
3148,5
3149,5
3150,5
3151,5
3152,5
3153,5
3154,5
3155,5
3156,5
3157,5
3158,5
3159,5
3160,5
3161,5
3162,5
3163,5
3164,5
3165,5
3166,5
3167,5
3168,5
3169,5
3170,5
3171,5
3172,5
3173,5
3174,5
3175,5
3176,5
3177,5
3178,5
3179,5
3180,5
3181,5
3182,5
3183,5
3184,5
3185,5
3186,5
3187,5
3188,5
3189,5
3190,5
3191,5
3192,5
3193,5
3194,5
3195,5
3196,5
3197,5
3198,5
3199,5
3200,5
3201,5
3202,5
3203,5
3204,5
3205,5
3206,5
3207,5
3208,5
3209,5
3210,5
3211,5
3212,5
3213,5
3214,5
3215,5
3216,5
3217,5
3218,5
3219,5
3220,5
3221,5
3222,5
3223,5
3224,5
3225,5
3226,5
3227,5
3228,5
3229,5
3230,5
3231,5
3232,5
3233,5
3234,5
3235,5
3236,5
3237,5
3238,5
3239,5
3240,5
3241,5
3242,5
3243,5
3244,5
3245,5
3246,5
3247,5
3248,5
3249,5
3250,5
3251,5
3252,5
3253,5
3254,5
3255,5
3256,5
3257,5
3258,5
3259,5
3260,5
3261,5
3262,5
3263,5
3264,5
3265,5
3266,5
3267,5
3268,5
3269,5
3270,5
3271,5
3272,5
3273,5
3274,5
3275,5
3276,5
3277,5
3278,5
3279,5
3280,5
3281,5
3282,5
3283,5
3284,5
3285,5
3286,5
3287,5
3288,5
3289,5
3290,5
3291,5
3292,5
3293,5
3294,5
3295,5
3296,5
3297,5
3298,5
3299,5
3300,5
3301,5
3302,5
3303,5
3304,5
3305,5
3306,5
3307,5
3308,5
3309,5
3310,5
3311,5
3312,5
3313,5
3314,5
3315,5
3316,5
3317,5
3318,5
3319,5
3320,5
3321,5
3322,5
3323,5
3324,5
3325,5
3326,5
3327,5
3328,5
3329,5
3330,5
3331,5
3332,5
3333,5
3334,5
3335,5
3336,5
3337,5
3338,5
3339,5
3340,5
3341,5
3342,5
3343,5
3344,5
3345,5
3346,5
3347,5
3348,5
3349,5
3350,5
3351,5
3352,5
3353,5
3354,5
3355,5
3356,5
3357,5
3358,5
3359,5
3360,5
3361,5
3362,5
3363,5
3364,5
3365,5
3366,5
3367,5
3368,5
3369,5
3370,5
3371,5
3372,5
3373,5
3374,5
3375,5
3376,5
3377,5
3378,5
3379,5
3380,5
3381,5
3382,5
3383,5
3384,5
3385,5
3386,5
3387,5
3388,5
3389,5
3390,5
3391,5
3392,5
3393,5
3394,5
3395,5
3396,5
3397,5
3398,5
3399,5
3400,5
3401,5
3402,5
3403,5
3404,5
3405,5
3406,5
3407,5
3408,5
3409,5
3410,5
3411,5
3412,5
3413,5
3414,5
3415,5
3416,5
3417,5
3418,5
3419,5
3420,5
3421,5
3422,5
3423,5
3424,5
3425,5
3426,5
3427,5
3428,5
3429,5
3430,5
3431,5
3432,5
3433,5
3434,5
3435,5
3436,5
3437,5
3438,5
3439,5
3440,5
3441,5
3442,5
3443,5
3444,5
3445,5
3446,5
3447,5
3448,5
3449,5
3450,5
3451,5
3452,5
3453,5
3454,5
3455,5
3456,5
3457,5
3458,5
3459,5
3460,5
3461,5
3462,5
3463,5
3464,5
3465,5
3466,5
3467,5
3468,5
3469,5
3470,5
3471,5
3472,5
3473,5
3474,5
3475,5
3476,5
3477,5
3478,5
3479,5
3480,5
3481,5
3482,5
3483,5
3484,5
3485,5
3486,5
3487,5
3488,5
3489,5
3490,5
3491,5
3492,5
3493,5
3494,5
3495,5
3496,5
3497,5
3498,5
3499,5
3500,5
3501,5
3502,5
3503,5
3504,5
3505,5
3506,5
3507,5
3508,5
3509,5
3510,5
3511,5
3512,5
3513,5
3514,5
3515,5
3516,5
3517,5
3518,5
3519,5
3520,5
3521,5
3522,5
3523,5
3524,5
3525,5
3526,5
3527,5
3528,5
3529,5
3530,5
3531,5
3532,5
3533,5
3534,5
3535,5
3536,5
3537,5
3538,5
3539,5
3540,5
3541,5
3542,5
3543,5
3544,5
3545,5
3546,5
3547,5
3548,5
3549,5
3550,5
3551,5
3552,5
3553,5
3554,5
3555,5
3556,5
3557,5
3558,5
3559,5
3560,5
3561,5
3562,5
3563,5
3564,5
3565,5
3566,5
3567,5
3568,5
3569,5
3570,5
3571,5
3572,5
3573,5
3574,5
3575,5
3576,5
3577,5
3578,5
3579,5
3580,5
3581,5
3582,5
3583,5
3584,5
3585,5
3586,5
3587,5
3588,5
3589,5
3590,5
3591,5
3592,5
3593,5
3594,5
3595,5
3596,5
3597,5
3598,5
3599,5
3600,5
3601,5
3602,5
3603,5
3604,5
3605,5
3606,5
3607,5
3608,5
3609,5
3610,5
3611,5
3612,5
3613,5
3614,5
3615,5
3616,5
3617,5
3618,5
3619,5
3620,5
3621,5
3622,5
3623,5
3624,5
3625,5
3626,5
3627,5
3628,5
3629,5
3630,5
3631,5
3632,5
3633,5
3634,5
3635,5
3636,5
3637,5
3638,5
3639,5
3640,5
3641,5
3642,5
3643,5
3644,5
3645,5
3646,5
3647,5
3648,5
3649,5
3650,5
3651,5
3652,5
3653,5
3654,5
3655,5
3656,5
3657,5
3658,5
3659,5
3660,5
3661,5
3662,5
3663,5
3664,5
3665,5
3666,5
3667,5
3668,5
3669,5
3670,5
3671,5
3672,5
3673,5
3674,5
3675,5
3676,5
3677,5
3678,5
3679,5
3680,5
3681,5
3682,5
3683,5
3684,5
3685,5
3686,5
3687,5
3688,5
3689,5
3690,5
3691,5
3692,5
3693,5
3694,5
3695,5
3696,5
3697,5
3698,5
3699,5
3700,5
3701,5
3702,5
3703,5
3704,5
3705,5
3706,5
3707,5
3708,5
3709,5
3710,5
3711,5
3712,5
3713,5
3714,5
3715,5
3716,5
3717,5
3718,5
3719,5
3720,5
3721,5
3722,5
3723,5
3724,5
3725,5
3726,5
3727,5
3728,5
3729,5
3730,5
3731,5
3732,5
3733,5
3734,5
3735,5
3736,5
3737,5
3738,5
3739,5
3740,5
3741,5
3742,5
3743,5
3744,5
3745,5
3746,5
3747,5
3748,5
3749,5
3750,5
3751,5
3752,5
3753,5
3754,5
3755,5
3756,5
3757,5
3758,5
3759,5
3760,5
3761,5
3762,5
3763,5
3764,5
3765,5
3766,5
3767,5
3768,5
3769,5
3770,5
3771,5
3772,5
3773,5
3774,5
3775,5
3776,5
3777,5
3778,5
3779,5
3780,5
3781,5
3782,5
3783,5
3784,5
3785,5
3786,5
3787,5
3788,5
3789,5
3790,5
3791,5
3792,5
3793,5
3794,5
3795,5
3796,5
3797,5
3798,5
3799,5
3800,5
3801,5
3802,5
3803,5
3804,5
3805,5
3806,5
3807,5
3808,5
3809,5
3810,5
3811,5
3812,5
3813,5
3814,5
3815,5
3816,5
3817,5
3818,5
3819,5
3820,5
3821,5
3822,5
3823,5
3824,5
3825,5
3826,5
3827,5
3828,5
3829,5
3830,5
3831,5
3832,5
3833,5
3834,5
3835,5
3836,5
3837,5
3838,5
3839,5
3840,5
3841,5
3842,5
3843,5
3844,5
3845,5
3846,5
3847,5
3848,5
3849,5
3850,5
3851,5
3852,5
3853,5
3854,5
3855,5
3856,5
3857,5
3858,5
3859,5
3860,5
3861,5
3862,5
3863,5
3864,5
3865,5
3866,5
3867,5
3868,5
3869,5
3870,5
3871,5
3872,5
3873,5
3874,5
3875,5
3876,5
3877,5
3878,5
3879,5
3880,5
3881,5
3882,5
3883,5
3884,5
3885,5
3886,5
3887,5
3888,5
3889,5
3890,5
3891,5
3892,5
3893,5
3894,5
3895,5
3896,5
3897,5
3898,5
3899,5
3900,5
3901,5
3902,5
3903,5
3904,5
3905,5
3906,5
3907,5
3908,5
3909,5
3910,5
3911,5
3912,5
3913,5
3914,5
3915,5
3916,5
3917,5
3918,5
3919,5
3920,5
3921,5
3922,5
3923,5
3924,5
3925,5
3926,5
3927,5
3928,5
3929,5
3930,5
3931,5
3932,5
3933,5
3934,5
3935,5
3936,5
3937,5
3938,5
3939,5
3940,5
3941,5
3942,5
3943,5
3944,5
3945,5
3946,5
3947,5
3948,5
3949,5
3950,5
3951,5
3952,5
3953,5
3954,5
3955,5
3956,5
3957,5
3958,5
3959,5
3960,5
3961,5
3962,5
3963,5
3964,5
3965,5
3966,5
3967,5
3968,5
3969,5
3970,5
3971,5
3972,5
3973,5
3974,5
3975,5
3976,5
3977,5
3978,5
3979,5
3980,5
3981,5
3982,5
3983,5
3984,5
3985,5
3986,5
3987,5
3988,5
3989,5
3990,5
3991,5
3992,5
3993,5
3994,5
3995,5
3996,5
3997,5
3998,5
3999,5
4000,5
4001,5
4002,5
4003,5
4004,5
4005,5
4006,5
4007,5
4008,5
4009,5
4010,5
4011,5
4012,5
4013,5
4014,5
4015,5
4016,5
4017,5
4018,5
4019,5
4020,5
4021,5
4022,5
4023,5
4024,5
4025,5
4026,5
4027,5
4028,5
4029,5
4030,5
4031,5
4032,5
4033,5
4034,5
4035,5
4036,5
4037,5
4038,5
4039,5
4040,5
4041,5
4042,5
4043,5
4044,5
4045,5
4046,5
4047,5
4048,5
4049,5
4050,5
4051,5
4052,5
4053,5
4054,5
4055,5
4056,5
4057,5
4058,5
4059,5
4060,5
4061,5
4062,5
4063,5
4064,5
4065,5
4066,5
4067,5
4068,5
4069,5
4070,5
4071,5
4072,5
4073,5
4074,5
4075,5
4076,5
4077,5
4078,5
4079,5
4080,5
4081,5
4082,5
4083,5
4084,5
4085,5
4086,5
4087,5
4088,5
4089,5
4090,5
4091,5
4092,5
4093,5
4094,5
4095,5
4096,5
4097,5
4098,5
4099,5
4100,5
4101,5
4102,5
4103,5
4104,5
4105,5
4106,5
4107,5
4108,5
4109,5
4110,5
4111,5
4112,5
4113,5
4114,5
4115,5
4116,5
4117,5
4118,5
4119,5
4120,5
4121,5
4122,5
4123,5
4124,5
4125,5
4126,5
4127,5
4128,5
4129,5
4130,5
4131,5
4132,5
4133,5
4134,5
4135,5
4136,5
4137,5
4138,5
4139,5
4140,5
4141,5
4142,5
4143,5
4144,5
4145,5
4146,5
4147,5
4148,5
4149,5
4150,5
4151,5
4152,5
4153,5
4154,5
4155,5
4156,5
4157,5
4158,5
4159,5
4160,5
4161,5
4162,5
4163,5
4164,5
4165,5
4166,5
4167,5
4168,5
4169,5
4170,5
4171,5
4172,5
4173,5
4174,5
4175,5
4176,5
4177,5
4178,5
4179,5
4180,5
4181,5
4182,5
4183,5
4184,5
4185,5
4186,5
4187,5
4188,5
4189,5
4190,5
4191,5
4192,5
4193,5
4194,5
4195,5
4196,5
4197,5
4198,5
4199,5
4200,5
4201,5
4202,5
4203,5
4204,5
4205,5
4206,5
4207,5
4208,5
4209,5
4210,5
4211,5
4212,5
4213,5
4214,5
4215,5
4216,5
4217,5
4218,5
4219,5
4220,5
4221,5
4222,5
4223,5
4224,5
4225,5
4226,5
4227,5
4228,5
4229,5
4230,5
4231,5
4232,5
4233,5
4234,5
4235,5
4236,5
4237,5
4238,5
4239,5
4240,5
4241,5
4242,5
4243,5
4244,5
4245,5
4246,5
4247,5
4248,5
4249,5
4250,5
4251,5
4252,5
4253,5
4254,5
4255,5
4256,5
4257,5
4258,5
4259,5
4260,5
4261,5
4262,5
4263,5
4264,5
4265,5
4266,5
4267,5
4268,5
4269,5
4270,5
4271,5
4272,5
4273,5
4274,5
4275,5
4276,5
4277,5
4278,5
4279,5
4280,5
4281,5
4282,5
4283,5
4284,5
4285,5
4286,5
4287,5
4288,5
4289,5
4290,5
4291,5
4292,5
4293,5
4294,5
4295,5
4296,5
4297,5
4298,5
4299,5
4300,5
4301,5
4302,5
4303,5
4304,5
4305,5
4306,5
4307,5
4308,5
4309,5
4310,5
4311,5
4312,5
4313,5
4314,5
4315,5
4316,5
4317,5
4318,5
4319,5
4320,5
4321,5
4322,5
4323,5
4324,5
4325,5
4326,5
4327,5
4328,5
4329,5
4330,5
4331,5
4332,5
4333,5
4334,5
4335,5
4336,5
4337,5
4338,5
4339,5
4340,5
4341,5
4342,5
4343,5
4344,5
4345,5
4346,5
4347,5
4348,5
4349,5
4350,5
4351,5
4352,5
4353,5
4354,5
4355,5
4356,5
4357,5
4358,5
4359,5
4360,5
4361,5
4362,5
4363,5
4364,5
4365,5
4366,5
4367,5
4368,5
4369,5
4370,5
4371,5
4372,5
4373,5
4374,5
4375,5
4376,5
4377,5
4378,5
4379,5
4380,5
4381,5
4382,5
4383,5
4384,5
4385,5
4386,5
4387,5
4388,5
4389,5
4390,5
4391,5
4392,5
4393,5
4394,5
4395,5
4396,5
4397,5
4398,5
4399,5
4400,5
4401,5
4402,5
4403,5
4404,5
4405,5
4406,5
4407,5
4408,5
4409,5
4410,5
4411,5
4412,5
4413,5
4414,5
4415,5
4416,5
4417,5
4418,5
4419,5
4420,5
4421,5
4422,5
4423,5
4424,5
4425,5
4426,5
4427,5
4428,5
4429,5
4430,5
4431,5
4432,5
4433,5
4434,5
4435,5
4436,5
4437,5
4438,5
4439,5
4440,5
4441,5
4442,5
4443,5
4444,5
4445,5
4446,5
4447,5
4448,5
4449,5
4450,5
4451,5
4452,5
4453,5
4454,5
4455,5
4456,5
4457,5
4458,5
4459,5
4460,5
4461,5
4462,5
4463,5
4464,5
4465,5
4466,5
4467,5
4468,5
4469,5
4470,5
4471,5
4472,5
4473,5
4474,5
4475,5
4476,5
4477,5
4478,5
4479,5
4480,5
4481,5
4482,5
4483,5
4484,5
4485,5
4486,5
4487,5
4488,5
4489,5
4490,5
4491,5
4492,5
4493,5
4494,5
4495,5
4496,5
4497,5
4498,5
4499,5
4500,5
4501,5
4502,5
4503,5
4504,5
4505,5
4506,5
4507,5
4508,5
4509,5
4510,5
4511,5
4512,5
4513,5
4514,5
4515,5
4516,5
4517,5
4518,5
4519,5
4520,5
4521,5
4522,5
4523,5
4524,5
4525,5
4526,5
4527,5
4528,5
4529,5
4530,5
4531,5
4532,5
4533,5
4534,5
4535,5
4536,5
4537,5
4538,5
4539,5
4540,5
4541,5
4542,5
4543,5
4544,5
4545,5
4546,5
4547,5
4548,5
4549,5
4550,5
4551,5
4552,5
4553,5
4554,5
4555,5
4556,5
4557,5
4558,5
4559,5
4560,5
4561,5
4562,5
4563,5
4564,5
4565,5
4566,5
4567,5
4568,5
4569,5
4570,5
4571,5
4572,5
4573,5
4574,5
4575,5
4576,5
4577,5
4578,5
4579,5
4580,5
4581,5
4582,5
4583,5
4584,5
4585,5
4586,5
4587,5
4588,5
4589,5
4590,5
4591,5
4592,5
4593,5
4594,5
4595,5
4596,5
4597,5
4598,5
4599,5
4600,5
4601,5
4602,5
4603,5
4604,5
4605,5
4606,5
4607,5
4608,5
4609,5
4610,5
4611,5
4612,5
4613,5
4614,5
4615,5
4616,5
4617,5
4618,5
4619,5
4620,5
4621,5
4622,5
4623,5
4624,5
4625,5
4626,5
4627,5
4628,5
4629,5
4630,5
4631,5
4632,5
4633,5
4634,5
4635,5
4636,5
4637,5
4638,5
4639,5
4640,5
4641,5
4642,5
4643,5
4644,5
4645,5
4646,5
4647,5
4648,5
4649,5
4650,5
4651,5
4652,5
4653,5
4654,5
4655,5
4656,5
4657,5
4658,5
4659,5
4660,5
4661,5
4662,5
4663,5
4664,5
4665,5
4666,5
4667,5
4668,5
4669,5
4670,5
4671,5
4672,5
4673,5
4674,5
4675,5
4676,5
4677,5
4678,5
4679,5
4680,5
4681,5
4682,5
4683,5
4684,5
4685,5
4686,5
4687,5
4688,5
4689,5
4690,5
4691,5
4692,5
4693,5
4694,5
4695,5
4696,5
4697,5
4698,5
4699,5
4700,5
4701,5
4702,5
4703,5
4704,5
4705,5
4706,5
4707,5
4708,5
4709,5
4710,5
4711,5
4712,5
4713,5
4714,5
4715,5
4716,5
4717,5
4718,5
4719,5
4720,5
4721,5
4722,5
4723,5
4724,5
4725,5
4726,5
4727,5
4728,5
4729,5
4730,5
4731,5
4732,5
4733,5
4734,5
4735,5
4736,5
4737,5
4738,5
4739,5
4740,5
4741,5
4742,5
4743,5
4744,5
4745,5
4746,5
4747,5
4748,5
4749,5
4750,5
4751,5
4752,5
4753,5
4754,5
4755,5
4756,5
4757,5
4758,5
4759,5
4760,5
4761,5
4762,5
4763,5
4764,5
4765,5
4766,5
4767,5
4768,5
4769,5
4770,5
4771,5
4772,5
4773,5
4774,5
4775,5
4776,5
4777,5
4778,5
4779,5
4780,5
4781,5
4782,5
4783,5
4784,5
4785,5
4786,5
4787,5
4788,5
4789,5
4790,5
4791,5
4792,5
4793,5
4794,5
4795,5
4796,5
4797,5
4798,5
4799,5
4800,5
4801,5
4802,5
4803,5
4804,5
4805,5
4806,5
4807,5
4808,5
4809,5
4810,5
4811,5
4812,5
4813,5
4814,5
4815,5
4816,5
4817,5
4818,5
4819,5
4820,5
4821,5
4822,5
4823,5
4824,5
4825,5
4826,5
4827,5
4828,5
4829,5
4830,5
4831,5
4832,5
4833,5
4834,5
4835,5
4836,5
4837,5
4838,5
4839,5
4840,5
4841,5
4842,5
4843,5
4844,5
4845,5
4846,5
4847,5
4848,5
4849,5
4850,5
4851,5
4852,5
4853,5
4854,5
4855,5
4856,5
4857,5
4858,5
4859,5
4860,5
4861,5
4862,5
4863,5
4864,5
4865,5
4866,5
4867,5
4868,5
4869,5
4870,5
4871,5
4872,5
4873,5
4874,5
4875,5
4876,5
4877,5
4878,5
4879,5
4880,5
4881,5
4882,5
4883,5
4884,5
4885,5
4886,5
4887,5
4888,5
4889,5
4890,5
4891,5
4892,5
4893,5
4894,5
4895,5
4896,5
4897,5
4898,5
4899,5
4900,5
4901,5
4902,5
4903,5
4904,5
4905,5
4906,5
4907,5
4908,5
4909,5
4910,5
4911,5
4912,5
4913,5
4914,5
4915,5
4916,5
4917,5
4918,5
4919,5
4920,5
4921,5
4922,5
4923,5
4924,5
4925,5
4926,5
4927,5
4928,5
4929,5
4930,5
4931,5
4932,5
4933,5
4934,5
4935,5
4936,5
4937,5
4938,5
4939,5
4940,5
4941,5
4942,5
4943,5
4944,5
4945,5
4946,5
4947,5
4948,5
4949,5
4950,5
4951,5
4952,5
4953,5
4954,5
4955,5
4956,5
4957,5
4958,5
4959,5
4960,5
4961,5
4962,5
4963,5
4964,5
4965,5
4966,5
4967,5
4968,5
4969,5
4970,5
4971,5
4972,5
4973,5
4974,5
4975,5
4976,5
4977,5
4978,5
4979,5
4980,5
4981,5
4982,5
4983,5
4984,5
4985,5
4986,5
4987,5
4988,5
4989,5
4990,5
4991,5
4992,5
4993,5
4994,5
4995,5
4996,5
4997,5
4998,5
4999,5
5000,5
5001,5
5002,5
5003,5
5004,5
5005,5
5006,5
5007,5
5008,5
5009,5
5010,5
5011,5
5012,5
5013,5
5014,5
5015,5
5016,5
5017,5
5018,5
5019,5
5020,5
5021,5
5022,5
5023,5
5024,5
5025,5
5026,5
5027,5
5028,5
5029,5
5030,5
5031,5
5032,5
5033,5
5034,5
5035,5
5036,5
5037,5
5038,5
5039,5
5040,5
5041,5
5042,5
5043,5
5044,5
5045,5
5046,5
5047,5
5048,5
5049,5
5050,5
5051,5
5052,5
5053,5
5054,5
5055,5
5056,5
5057,5
5058,5
5059,5
5060,5
5061,5
5062,5
5063,5
5064,5
5065,5
5066,5
5067,5
5068,5
5069,5
5070,5
5071,5
5072,5
5073,5
5074,5
5075,5
5076,5
5077,5
5078,5
5079,5
5080,5
5081,5
5082,5
5083,5
5084,5
5085,5
5086,5
5087,5
5088,5
5089,5
5090,5
5091,5
5092,5
5093,5
5094,5
5095,5
5096,5
5097,5
5098,5
5099,5
5100,5
5101,5
5102,5
5103,5
5104,5
5105,5
5106,5
5107,5
5108,5
5109,5
5110,5
5111,5
5112,5
5113,5
5114,5
5115,5
5116,5
5117,5
5118,5
5119,5
5120,5
5121,5
5122,5
5123,5
5124,5
5125,5
5126,5
5127,5
5128,5
5129,5
5130,5
5131,5
5132,5
5133,5
5134,5
5135,5
5136,5
5137,5
5138,5
5139,5
5140,5
5141,5
5142,5
5143,5
5144,5
5145,5
5146,5
5147,5
5148,5
5149,5
5150,5
5151,5
5152,5
5153,5
5154,5
5155,5
5156,5
5157,5
5158,5
5159,5
5160,5
5161,5
5162,5
5163,5
5164,5
5165,5
5166,5
5167,5
5168,5
5169,5
5170,5
5171,5
5172,5
5173,5
5174,5
5175,5
5176,5
5177,5
5178,5
5179,5
5180,5
5181,5
5182,5
5183,5
5184,5
5185,5
5186,5
5187,5
5188,5
5189,5
5190,5
5191,5
5192,5
5193,5
5194,5
5195,5
5196,5
5197,5
5198,5
5199,5
5200,5
5201,5
5202,5
5203,5
5204,5
5205,5
5206,5
5207,5
5208,5
5209,5
5210,5
5211,5
5212,5
5213,5
5214,5
5215,5
5216,5
5217,5
5218,5
5219,5
5220,5
5221,5
5222,5
5223,5
5224,5
5225,5
5226,5
5227,5
5228,5
5229,5
5230,5
5231,5
5232,5
5233,5
5234,5
5235,5
5236,5
5237,5
5238,5
5239,5
5240,5
5241,5
5242,5
5243,5
5244,5
5245,5
5246,5
5247,5
5248,5
5249,5
5250,5
5251,5
5252,5
5253,5
5254,5
5255,5
5256,5
5257,5
5258,5
5259,5
5260,5
5261,5
5262,5
5263,5
5264,5
5265,5
5266,5
5267,5
5268,5
5269,5
5270,5
5271,5
5272,5
5273,5
5274,5
5275,5
5276,5
5277,5
5278,5
5279,5
5280,5
5281,5
5282,5
5283,5
5284,5
5285,5
5286,5
5287,5
5288,5
5289,5
5290,5
5291,5
5292,5
5293,5
5294,5
5295,5
5296,5
5297,5
5298,5
5299,5
5300,5
5301,5
5302,5
5303,5
5304,5
5305,5
5306,5
5307,5
5308,5
5309,5
5310,5
5311,5
5312,5
5313,5
5314,5
5315,5
5316,5
5317,5
5318,5
5319,5
5320,5
5321,5
5322,5
5323,5
5324,5
5325,5
5326,5
5327,5
5328,5
5329,5
5330,5
5331,5
5332,5
5333,5
5334,5
5335,5
5336,5
5337,5
5338,5
5339,5
5340,5
5341,5
5342,5
5343,5
5344,5
5345,5
5346,5
5347,5
5348,5
5349,5
5350,5
5351,5
5352,5
5353,5
5354,5
5355,5
5356,5
5357,5
5358,5
5359,5
5360,5
5361,5
5362,5
5363,5
5364,5
5365,5
5366,5
5367,5
5368,5
5369,5
5370,5
5371,5
5372,5
5373,5
5374,5
5375,5
5376,5
5377,5
5378,5
5379,5
5380,5
5381,5
5382,5
5383,5
5384,5
5385,5
5386,5
5387,5
5388,5
5389,5
5390,5
5391,5
5392,5
5393,5
5394,5
5395,5
5396,5
5397,5
5398,5
5399,5
5400,5
5401,5
5402,5
5403,5
5404,5
5405,5
5406,5
5407,5
5408,5
5409,5
5410,5
5411,5
5412,5
5413,5
5414,5
5415,5
5416,5
5417,5
5418,5
5419,5
5420,5
5421,5
5422,5
5423,5
5424,5
5425,5
5426,5
5427,5
5428,5
5429,5
5430,5
5431,5
5432,5
5433,5
5434,5
5435,5
5436,5
5437,5
5438,5
5439,5
5440,5
5441,5
5442,5
5443,5
5444,5
5445,5
5446,5
5447,5
5448,5
5449,5
5450,5
5451,5
5452,5
5453,5
5454,5
5455,5
5456,5
5457,5
5458,5
5459,5
5460,5
5461,5
5462,5
5463,5
5464,5
5465,5
5466,5
5467,5
5468,5
5469,5
5470,5
5471,5
5472,5
5473,5
5474,5
5475,5
5476,5
5477,5
5478,5
5479,5
5480,5
5481,5
5482,5
5483,5
5484,5
5485,5
5486,5
5487,5
5488,5
5489,5
5490,5
5491,5
5492,5
5493,5
5494,5
5495,5
5496,5
5497,5
5498,5
5499,5
5500,5
5501,5
5502,5
5503,5
5504,5
5505,5
5506,5
5507,5
5508,5
5509,5
5510,5
5511,5
5512,5
5513,5
5514,5
5515,5
5516,5
5517,5
5518,5
5519,5
5520,5
5521,5
5522,5
5523,5
5524,5
5525,5
5526,5
5527,5
5528,5
5529,5
5530,5
5531,5
5532,5
5533,5
5534,5
5535,5
5536,5
5537,5
5538,5
5539,5
5540,5
5541,5
5542,5
5543,5
5544,5
5545,5
5546,5
5547,5
5548,5
5549,5
5550,5
5551,5
5552,5
5553,5
5554,5
5555,5
5556,5
5557,5
5558,5
5559,5
5560,5
5561,5
5562,5
5563,5
5564,5
5565,5
5566,5
5567,5
5568,5
5569,5
5570,5
5571,5
5572,5
5573,5
5574,5
5575,5
5576,5
5577,5
5578,5
5579,5
5580,5
5581,5
5582,5
5583,5
5584,5
5585,5
5586,5
5587,5
5588,5
5589,5
5590,5
5591,5
5592,5
5593,5
5594,5
5595,5
5596,5
5597,5
5598,5
5599,5
5600,5
5601,5
5602,5
5603,5
5604,5
5605,5
5606,5
5607,5
5608,5
5609,5
5610,5
5611,5
5612,5
5613,5
5614,5
5615,5
5616,5
5617,5
5618,5
5619,5
5620,5
5621,5
5622,5
5623,5
5624,5
5625,5
5626,5
5627,5
5628,5
5629,5
5630,5
5631,5
5632,5
5633,5
5634,5
5635,5
5636,5
5637,5
5638,5
5639,5
5640,5
5641,5
5642,5
5643,5
5644,5
5645,5
5646,5
5647,5
5648,5
5649,5
5650,5
5651,5
5652,5
5653,5
5654,5
5655,5
5656,5
5657,5
5658,5
5659,5
5660,5
5661,5
5662,5
5663,5
5664,5
5665,5
5666,5
5667,5
5668,5
5669,5
5670,5
5671,5
5672,5
5673,5
5674,5
5675,5
5676,5
5677,5
5678,5
5679,5
5680,5
5681,5
5682,5
5683,5
5684,5
5685,5
5686,5
5687,5
5688,5
5689,5
5690,5
5691,5
5692,5
5693,5
5694,5
5695,5
5696,5
5697,5
5698,5
5699,5
5700,5
5701,5
5702,5
5703,5
5704,5
5705,5
5706,5
5707,5
5708,5
5709,5
5710,5
5711,5
5712,5
5713,5
5714,5
5715,5
5716,5
5717,5
5718,5
5719,5
5720,5
5721,5
5722,5
5723,5
5724,5
5725,5
5726,5
5727,5
5728,5
5729,5
5730,5
5731,5
5732,5
5733,5
5734,5
5735,5
5736,5
5737,5
5738,5
5739,5
5740,5
5741,5
5742,5
5743,5
5744,5
5745,5
5746,5
5747,5
5748,5
5749,5
5750,5
5751,5
5752,5
5753,5
5754,5
5755,5
5756,5
5757,5
5758,5
5759,5
5760,5
5761,5
5762,5
5763,5
5764,5
5765,5
5766,5
5767,5
5768,5
5769,5
5770,5
5771,5
5772,5
5773,5
5774,5
5775,5
5776,5
5777,5
5778,5
5779,5
5780,5
5781,5
5782,5
5783,5
5784,5
5785,5
5786,5
5787,5
5788,5
5789,5
5790,5
5791,5
5792,5
5793,5
5794,5
5795,5
5796,5
5797,5
5798,5
5799,5
5800,5
5801,5
5802,5
5803,5
5804,5
5805,5
5806,5
5807,5
5808,5
5809,5
5810,5
5811,5
5812,5
5813,5
5814,5
5815,5
5816,5
5817,5
5818,5
5819,5
5820,5
5821,5
5822,5
5823,5
5824,5
5825,5
5826,5
5827,5
5828,5
5829,5
5830,5
5831,5
5832,5
5833,5
5834,5
5835,5
5836,5
5837,5
5838,5
5839,5
5840,5
5841,5
5842,5
5843,5
5844,5
5845,5
5846,5
5847,5
5848,5
5849,5
5850,5
5851,5
5852,5
5853,5
5854,5
5855,5
5856,5
5857,5
5858,5
5859,5
5860,5
5861,5
5862,5
5863,5
5864,5
5865,5
5866,5
5867,5
5868,5
5869,5
5870,5
5871,5
5872,5
5873,5
5874,5
5875,5
5876,5
5877,5
5878,5
5879,5
5880,5
5881,5
5882,5
5883,5
5884,5
5885,5
5886,5
5887,5
5888,5
5889,5
5890,5
5891,5
5892,5
5893,5
5894,5
5895,5
5896,5
5897,5
5898,5
5899,5
5900,5
5901,5
5902,5
5903,5
5904,5
5905,5
5906,5
5907,5
5908,5
5909,5
5910,5
5911,5
5912,5
5913,5
5914,5
5915,5
5916,5
5917,5
5918,5
5919,5
5920,5
5921,5
5922,5
5923,5
5924,5
5925,5
5926,5
5927,5
5928,5
5929,5
5930,5
5931,5
5932,5
5933,5
5934,5
5935,5
5936,5
5937,5
5938,5
5939,5
5940,5
5941,5
5942,5
5943,5
5944,5
5945,5
5946,5
5947,5
5948,5
5949,5
5950,5
5951,5
5952,5
5953,5
5954,5
5955,5
5956,5
5957,5
5958,5
5959,5
5960,5
5961,5
5962,5
5963,5
5964,5
5965,5
5966,5
5967,5
5968,5
5969,5
5970,5
5971,5
5972,5
5973,5
5974,5
5975,5
5976,5
5977,5
5978,5
5979,5
5980,5
5981,5
5982,5
5983,5
5984,5
5985,5
5986,5
5987,5
5988,5
5989,5
5990,5
5991,5
5992,5
5993,5
5994,5
5995,5
5996,5
5997,5
5998,5
5999,5
6000,5
6001,5
6002,5
6003,5
6004,5
6005,5
6006,5
6007,5
6008,5
6009,5
6010,5
6011,5
6012,5
6013,5
6014,5
6015,5
6016,5
6017,5
6018,5
6019,5
6020,5
6021,5
6022,5
6023,5
6024,5
6025,5
6026,5
6027,5
6028,5
6029,5
6030,5
6031,5
6032,5
6033,5
6034,5
6035,5
6036,5
6037,5
6038,5
6039,5
6040,5
6041,5
6042,5
6043,5
6044,5
6045,5
6046,5
6047,5
6048,5
6049,5
6050,5
6051,5
6052,5
6053,5
6054,5
6055,5
6056,5
6057,5
6058,5
6059,5
6060,5
6061,5
6062,5
6063,5
6064,5
6065,5
6066,5
6067,5
6068,5
6069,5
6070,5
6071,5
6072,5
6073,5
6074,5
6075,5
6076,5
6077,5
6078,5
6079,5
6080,5
6081,5
6082,5
6083,5
6084,5
6085,5
6086,5
6087,5
6088,5
6089,5
6090,5
6091,5
6092,5
6093,5
6094,5
6095,5
6096,5
6097,5
6098,5
6099,5
6100,5
6101,5
6102,5
6103,5
6104,5
6105,5
6106,5
6107,5
6108,5
6109,5
6110,5
6111,5
6112,5
6113,5
6114,5
6115,5
6116,5
6117,5
6118,5
6119,5
6120,5
6121,5
6122,5
6123,5
6124,5
6125,5
6126,5
6127,5
6128,5
6129,5
6130,5
6131,5
6132,5
6133,5
6134,5
6135,5
6136,5
6137,5
6138,5
6139,5
6140,5
6141,5
6142,5
6143,5
6144,5
6145,5
6146,5
6147,5
6148,5
6149,5
6150,5
6151,5
6152,5
6153,5
6154,5
6155,5
6156,5
6157,5
6158,5
6159,5
6160,5
6161,5
6162,5
6163,5
6164,5
6165,5
6166,5
6167,5
6168,5
6169,5
6170,5
6171,5
6172,5
6173,5
6174,5
6175,5
6176,5
6177,5
6178,5
6179,5
6180,5
6181,5
6182,5
6183,5
6184,5
6185,5
6186,5
6187,5
6188,5
6189,5
6190,5
6191,5
6192,5
6193,5
6194,5
6195,5
6196,5
6197,5
6198,5
6199,5
6200,5
6201,5
6202,5
6203,5
6204,5
6205,5
6206,5
6207,5
6208,5
6209,5
6210,5
6211,5
6212,5
6213,5
6214,5
6215,5
6216,5
6217,5
6218,5
6219,5
6220,5
6221,5
6222,5
6223,5
6224,5
6225,5
6226,5
6227,5
6228,5
6229,5
6230,5
6231,5
6232,5
6233,5
6234,5
6235,5
6236,5
6237,5
6238,5
6239,5
6240,5
6241,5
6242,5
6243,5
6244,5
6245,5
6246,5
6247,5
6248,5
6249,5
6250,5
6251,5
6252,5
6253,5
6254,5
6255,5
6256,5
6257,5
6258,5
6259,5
6260,5
6261,5
6262,5
6263,5
6264,5
6265,5
6266,5
6267,5
6268,5
6269,5
6270,5
6271,5
6272,5
6273,5
6274,5
6275,5
6276,5
6277,5
6278,5
6279,5
6280,5
6281,5
6282,5
6283,5
6284,5
6285,5
6286,5
6287,5
6288,5
6289,5
6290,5
6291,5
6292,5
6293,5
6294,5
6295,5
6296,5
6297,5
6298,5
6299,5
6300,5
6301,5
6302,5
6303,5
6304,5
6305,5
6306,5
6307,5
6308,5
6309,5
6310,5
6311,5
6312,5
6313,5
6314,5
6315,5
6316,5
6317,5
6318,5
6319,5
6320,5
6321,5
6322,5
6323,5
6324,5
6325,5
6326,5
6327,5
6328,5
6329,5
6330,5
6331,5
6332,5
6333,5
6334,5
6335,5
6336,5
6337,5
6338,5
6339,5
6340,5
6341,5
6342,5
6343,5
6344,5
6345,5
6346,5
6347,5
6348,5
6349,5
6350,5
6351,5
6352,5
6353,5
6354,5
6355,5
6356,5
6357,5
6358,5
6359,5
6360,5
6361,5
6362,5
6363,5
6364,5
6365,5
6366,5
6367,5
6368,5
6369,5
6370,5
6371,5
6372,5
6373,5
6374,5
6375,5
6376,5
6377,5
6378,5
6379,5
6380,5
6381,5
6382,5
6383,5
6384,5
6385,5
6386,5
6387,5
6388,5
6389,5
6390,5
6391,5
6392,5
6393,5
6394,5
6395,5
6396,5
6397,5
6398,5
6399,5
6400,5
6401,5
6402,5
6403,5
6404,5
6405,5
6406,5
6407,5
6408,5
6409,5
6410,5
6411,5
6412,5
6413,5
6414,5
6415,5
6416,5
6417,5
6418,5
6419,5
6420,5
6421,5
6422,5
6423,5
6424,5
6425,5
6426,5
6427,5
6428,5
6429,5
6430,5
6431,5
6432,5
6433,5
6434,5
6435,5
6436,5
6437,5
6438,5
6439,5
6440,5
6441,5
6442,5
6443,5
6444,5
6445,5
6446,5
6447,5
6448,5
6449,5
6450,5
6451,5
6452,5
6453,5
6454,5
6455,5
6456,5
6457,5
6458,5
6459,5
6460,5
6461,5
6462,5
6463,5
6464,5
6465,5
6466,5
6467,5
6468,5
6469,5
6470,5
6471,5
6472,5
6473,5
6474,5
6475,5
6476,5
6477,5
6478,5
6479,5
6480,5
6481,5
6482,5
6483,5
6484,5
6485,5
6486,5
6487,5
6488,5
6489,5
6490,5
6491,5
6492,5
6493,5
6494,5
6495,5
6496,5
6497,5
6498,5
6499,5
6500,5
6501,5
6502,5
6503,5
6504,5
6505,5
6506,5
6507,5
6508,5
6509,5
6510,5
6511,5
6512,5
6513,5
6514,5
6515,5
6516,5
6517,5
6518,5
6519,5
6520,5
6521,5
6522,5
6523,5
6524,5
6525,5
6526,5
6527,5
6528,5
6529,5
6530,5
6531,5
6532,5
6533,5
6534,5
6535,5
6536,5
6537,5
6538,5
6539,5
6540,5
6541,5
6542,5
6543,5
6544,5
6545,5
6546,5
6547,5
6548,5
6549,5
6550,5
6551,5
6552,5
6553,5
6554,5
6555,5
6556,5
6557,5
6558,5
6559,5
6560,5
6561,5
6562,5
6563,5
6564,5
6565,5
6566,5
6567,5
6568,5
6569,5
6570,5
6571,5
6572,5
6573,5
6574,5
6575,5
6576,5
6577,5
6578,5
6579,5
6580,5
6581,5
6582,5
6583,5
6584,5
6585,5
6586,5
6587,5
6588,5
6589,5
6590,5
6591,5
6592,5
6593,5
6594,5
6595,5
6596,5
6597,5
6598,5
6599,5
6600,5
6601,5
6602,5
6603,5
6604,5
6605,5
6606,5
6607,5
6608,5
6609,5
6610,5
6611,5
6612,5
6613,5
6614,5
6615,5
6616,5
6617,5
6618,5
6619,5
6620,5
6621,5
6622,5
6623,5
6624,5
6625,5
6626,5
6627,5
6628,5
6629,5
6630,5
6631,5
6632,5
6633,5
6634,5
6635,5
6636,5
6637,5
6638,5
6639,5
6640,5
6641,5
6642,5
6643,5
6644,5
6645,5
6646,5
6647,5
6648,5
6649,5
6650,5
6651,5
6652,5
6653,5
6654,5
6655,5
6656,5
6657,5
6658,5
6659,5
6660,5
6661,5
6662,5
6663,5
6664,5
6665,5
6666,5
6667,5
6668,5
6669,5
6670,5
6671,5
6672,5
6673,5
6674,5
6675,5
6676,5
6677,5
6678,5
6679,5
6680,5
6681,5
6682,5
6683,5
6684,5
6685,5
6686,5
6687,5
6688,5
6689,5
6690,5
6691,5
6692,5
6693,5
6694,5
6695,5
6696,5
6697,5
6698,5
6699,5
6700,5
6701,5
6702,5
6703,5
6704,5
6705,5
6706,5
6707,5
6708,5
6709,5
6710,5
6711,5
6712,5
6713,5
6714,5
6715,5
6716,5
6717,5
6718,5
6719,5
6720,5
6721,5
6722,5
6723,5
6724,5
6725,5
6726,5
6727,5
6728,5
6729,5
6730,5
6731,5
6732,5
6733,5
6734,5
6735,5
6736,5
6737,5
6738,5
6739,5
6740,5
6741,5
6742,5
6743,5
6744,5
6745,5
6746,5
6747,5
6748,5
6749,5
6750,5
6751,5
6752,5
6753,5
6754,5
6755,5
6756,5
6757,5
6758,5
6759,5
6760,5
6761,5
6762,5
6763,5
6764,5
6765,5
6766,5
6767,5
6768,5
6769,5
6770,5
6771,5
6772,5
6773,5
6774,5
6775,5
6776,5
6777,5
6778,5
6779,5
6780,5
6781,5
6782,5
6783,5
6784,5
6785,5
6786,5
6787,5
6788,5
6789,5
6790,5
6791,5
6792,5
6793,5
6794,5
6795,5
6796,5
6797,5
6798,5
6799,5
6800,5
6801,5
6802,5
6803,5
6804,5
6805,5
6806,5
6807,5
6808,5
6809,5
6810,5
6811,5
6812,5
6813,5
6814,5
6815,5
6816,5
6817,5
6818,5
6819,5
6820,5
6821,5
6822,5
6823,5
6824,5
6825,5
6826,5
6827,5
6828,5
6829,5
6830,5
6831,5
6832,5
6833,5
6834,5
6835,5
6836,5
6837,5
6838,5
6839,5
6840,5
6841,5
6842,5
6843,5
6844,5
6845,5
6846,5
6847,5
6848,5
6849,5
6850,5
6851,5
6852,5
6853,5
6854,5
6855,5
6856,5
6857,5
6858,5
6859,5
6860,5
6861,5
6862,5
6863,5
6864,5
6865,5
6866,5
6867,5
6868,5
6869,5
6870,5
6871,5
6872,5
6873,5
6874,5
6875,5
6876,5
6877,5
6878,5
6879,5
6880,5
6881,5
6882,5
6883,5
6884,5
6885,5
6886,5
6887,5
6888,5
6889,5
6890,5
6891,5
6892,5
6893,5
6894,5
6895,5
6896,5
6897,5
6898,5
6899,5
6900,5
6901,5
6902,5
6903,5
6904,5
6905,5
6906,5
6907,5
6908,5
6909,5
6910,5
6911,5
6912,5
6913,5
6914,5
6915,5
6916,5
6917,5
6918,5
6919,5
6920,5
6921,5
6922,5
6923,5
6924,5
6925,5
6926,5
6927,5
6928,5
6929,5
6930,5
6931,5
6932,5
6933,5
6934,5
6935,5
6936,5
6937,5
6938,5
6939,5
6940,5
6941,5
6942,5
6943,5
6944,5
6945,5
6946,5
6947,5
6948,5
6949,5
6950,5
6951,5
6952,5
6953,5
6954,5
6955,5
6956,5
6957,5
6958,5
6959,5
6960,5
6961,5
6962,5
6963,5
6964,5
6965,5
6966,5
6967,5
6968,5
6969,5
6970,5
6971,5
6972,5
6973,5
6974,5
6975,5
6976,5
6977,5
6978,5
6979,5
6980,5
6981,5
6982,5
6983,5
6984,5
6985,5
6986,5
6987,5
6988,5
6989,5
6990,5
6991,5
6992,5
6993,5
6994,5
6995,5
6996,5
6997,5
6998,5
6999,5
7000,5
7001,5
7002,5
7003,5
7004,5
7005,5
7006,5
7007,5
7008,5
7009,5
7010,5
7011,5
7012,5
7013,5
7014,5
7015,5
7016,5
7017,5
7018,5
7019,5
7020,5
7021,5
7022,5
7023,5
7024,5
7025,5
7026,5
7027,5
7028,5
7029,5
7030,5
7031,5
7032,5
7033,5
7034,5
7035,5
7036,5
7037,5
7038,5
7039,5
7040,5
7041,5
7042,5
7043,5
7044,5
7045,5
7046,5
7047,5
7048,5
7049,5
7050,5
7051,5
7052,5
7053,5
7054,5
7055,5
7056,5
7057,5
7058,5
7059,5
7060,5
7061,5
7062,5
7063,5
7064,5
7065,5
7066,5
7067,5
7068,5
7069,5
7070,5
7071,5
7072,5
7073,5
7074,5
7075,5
7076,5
7077,5
7078,5
7079,5
7080,5
7081,5
7082,5
7083,5
7084,5
7085,5
7086,5
7087,5
7088,5
7089,5
7090,5
7091,5
7092,5
7093,5
7094,5
7095,5
7096,5
7097,5
7098,5
7099,5
7100,5
7101,5
7102,5
7103,5
7104,5
7105,5
7106,5
7107,5
7108,5
7109,5
7110,5
7111,5
7112,5
7113,5
7114,5
7115,5
7116,5
7117,5
7118,5
7119,5
7120,5
7121,5
7122,5
7123,5
7124,5
7125,5
7126,5
7127,5
7128,5
7129,5
7130,5
7131,5
7132,5
7133,5
7134,5
7135,5
7136,5
7137,5
7138,5
7139,5
7140,5
7141,5
7142,5
7143,5
7144,5
7145,5
7146,5
7147,5
7148,5
7149,5
7150,5
7151,5
7152,5
7153,5
7154,5
7155,5
7156,5
7157,5
7158,5
7159,5
7160,5
7161,5
7162,5
7163,5
7164,5
7165,5
7166,5
7167,5
7168,5
7169,5
7170,5
7171,5
7172,5
7173,5
7174,5
7175,5
7176,5
7177,5
7178,5
7179,5
7180,5
7181,5
7182,5
7183,5
7184,5
7185,5
7186,5
7187,5
7188,5
7189,5
7190,5
7191,5
7192,5
7193,5
7194,5
7195,5
7196,5
7197,5
7198,5
7199,5
7200,5
7201,5
7202,5
7203,5
7204,5
7205,5
7206,5
7207,5
7208,5
7209,5
7210,5
7211,5
7212,5
7213,5
7214,5
7215,5
7216,5
7217,5
7218,5
7219,5
7220,5
7221,5
7222,5
7223,5
7224,5
7225,5
7226,5
7227,5
7228,5
7229,5
7230,5
7231,5
7232,5
7233,5
7234,5
7235,5
7236,5
7237,5
7238,5
7239,5
7240,5
7241,5
7242,5
7243,5
7244,5
7245,5
7246,5
7247,5
7248,5
7249,5
7250,5
7251,5
7252,5
7253,5
7254,5
7255,5
7256,5
7257,5
7258,5
7259,5
7260,5
7261,5
7262,5
7263,5
7264,5
7265,5
7266,5
7267,5
7268,5
7269,5
7270,5
7271,5
7272,5
7273,5
7274,5
7275,5
7276,5
7277,5
7278,5
7279,5
7280,5
7281,5
7282,5
7283,5
7284,5
7285,5
7286,5
7287,5
7288,5
7289,5
7290,5
7291,5
7292,5
7293,5
7294,5
7295,5
7296,5
7297,5
7298,5
7299,5
7300,5
7301,5
7302,5
7303,5
7304,5
7305,5
7306,5
7307,5
7308,5
7309,5
7310,5
7311,5
7312,5
7313,5
7314,5
7315,5
7316,5
7317,5
7318,5
7319,5
7320,5
7321,5
7322,5
7323,5
7324,5
7325,5
7326,5
7327,5
7328,5
7329,5
7330,5
7331,5
7332,5
7333,5
7334,5
7335,5
7336,5
7337,5
7338,5
7339,5
7340,5
7341,5
7342,5
7343,5
7344,5
7345,5
7346,5
7347,5
7348,5
7349,5
7350,5
7351,5
7352,5
7353,5
7354,5
7355,5
7356,5
7357,5
7358,5
7359,5
7360,5
7361,5
7362,5
7363,5
7364,5
7365,5
7366,5
7367,5
7368,5
7369,5
7370,5
7371,5
7372,5
7373,5
7374,5
7375,5
7376,5
7377,5
7378,5
7379,5
7380,5
7381,5
7382,5
7383,5
7384,5
7385,5
7386,5
7387,5
7388,5
7389,5
7390,5
7391,5
7392,5
7393,5
7394,5
7395,5
7396,5
7397,5
7398,5
7399,5
7400,5
7401,5
7402,5
7403,5
7404,5
7405,5
7406,5
7407,5
7408,5
7409,5
7410,5
7411,5
7412,5
7413,5
7414,5
7415,5
7416,5
7417,5
7418,5
7419,5
7420,5
7421,5
7422,5
7423,5
7424,5
7425,5
7426,5
7427,5
7428,5
7429,5
7430,5
7431,5
7432,5
7433,5
7434,5
7435,5
7436,5
7437,5
7438,5
7439,5
7440,5
7441,5
7442,5
7443,5
7444,5
7445,5
7446,5
7447,5
7448,5
7449,5
7450,5
7451,5
7452,5
7453,5
7454,5
7455,5
7456,5
7457,5
7458,5
7459,5
7460,5
7461,5
7462,5
7463,5
7464,5
7465,5
7466,5
7467,5
7468,5
7469,5
7470,5
7471,5
7472,5
7473,5
7474,5
7475,5
7476,5
7477,5
7478,5
7479,5
7480,5
7481,5
7482,5
7483,5
7484,5
7485,5
7486,5
7487,5
7488,5
7489,5
7490,5
7491,5
7492,5
7493,5
7494,5
7495,5
7496,5
7497,5
7498,5
7499,5
7500,5
7501,5
7502,5
7503,5
7504,5
7505,5
7506,5
7507,5
7508,5
7509,5
7510,5
7511,5
7512,5
7513,5
7514,5
7515,5
7516,5
7517,5
7518,5
7519,5
7520,5
7521,5
7522,5
7523,5
7524,5
7525,5
7526,5
7527,5
7528,5
7529,5
7530,5
7531,5
7532,5
7533,5
7534,5
7535,5
7536,5
7537,5
7538,5
7539,5
7540,5
7541,5
7542,5
7543,5
7544,5
7545,5
7546,5
7547,5
7548,5
7549,5
7550,5
7551,5
7552,5
7553,5
7554,5
7555,5
7556,5
7557,5
7558,5
7559,5
7560,5
7561,5
7562,5
7563,5
7564,5
7565,5
7566,5
7567,5
7568,5
7569,5
7570,5
7571,5
7572,5
7573,5
7574,5
7575,5
7576,5
7577,5
7578,5
7579,5
7580,5
7581,5
7582,5
7583,5
7584,5
7585,5
7586,5
7587,5
7588,5
7589,5
7590,5
7591,5
7592,5
7593,5
7594,5
7595,5
7596,5
7597,5
7598,5
7599,5
7600,5
7601,5
7602,5
7603,5
7604,5
7605,5
7606,5
7607,5
7608,5
7609,5
7610,5
7611,5
7612,5
7613,5
7614,5
7615,5
7616,5
7617,5
7618,5
7619,5
7620,5
7621,5
7622,5
7623,5
7624,5
7625,5
7626,5
7627,5
7628,5
7629,5
7630,5
7631,5
7632,5
7633,5
7634,5
7635,5
7636,5
7637,5
7638,5
7639,5
7640,5
7641,5
7642,5
7643,5
7644,5
7645,5
7646,5
7647,5
7648,5
7649,5
7650,5
7651,5
7652,5
7653,5
7654,5
7655,5
7656,5
7657,5
7658,5
7659,5
7660,5
7661,5
7662,5
7663,5
7664,5
7665,5
7666,5
7667,5
7668,5
7669,5
7670,5
7671,5
7672,5
7673,5
7674,5
7675,5
7676,5
7677,5
7678,5
7679,5
7680,5
7681,5
7682,5
7683,5
7684,5
7685,5
7686,5
7687,5
7688,5
7689,5
7690,5
7691,5
7692,5
7693,5
7694,5
7695,5
7696,5
7697,5
7698,5
7699,5
7700,5
7701,5
7702,5
7703,5
7704,5
7705,5
7706,5
7707,5
7708,5
7709,5
7710,5
7711,5
7712,5
7713,5
7714,5
7715,5
7716,5
7717,5
7718,5
7719,5
7720,5
7721,5
7722,5
7723,5
7724,5
7725,5
7726,5
7727,5
7728,5
7729,5
7730,5
7731,5
7732,5
7733,5
7734,5
7735,5
7736,5
7737,5
7738,5
7739,5
7740,5
7741,5
7742,5
7743,5
7744,5
7745,5
7746,5
7747,5
7748,5
7749,5
7750,5
7751,5
7752,5
7753,5
7754,5
7755,5
7756,5
7757,5
7758,5
7759,5
7760,5
7761,5
7762,5
7763,5
7764,5
7765,5
7766,5
7767,5
7768,5
7769,5
7770,5
7771,5
7772,5
7773,5
7774,5
7775,5
7776,5
7777,5
7778,5
7779,5
7780,5
7781,5
7782,5
7783,5
7784,5
7785,5
7786,5
7787,5
7788,5
7789,5
7790,5
7791,5
7792,5
7793,5
7794,5
7795,5
7796,5
7797,5
7798,5
7799,5
7800,5
7801,5
7802,5
7803,5
7804,5
7805,5
7806,5
7807,5
7808,5
7809,5
7810,5
7811,5
7812,5
7813,5
7814,5
7815,5
7816,5
7817,5
7818,5
7819,5
7820,5
7821,5
7822,5
7823,5
7824,5
7825,5
7826,5
7827,5
7828,5
7829,5
7830,5
7831,5
7832,5
7833,5
7834,5
7835,5
7836,5
7837,5
7838,5
7839,5
7840,5
7841,5
7842,5
7843,5
7844,5
7845,5
7846,5
7847,5
7848,5
7849,5
7850,5
7851,5
7852,5
7853,5
7854,5
7855,5
7856,5
7857,5
7858,5
7859,5
7860,5
7861,5
7862,5
7863,5
7864,5
7865,5
7866,5
7867,5
7868,5
7869,5
7870,5
7871,5
7872,5
7873,5
7874,5
7875,5
7876,5
7877,5
7878,5
7879,5
7880,5
7881,5
7882,5
7883,5
7884,5
7885,5
7886,5
7887,5
7888,5
7889,5
7890,5
7891,5
7892,5
7893,5
7894,5
7895,5
7896,5
7897,5
7898,5
7899,5
7900,5
7901,5
7902,5
7903,5
7904,5
7905,5
7906,5
7907,5
7908,5
7909,5
7910,5
7911,5
7912,5
7913,5
7914,5
7915,5
7916,5
7917,5
7918,5
7919,5
7920,5
7921,5
7922,5
7923,5
7924,5
7925,5
7926,5
7927,5
7928,5
7929,5
7930,5
7931,5
7932,5
7933,5
7934,5
7935,5
7936,5
7937,5
7938,5
7939,5
7940,5
7941,5
7942,5
7943,5
7944,5
7945,5
7946,5
7947,5
7948,5
7949,5
7950,5
7951,5
7952,5
7953,5
7954,5
7955,5
7956,5
7957,5
7958,5
7959,5
7960,5
7961,5
7962,5
7963,5
7964,5
7965,5
7966,5
7967,5
7968,5
7969,5
7970,5
7971,5
7972,5
7973,5
7974,5
7975,5
7976,5
7977,5
7978,5
7979,5
7980,5
7981,5
7982,5
7983,5
7984,5
7985,5
7986,5
7987,5
7988,5
7989,5
7990,5
7991,5
7992,5
7993,5
7994,5
7995,5
7996,5
7997,5
7998,5
7999,5
8000,5
8001,5
8002,5
8003,5
8004,5
8005,5
8006,5
8007,5
8008,5
8009,5
8010,5
8011,5
8012,5
8013,5
8014,5
8015,5
8016,5
8017,5
8018,5
8019,5
8020,5
8021,5
8022,5
8023,5
8024,5
8025,5
8026,5
8027,5
8028,5
8029,5
8030,5
8031,5
8032,5
8033,5
8034,5
8035,5
8036,5
8037,5
8038,5
8039,5
8040,5
8041,5
8042,5
8043,5
8044,5
8045,5
8046,5
8047,5
8048,5
8049,5
8050,5
8051,5
8052,5
8053,5
8054,5
8055,5
8056,5
8057,5
8058,5
8059,5
8060,5
8061,5
8062,5
8063,5
8064,5
8065,5
8066,5
8067,5
8068,5
8069,5
8070,5
8071,5
8072,5
8073,5
8074,5
8075,5
8076,5
8077,5
8078,5
8079,5
8080,5
8081,5
8082,5
8083,5
8084,5
8085,5
8086,5
8087,5
8088,5
8089,5
8090,5
8091,5
8092,5
8093,5
8094,5
8095,5
8096,5
8097,5
8098,5
8099,5
8100,5
8101,5
8102,5
8103,5
8104,5
8105,5
8106,5
8107,5
8108,5
8109,5
8110,5
8111,5
8112,5
8113,5
8114,5
8115,5
8116,5
8117,5
8118,5
8119,5
8120,5
8121,5
8122,5
8123,5
8124,5
8125,5
8126,5
8127,5
8128,5
8129,5
8130,5
8131,5
8132,5
8133,5
8134,5
8135,5
8136,5
8137,5
8138,5
8139,5
8140,5
8141,5
8142,5
8143,5
8144,5
8145,5
8146,5
8147,5
8148,5
8149,5
8150,5
8151,5
8152,5
8153,5
8154,5
8155,5
8156,5
8157,5
8158,5
8159,5
8160,5
8161,5
8162,5
8163,5
8164,5
8165,5
8166,5
8167,5
8168,5
8169,5
8170,5
8171,5
8172,5
8173,5
8174,5
8175,5
8176,5
8177,5
8178,5
8179,5
8180,5
8181,5
8182,5
8183,5
8184,5
8185,5
8186,5
8187,5
8188,5
8189,5
8190,5
8191,5
8192,5
8193,5
8194,5
8195,5
8196,5
8197,5
8198,5
8199,5
8200,5
8201,5
8202,5
8203,5
8204,5
8205,5
8206,5
8207,5
8208,5
8209,5
8210,5
8211,5
8212,5
8213,5
8214,5
8215,5
8216,5
8217,5
8218,5
8219,5
8220,5
8221,5
8222,5
8223,5
8224,5
8225,5
8226,5
8227,5
8228,5
8229,5
8230,5
8231,5
8232,5
8233,5
8234,5
8235,5
8236,5
8237,5
8238,5
8239,5
8240,5
8241,5
8242,5
8243,5
8244,5
8245,5
8246,5
8247,5
8248,5
8249,5
8250,5
8251,5
8252,5
8253,5
8254,5
8255,5
8256,5
8257,5
8258,5
8259,5
8260,5
8261,5
8262,5
8263,5
8264,5
8265,5
8266,5
8267,5
8268,5
8269,5
8270,5
8271,5
8272,5
8273,5
8274,5
8275,5
8276,5
8277,5
8278,5
8279,5
8280,5
8281,5
8282,5
8283,5
8284,5
8285,5
8286,5
8287,5
8288,5
8289,5
8290,5
8291,5
8292,5
8293,5
8294,5
8295,5
8296,5
8297,5
8298,5
8299,5
8300,5
8301,5
8302,5
8303,5
8304,5
8305,5
8306,5
8307,5
8308,5
8309,5
8310,5
8311,5
8312,5
8313,5
8314,5
8315,5
8316,5
8317,5
8318,5
8319,5
8320,5
8321,5
8322,5
8323,5
8324,5
8325,5
8326,5
8327,5
8328,5
8329,5
8330,5
8331,5
8332,5
8333,5
8334,5
8335,5
8336,5
8337,5
8338,5
8339,5
8340,5
8341,5
8342,5
8343,5
8344,5
8345,5
8346,5
8347,5
8348,5
8349,5
8350,5
8351,5
8352,5
8353,5
8354,5
8355,5
8356,5
8357,5
8358,5
8359,5
8360,5
8361,5
8362,5
8363,5
8364,5
8365,5
8366,5
8367,5
8368,5
8369,5
8370,5
8371,5
8372,5
8373,5
8374,5
8375,5
8376,5
8377,5
8378,5
8379,5
8380,5
8381,5
8382,5
8383,5
8384,5
8385,5
8386,5
8387,5
8388,5
8389,5
8390,5
8391,5
8392,5
8393,5
8394,5
8395,5
8396,5
8397,5
8398,5
8399,5
8400,5
8401,5
8402,5
8403,5
8404,5
8405,5
8406,5
8407,5
8408,5
8409,5
8410,5
8411,5
8412,5
8413,5
8414,5
8415,5
8416,5
8417,5
8418,5
8419,5
8420,5
8421,5
8422,5
8423,5
8424,5
8425,5
8426,5
8427,5
8428,5
8429,5
8430,5
8431,5
8432,5
8433,5
8434,5
8435,5
8436,5
8437,5
8438,5
8439,5
8440,5
8441,5
8442,5
8443,5
8444,5
8445,5
8446,5
8447,5
8448,5
8449,5
8450,5
8451,5
8452,5
8453,5
8454,5
8455,5
8456,5
8457,5
8458,5
8459,5
8460,5
8461,5
8462,5
8463,5
8464,5
8465,5
8466,5
8467,5
8468,5
8469,5
8470,5
8471,5
8472,5
8473,5
8474,5
8475,5
8476,5
8477,5
8478,5
8479,5
8480,5
8481,5
8482,5
8483,5
8484,5
8485,5
8486,5
8487,5
8488,5
8489,5
8490,5
8491,5
8492,5
8493,5
8494,5
8495,5
8496,5
8497,5
8498,5
8499,5
8500,5
8501,5
8502,5
8503,5
8504,5
8505,5
8506,5
8507,5
8508,5
8509,5
8510,5
8511,5
8512,5
8513,5
8514,5
8515,5
8516,5
8517,5
8518,5
8519,5
8520,5
8521,5
8522,5
8523,5
8524,5
8525,5
8526,5
8527,5
8528,5
8529,5
8530,5
8531,5
8532,5
8533,5
8534,5
8535,5
8536,5
8537,5
8538,5
8539,5
8540,5
8541,5
8542,5
8543,5
8544,5
8545,5
8546,5
8547,5
8548,5
8549,5
8550,5
8551,5
8552,5
8553,5
8554,5
8555,5
8556,5
8557,5
8558,5
8559,5
8560,5
8561,5
8562,5
8563,5
8564,5
8565,5
8566,5
8567,5
8568,5
8569,5
8570,5
8571,5
8572,5
8573,5
8574,5
8575,5
8576,5
8577,5
8578,5
8579,5
8580,5
8581,5
8582,5
8583,5
8584,5
8585,5
8586,5
8587,5
8588,5
8589,5
8590,5
8591,5
8592,5
8593,5
8594,5
8595,5
8596,5
8597,5
8598,5
8599,5
8600,5
8601,5
8602,5
8603,5
8604,5
8605,5
8606,5
8607,5
8608,5
8609,5
8610,5
8611,5
8612,5
8613,5
8614,5
8615,5
8616,5
8617,5
8618,5
8619,5
8620,5
8621,5
8622,5
8623,5
8624,5
8625,5
8626,5
8627,5
8628,5
8629,5
8630,5
8631,5
8632,5
8633,5
8634,5
8635,5
8636,5
8637,5
8638,5
8639,5
8640,5
8641,5
8642,5
8643,5
8644,5
8645,5
8646,5
8647,5
8648,5
8649,5
8650,5
8651,5
8652,5
8653,5
8654,5
8655,5
8656,5
8657,5
8658,5
8659,5
8660,5
8661,5
8662,5
8663,5
8664,5
8665,5
8666,5
8667,5
8668,5
8669,5
8670,5
8671,5
8672,5
8673,5
8674,5
8675,5
8676,5
8677,5
8678,5
8679,5
8680,5
8681,5
8682,5
8683,5
8684,5
8685,5
8686,5
8687,5
8688,5
8689,5
8690,5
8691,5
8692,5
8693,5
8694,5
8695,5
8696,5
8697,5
8698,5
8699,5
8700,5
8701,5
8702,5
8703,5
8704,5
8705,5
8706,5
8707,5
8708,5
8709,5
8710,5
8711,5
8712,5
8713,5
8714,5
8715,5
8716,5
8717,5
8718,5
8719,5
8720,5
8721,5
8722,5
8723,5
8724,5
8725,5
8726,5
8727,5
8728,5
8729,5
8730,5
8731,5
8732,5
8733,5
8734,5
8735,5
8736,5
8737,5
8738,5
8739,5
8740,5
8741,5
8742,5
8743,5
8744,5
8745,5
8746,5
8747,5
8748,5
8749,5
8750,5
8751,5
8752,5
8753,5
8754,5
8755,5
8756,5
8757,5
8758,5
8759,5
8760,5
8761,5
8762,5
8763,5
8764,5
8765,5
8766,5
8767,5
8768,5
8769,5
8770,5
8771,5
8772,5
8773,5
8774,5
8775,5
8776,5
8777,5
8778,5
8779,5
8780,5
8781,5
8782,5
8783,5
8784,5
8785,5
8786,5
8787,5
8788,5
8789,5
8790,5
8791,5
8792,5
8793,5
8794,5
8795,5
8796,5
8797,5
8798,5
8799,5
8800,5
8801,5
8802,5
8803,5
8804,5
8805,5
8806,5
8807,5
8808,5
8809,5
8810,5
8811,5
8812,5
8813,5
8814,5
8815,5
8816,5
8817,5
8818,5
8819,5
8820,5
8821,5
8822,5
8823,5
8824,5
8825,5
8826,5
8827,5
8828,5
8829,5
8830,5
8831,5
8832,5
8833,5
8834,5
8835,5
8836,5
8837,5
8838,5
8839,5
8840,5
8841,5
8842,5
8843,5
8844,5
8845,5
8846,5
8847,5
8848,5
8849,5
8850,5
8851,5
8852,5
8853,5
8854,5
8855,5
8856,5
8857,5
8858,5
8859,5
8860,5
8861,5
8862,5
8863,5
8864,5
8865,5
8866,5
8867,5
8868,5
8869,5
8870,5
8871,5
8872,5
8873,5
8874,5
8875,5
8876,5
8877,5
8878,5
8879,5
8880,5
8881,5
8882,5
8883,5
8884,5
8885,5
8886,5
8887,5
8888,5
8889,5
8890,5
8891,5
8892,5
8893,5
8894,5
8895,5
8896,5
8897,5
8898,5
8899,5
8900,5
8901,5
8902,5
8903,5
8904,5
8905,5
8906,5
8907,5
8908,5
8909,5
8910,5
8911,5
8912,5
8913,5
8914,5
8915,5
8916,5
8917,5
8918,5
8919,5
8920,5
8921,5
8922,5
8923,5
8924,5
8925,5
8926,5
8927,5
8928,5
8929,5
8930,5
8931,5
8932,5
8933,5
8934,5
8935,5
8936,5
8937,5
8938,5
8939,5
8940,5
8941,5
8942,5
8943,5
8944,5
8945,5
8946,5
8947,5
8948,5
8949,5
8950,5
8951,5
8952,5
8953,5
8954,5
8955,5
8956,5
8957,5
8958,5
8959,5
8960,5
8961,5
8962,5
8963,5
8964,5
8965,5
8966,5
8967,5
8968,5
8969,5
8970,5
8971,5
8972,5
8973,5
8974,5
8975,5
8976,5
8977,5
8978,5
8979,5
8980,5
8981,5
8982,5
8983,5
8984,5
8985,5
8986,5
8987,5
8988,5
8989,5
8990,5
8991,5
8992,5
8993,5
8994,5
8995,5
8996,5
8997,5
8998,5
8999,5
9000,5
9001,5
9002,5
9003,5
9004,5
9005,5
9006,5
9007,5
9008,5
9009,5
9010,5
9011,5
9012,5
9013,5
9014,5
9015,5
9016,5
9017,5
9018,5
9019,5
9020,5
9021,5
9022,5
9023,5
9024,5
9025,5
9026,5
9027,5
9028,5
9029,5
9030,5
9031,5
9032,5
9033,5
9034,5
9035,5
9036,5
9037,5
9038,5
9039,5
9040,5
9041,5
9042,5
9043,5
9044,5
9045,5
9046,5
9047,5
9048,5
9049,5
9050,5
9051,5
9052,5
9053,5
9054,5
9055,5
9056,5
9057,5
9058,5
9059,5
9060,5
9061,5
9062,5
9063,5
9064,5
9065,5
9066,5
9067,5
9068,5
9069,5
9070,5
9071,5
9072,5
9073,5
9074,5
9075,5
9076,5
9077,5
9078,5
9079,5
9080,5
9081,5
9082,5
9083,5
9084,5
9085,5
9086,5
9087,5
9088,5
9089,5
9090,5
9091,5
9092,5
9093,5
9094,5
9095,5
9096,5
9097,5
9098,5
9099,5
9100,5
9101,5
9102,5
9103,5
9104,5
9105,5
9106,5
9107,5
9108,5
9109,5
9110,5
9111,5
9112,5
9113,5
9114,5
9115,5
9116,5
9117,5
9118,5
9119,5
9120,5
9121,5
9122,5
9123,5
9124,5
9125,5
9126,5
9127,5
9128,5
9129,5
9130,5
9131,5
9132,5
9133,5
9134,5
9135,5
9136,5
9137,5
9138,5
9139,5
9140,5
9141,5
9142,5
9143,5
9144,5
9145,5
9146,5
9147,5
9148,5
9149,5
9150,5
9151,5
9152,5
9153,5
9154,5
9155,5
9156,5
9157,5
9158,5
9159,5
9160,5
9161,5
9162,5
9163,5
9164,5
9165,5
9166,5
9167,5
9168,5
9169,5
9170,5
9171,5
9172,5
9173,5
9174,5
9175,5
9176,5
9177,5
9178,5
9179,5
9180,5
9181,5
9182,5
9183,5
9184,5
9185,5
9186,5
9187,5
9188,5
9189,5
9190,5
9191,5
9192,5
9193,5
9194,5
9195,5
9196,5
9197,5
9198,5
9199,5
9200,5
9201,5
9202,5
9203,5
9204,5
9205,5
9206,5
9207,5
9208,5
9209,5
9210,5
9211,5
9212,5
9213,5
9214,5
9215,5
9216,5
9217,5
9218,5
9219,5
9220,5
9221,5
9222,5
9223,5
9224,5
9225,5
9226,5
9227,5
9228,5
9229,5
9230,5
9231,5
9232,5
9233,5
9234,5
9235,5
9236,5
9237,5
9238,5
9239,5
9240,5
9241,5
9242,5
9243,5
9244,5
9245,5
9246,5
9247,5
9248,5
9249,5
9250,5
9251,5
9252,5
9253,5
9254,5
9255,5
9256,5
9257,5
9258,5
9259,5
9260,5
9261,5
9262,5
9263,5
9264,5
9265,5
9266,5
9267,5
9268,5
9269,5
9270,5
9271,5
9272,5
9273,5
9274,5
9275,5
9276,5
9277,5
9278,5
9279,5
9280,5
9281,5
9282,5
9283,5
9284,5
9285,5
9286,5
9287,5
9288,5
9289,5
9290,5
9291,5
9292,5
9293,5
9294,5
9295,5
9296,5
9297,5
9298,5
9299,5
9300,5
9301,5
9302,5
9303,5
9304,5
9305,5
9306,5
9307,5
9308,5
9309,5
9310,5
9311,5
9312,5
9313,5
9314,5
9315,5
9316,5
9317,5
9318,5
9319,5
9320,5
9321,5
9322,5
9323,5
9324,5
9325,5
9326,5
9327,5
9328,5
9329,5
9330,5
9331,5
9332,5
9333,5
9334,5
9335,5
9336,5
9337,5
9338,4
9339,4
9340,4
9341,4
9342,4
9343,4
9344,4
9345,4
9346,4
9347,4
9348,4
9349,4
9350,4
9351,4
9352,4
9353,4
9354,4
9355,4
9356,4
9357,4
9358,4
9359,4
9360,4
9361,4
9362,4
9363,4
9364,4
9365,4
9366,4
9367,4
9368,4
9369,4
9370,4
9371,4
9372,4
9373,4
9374,4
9375,4
9376,4
9377,4
9378,4
9379,4
9380,4
9381,4
9382,4
9383,4
9384,4
9385,4
9386,4
9387,4
9388,4
9389,4
9390,4
9391,4
9392,4
9393,4
9394,4
9395,4
9396,4
9397,4
9398,4
9399,4
9400,4
9401,4
9402,4
9403,4
9404,4
9405,4
9406,4
9407,4
9408,4
9409,4
9410,4
9411,4
9412,4
9413,4
9414,4
9415,4
9416,4
9417,4
9418,4
9419,4
9420,4
9421,4
9422,4
9423,4
9424,4
9425,4
9426,4
9427,4
9428,4
9429,4
9430,4
9431,4
9432,4
9433,4
9434,4
9435,4
9436,4
9437,4
9438,4
9439,4
9440,4
9441,4
9442,4
9443,4
9444,4
9445,4
9446,4
9447,4
9448,4
9449,4
9450,4
9451,4
9452,4
9453,4
9454,4
9455,4
9456,4
9457,4
9458,4
9459,4
9460,4
9461,4
9462,4
9463,4
9464,4
9465,4
9466,4
9467,4
9468,4
9469,4
9470,4
9471,4
9472,4
9473,4
9474,4
9475,4
9476,4
9477,4
9478,4
9479,4
9480,4
9481,4
9482,4
9483,4
9484,4
9485,4
9486,4
9487,4
9488,4
9489,4
9490,4
9491,4
9492,4
9493,4
9494,4
9495,4
9496,4
9497,4
9498,4
9499,4
9500,4
9501,4
9502,4
9503,4
9504,4
9505,4
9506,4
9507,4
9508,4
9509,4
9510,4
9511,4
9512,4
9513,4
9514,4
9515,4
9516,4
9517,4
9518,4
9519,4
9520,4
9521,4
9522,4
9523,4
9524,4
9525,4
9526,4
9527,4
9528,4
9529,4
9530,4
9531,4
9532,4
9533,4
9534,4
9535,4
9536,4
9537,4
9538,4
9539,4
9540,4
9541,4
9542,4
9543,4
9544,4
9545,4
9546,4
9547,4
9548,4
9549,4
9550,4
9551,4
9552,4
9553,4
9554,4
9555,4
9556,4
9557,4
9558,4
9559,4
9560,4
9561,4
9562,4
9563,4
9564,4
9565,4
9566,4
9567,4
9568,4
9569,4
9570,4
9571,4
9572,4
9573,4
9574,4
9575,4
9576,4
9577,4
9578,4
9579,4
9580,4
9581,4
9582,4
9583,4
9584,4
9585,4
9586,4
9587,4
9588,4
9589,4
9590,4
9591,4
9592,4
9593,4
9594,4
9595,4
9596,4
9597,4
9598,4
9599,4
9600,4
9601,4
9602,4
9603,4
9604,4
9605,4
9606,4
9607,4
9608,4
9609,4
9610,4
9611,4
9612,4
9613,4
9614,4
9615,4
9616,4
9617,4
9618,4
9619,4
9620,4
9621,4
9622,4
9623,4
9624,4
9625,4
9626,4
9627,4
9628,4
9629,4
9630,4
9631,4
9632,4
9633,4
9634,4
9635,4
9636,4
9637,4
9638,4
9639,4
9640,4
9641,4
9642,4
9643,4
9644,4
9645,4
9646,4
9647,4
9648,4
9649,4
9650,4
9651,4
9652,4
9653,4
9654,4
9655,4
9656,4
9657,4
9658,4
9659,4
9660,4
9661,4
9662,4
9663,4
9664,4
9665,4
9666,4
9667,4
9668,4
9669,4
9670,4
9671,4
9672,4
9673,4
9674,4
9675,4
9676,4
9677,4
9678,4
9679,4
9680,4
9681,4
9682,4
9683,4
9684,4
9685,4
9686,4
9687,4
9688,4
9689,4
9690,4
9691,4
9692,4
9693,4
9694,4
9695,4
9696,4
9697,4
9698,4
9699,4
9700,4
9701,4
9702,4
9703,4
9704,4
9705,4
9706,4
9707,4
9708,4
9709,4
9710,4
9711,4
9712,4
9713,4
9714,4
9715,4
9716,4
9717,4
9718,4
9719,4
9720,4
9721,4
9722,4
9723,4
9724,4
9725,4
9726,4
9727,4
9728,4
9729,4
9730,4
9731,4
9732,4
9733,4
9734,4
9735,4
9736,4
9737,4
9738,4
9739,4
9740,4
9741,4
9742,4
9743,4
9744,4
9745,4
9746,4
9747,4
9748,4
9749,4
9750,4
9751,4
9752,4
9753,4
9754,4
9755,4
9756,4
9757,4
9758,4
9759,4
9760,4
9761,4
9762,4
9763,4
9764,4
9765,4
9766,4
9767,4
9768,4
9769,4
9770,4
9771,4
9772,4
9773,4
9774,4
9775,4
9776,4
9777,4
9778,4
9779,4
9780,4
9781,4
9782,4
9783,4
9784,4
9785,4
9786,4
9787,4
9788,4
9789,4
9790,4
9791,4
9792,4
9793,4
9794,4
9795,4
9796,4
9797,4
9798,4
9799,4
9800,4
9801,4
9802,4
9803,4
9804,4
9805,4
9806,4
9807,4
9808,4
9809,4
9810,4
9811,4
9812,4
9813,4
9814,4
9815,4
9816,4
9817,4
9818,4
9819,4
9820,4
9821,4
9822,4
9823,4
9824,4
9825,4
9826,4
9827,4
9828,4
9829,4
9830,4
9831,4
9832,4
9833,4
9834,4
9835,4
9836,4
9837,4
9838,4
9839,4
9840,4
9841,4
9842,4
9843,4
9844,4
9845,4
9846,4
9847,4
9848,4
9849,4
9850,4
9851,4
9852,4
9853,4
9854,4
9855,4
9856,4
9857,4
9858,4
9859,4
9860,4
9861,4
9862,4
9863,4
9864,4
9865,4
9866,4
9867,4
9868,4
9869,4
9870,4
9871,4
9872,4
9873,4
9874,4
9875,4
9876,4
9877,4
9878,4
9879,4
9880,4
9881,4
9882,4
9883,4
9884,4
9885,4
9886,4
9887,4
9888,4
9889,4
9890,4
9891,4
9892,4
9893,4
9894,4
9895,4
9896,4
9897,4
9898,4
9899,4
9900,4
9901,4
9902,4
9903,4
9904,4
9905,4
9906,4
9907,4
9908,4
9909,4
9910,4
9911,4
9912,4
9913,4
9914,4
9915,4
9916,4
9917,4
9918,4
9919,4
9920,4
9921,4
9922,4
9923,4
9924,4
9925,4
9926,4
9927,4
9928,4
9929,4
9930,4
9931,4
9932,4
9933,4
9934,4
9935,4
9936,4
9937,4
9938,4
9939,4
9940,4
9941,4
9942,4
9943,4
9944,4
9945,4
9946,4
9947,4
9948,4
9949,4
9950,4
9951,4
9952,4
9953,4
9954,4
9955,4
9956,4
9957,4
9958,4
9959,4
9960,4
9961,4
9962,4
9963,4
9964,4
9965,4
9966,4
9967,4
9968,4
9969,4
9970,4
9971,4
9972,4
9973,4
9974,4
9975,4
9976,4
9977,4
9978,4
9979,4
9980,4
9981,4
9982,4
9983,4
9984,4
9985,4
9986,4
9987,4
9988,4
9989,4
9990,4
9991,4
9992,4
9993,4
9994,4
9995,4
9996,4
9997,4
9998,4
9999,4
10000,4
10001,4
10002,4
10003,4
10004,4
10005,4
10006,4
10007,4
10008,4
10009,4
10010,4
10011,4
10012,4
10013,4
10014,4
10015,4
10016,4
10017,4
10018,4
10019,4
10020,4
10021,4
10022,4
10023,4
10024,4
10025,4
10026,4
10027,4
10028,4
10029,4
10030,4
10031,4
10032,4
10033,4
10034,4
10035,4
10036,4
10037,4
10038,4
10039,4
10040,4
10041,4
10042,4
10043,4
10044,4
10045,4
10046,4
10047,4
10048,4
10049,4
10050,4
10051,4
10052,4
10053,4
10054,4
10055,4
10056,4
10057,4
10058,4
10059,4
10060,4
10061,4
10062,4
10063,4
10064,4
10065,4
10066,4
10067,4
10068,4
10069,4
10070,4
10071,4
10072,4
10073,4
10074,4
10075,4
10076,4
10077,4
10078,4
10079,4
10080,4
10081,4
10082,4
10083,4
10084,4
10085,4
10086,4
10087,4
10088,4
10089,4
10090,4
10091,4
10092,4
10093,4
10094,4
10095,4
10096,4
10097,4
10098,4
10099,4
10100,4
10101,4
10102,4
10103,4
10104,4
10105,4
10106,4
10107,4
10108,4
10109,4
10110,4
10111,4
10112,4
10113,4
10114,4
10115,4
10116,4
10117,4
10118,4
10119,4
10120,4
10121,4
10122,4
10123,4
10124,4
10125,4
10126,4
10127,4
10128,4
10129,4
10130,4
10131,4
10132,4
10133,4
10134,4
10135,4
10136,4
10137,4
10138,4
10139,4
10140,4
10141,4
10142,4
10143,4
10144,4
10145,4
10146,4
10147,4
10148,4
10149,4
10150,4
10151,4
10152,4
10153,4
10154,4
10155,4
10156,4
10157,4
10158,4
10159,4
10160,4
10161,4
10162,4
10163,4
10164,4
10165,4
10166,4
10167,4
10168,4
10169,4
10170,4
10171,4
10172,4
10173,4
10174,4
10175,4
10176,4
10177,4
10178,4
10179,4
10180,4
10181,4
10182,4
10183,4
10184,4
10185,4
10186,4
10187,4
10188,4
10189,4
10190,4
10191,4
10192,4
10193,4
10194,4
10195,4
10196,4
10197,4
10198,4
10199,4
10200,4
10201,4
10202,4
10203,4
10204,4
10205,4
10206,4
10207,4
10208,4
10209,4
10210,4
10211,4
10212,4
10213,4
10214,4
10215,4
10216,4
10217,4
10218,4
10219,4
10220,4
10221,4
10222,4
10223,4
10224,4
10225,4
10226,4
10227,4
10228,4
10229,4
10230,4
10231,4
10232,4
10233,4
10234,4
10235,4
10236,4
10237,4
10238,4
10239,4
10240,4
10241,4
10242,4
10243,4
10244,4
10245,4
10246,4
10247,4
10248,4
10249,4
10250,4
10251,4
10252,4
10253,4
10254,4
10255,4
10256,4
10257,4
10258,4
10259,4
10260,4
10261,4
10262,4
10263,4
10264,4
10265,4
10266,4
10267,4
10268,4
10269,4
10270,4
10271,4
10272,4
10273,4
10274,4
10275,4
10276,4
10277,4
10278,4
10279,4
10280,4
10281,4
10282,4
10283,4
10284,4
10285,4
10286,4
10287,4
10288,4
10289,4
10290,4
10291,4
10292,4
10293,4
10294,4
10295,4
10296,4
10297,4
10298,4
10299,4
10300,4
10301,4
10302,4
10303,4
10304,4
10305,4
10306,4
10307,4
10308,4
10309,4
10310,4
10311,4
10312,4
10313,4
10314,4
10315,4
10316,4
10317,4
10318,4
10319,4
10320,4
10321,4
10322,4
10323,4
10324,4
10325,4
10326,4
10327,4
10328,4
10329,4
10330,4
10331,4
10332,4
10333,4
10334,4
10335,4
10336,4
10337,4
10338,4
10339,4
10340,4
10341,4
10342,4
10343,4
10344,4
10345,4
10346,4
10347,4
10348,4
10349,4
10350,4
10351,4
10352,4
10353,4
10354,4
10355,4
10356,4
10357,4
10358,4
10359,4
10360,4
10361,4
10362,4
10363,4
10364,4
10365,4
10366,4
10367,4
10368,4
10369,4
10370,4
10371,4
10372,4
10373,4
10374,4
10375,4
10376,4
10377,4
10378,4
10379,4
10380,4
10381,4
10382,4
10383,4
10384,4
10385,4
10386,4
10387,4
10388,4
10389,4
10390,4
10391,4
10392,4
10393,4
10394,4
10395,4
10396,4
10397,4
10398,4
10399,4
10400,4
10401,4
10402,4
10403,4
10404,4
10405,4
10406,4
10407,4
10408,4
10409,4
10410,4
10411,4
10412,4
10413,4
10414,4
10415,4
10416,4
10417,4
10418,4
10419,4
10420,4
10421,4
10422,4
10423,4
10424,4
10425,4
10426,4
10427,4
10428,4
10429,4
10430,4
10431,4
10432,4
10433,4
10434,4
10435,4
10436,4
10437,4
10438,4
10439,4
10440,4
10441,4
10442,4
10443,4
10444,4
10445,4
10446,4
10447,4
10448,4
10449,4
10450,4
10451,4
10452,4
10453,4
10454,4
10455,4
10456,4
10457,4
10458,4
10459,4
10460,4
10461,4
10462,4
10463,4
10464,4
10465,4
10466,4
10467,4
10468,4
10469,4
10470,4
10471,4
10472,4
10473,4
10474,4
10475,4
10476,4
10477,4
10478,4
10479,4
10480,4
10481,4
10482,4
10483,4
10484,4
10485,4
10486,4
10487,4
10488,4
10489,4
10490,4
10491,4
10492,4
10493,4
10494,4
10495,4
10496,4
10497,4
10498,4
10499,4
10500,4
10501,4
10502,4
10503,4
10504,4
10505,4
10506,4
10507,4
10508,4
10509,4
10510,4
10511,4
10512,4
10513,4
10514,4
10515,4
10516,4
10517,4
10518,4
10519,4
10520,4
10521,4
10522,4
10523,4
10524,4
10525,4
10526,4
10527,4
10528,4
10529,4
10530,4
10531,4
10532,4
10533,4
10534,4
10535,4
10536,4
10537,4
10538,4
10539,4
10540,4
10541,4
10542,4
10543,4
10544,4
10545,4
10546,4
10547,4
10548,4
10549,4
10550,4
10551,4
10552,4
10553,4
10554,4
10555,4
10556,4
10557,4
10558,4
10559,4
10560,4
10561,4
10562,4
10563,4
10564,4
10565,4
10566,4
10567,4
10568,4
10569,4
10570,4
10571,4
10572,4
10573,4
10574,4
10575,4
10576,4
10577,4
10578,4
10579,4
10580,4
10581,4
10582,4
10583,4
10584,4
10585,4
10586,4
10587,4
10588,4
10589,4
10590,4
10591,4
10592,4
10593,4
10594,4
10595,4
10596,4
10597,4
10598,4
10599,4
10600,4
10601,4
10602,4
10603,4
10604,4
10605,4
10606,4
10607,4
10608,4
10609,4
10610,4
10611,4
10612,4
10613,4
10614,4
10615,4
10616,4
10617,4
10618,4
10619,4
10620,4
10621,4
10622,4
10623,4
10624,4
10625,4
10626,4
10627,4
10628,4
10629,4
10630,4
10631,4
10632,4
10633,4
10634,4
10635,4
10636,4
10637,4
10638,4
10639,4
10640,4
10641,4
10642,4
10643,4
10644,4
10645,4
10646,4
10647,4
10648,4
10649,4
10650,4
10651,4
10652,4
10653,4
10654,4
10655,4
10656,4
10657,4
10658,4
10659,4
10660,4
10661,4
10662,4
10663,4
10664,4
10665,4
10666,4
10667,4
10668,4
10669,4
10670,4
10671,4
10672,4
10673,4
10674,4
10675,4
10676,4
10677,4
10678,4
10679,4
10680,4
10681,4
10682,4
10683,4
10684,4
10685,4
10686,4
10687,4
10688,4
10689,4
10690,4
10691,4
10692,4
10693,4
10694,4
10695,4
10696,4
10697,4
10698,4
10699,4
10700,4
10701,4
10702,4
10703,4
10704,4
10705,4
10706,4
10707,4
10708,4
10709,4
10710,4
10711,4
10712,4
10713,4
10714,4
10715,4
10716,4
10717,4
10718,4
10719,4
10720,4
10721,4
10722,4
10723,4
10724,4
10725,4
10726,4
10727,4
10728,4
10729,4
10730,4
10731,4
10732,4
10733,4
10734,4
10735,4
10736,4
10737,4
10738,4
10739,4
10740,4
10741,4
10742,4
10743,4
10744,4
10745,4
10746,4
10747,4
10748,4
10749,4
10750,4
10751,4
10752,4
10753,4
10754,4
10755,4
10756,4
10757,4
10758,4
10759,4
10760,4
10761,4
10762,4
10763,4
10764,4
10765,4
10766,4
10767,4
10768,4
10769,4
10770,4
10771,4
10772,4
10773,4
10774,4
10775,4
10776,4
10777,4
10778,4
10779,4
10780,4
10781,4
10782,4
10783,4
10784,4
10785,4
10786,4
10787,4
10788,4
10789,4
10790,4
10791,4
10792,4
10793,4
10794,4
10795,4
10796,4
10797,4
10798,4
10799,4
10800,4
10801,4
10802,4
10803,4
10804,4
10805,4
10806,4
10807,4
10808,4
10809,4
10810,4
10811,4
10812,4
10813,4
10814,4
10815,4
10816,4
10817,4
10818,4
10819,4
10820,4
10821,4
10822,4
10823,4
10824,4
10825,4
10826,4
10827,4
10828,4
10829,4
10830,4
10831,4
10832,4
10833,4
10834,4
10835,4
10836,4
10837,4
10838,4
10839,4
10840,4
10841,4
10842,4
10843,4
10844,4
10845,4
10846,4
10847,4
10848,4
10849,4
10850,4
10851,4
10852,4
10853,4
10854,4
10855,4
10856,4
10857,4
10858,4
10859,4
10860,4
10861,4
10862,4
10863,4
10864,4
10865,4
10866,4
10867,4
10868,4
10869,4
10870,4
10871,4
10872,4
10873,4
10874,4
10875,4
10876,4
10877,4
10878,4
10879,4
10880,4
10881,4
10882,4
10883,4
10884,4
10885,4
10886,4
10887,4
10888,4
10889,4
10890,4
10891,4
10892,4
10893,4
10894,4
10895,4
10896,4
10897,4
10898,4
10899,4
10900,4
10901,4
10902,4
10903,4
10904,4
10905,4
10906,4
10907,4
10908,4
10909,4
10910,4
10911,4
10912,4
10913,4
10914,4
10915,4
10916,4
10917,4
10918,4
10919,4
10920,4
10921,4
10922,4
10923,4
10924,4
10925,4
10926,4
10927,4
10928,4
10929,4
10930,4
10931,4
10932,4
10933,4
10934,4
10935,4
10936,4
10937,4
10938,4
10939,4
10940,4
10941,4
10942,4
10943,4
10944,4
10945,4
10946,4
10947,4
10948,4
10949,4
10950,4
10951,4
10952,4
10953,4
10954,4
10955,4
10956,4
10957,4
10958,4
10959,4
10960,4
10961,4
10962,4
10963,4
10964,4
10965,4
10966,4
10967,4
10968,4
10969,4
10970,4
10971,4
10972,4
10973,4
10974,4
10975,4
10976,4
10977,4
10978,4
10979,4
10980,4
10981,4
10982,4
10983,4
10984,4
10985,4
10986,4
10987,4
10988,4
10989,4
10990,4
10991,4
10992,4
10993,4
10994,4
10995,4
10996,4
10997,4
10998,4
10999,4
11000,4
11001,4
11002,4
11003,4
11004,4
11005,4
11006,4
11007,4
11008,4
11009,4
11010,4
11011,4
11012,4
11013,4
11014,4
11015,4
11016,4
11017,4
11018,4
11019,4
11020,4
11021,4
11022,4
11023,4
11024,4
11025,4
11026,4
11027,4
11028,4
11029,4
11030,4
11031,4
11032,4
11033,4
11034,4
11035,4
11036,4
11037,4
11038,4
11039,4
11040,4
11041,4
11042,4
11043,4
11044,4
11045,4
11046,4
11047,4
11048,4
11049,4
11050,4
11051,4
11052,4
11053,4
11054,4
11055,4
11056,4
11057,4
11058,4
11059,4
11060,4
11061,4
11062,4
11063,4
11064,4
11065,4
11066,4
11067,4
11068,4
11069,4
11070,4
11071,4
11072,4
11073,4
11074,4
11075,4
11076,4
11077,4
11078,4
11079,4
11080,4
11081,4
11082,4
11083,4
11084,4
11085,4
11086,4
11087,4
11088,4
11089,4
11090,4
11091,4
11092,4
11093,4
11094,4
11095,4
11096,4
11097,4
11098,4
11099,4
11100,4
11101,4
11102,4
11103,4
11104,4
11105,4
11106,4
11107,4
11108,4
11109,4
11110,4
11111,4
11112,4
11113,4
11114,4
11115,4
11116,4
11117,4
11118,4
11119,4
11120,4
11121,4
11122,4
11123,4
11124,4
11125,4
11126,4
11127,4
11128,4
11129,4
11130,4
11131,4
11132,4
11133,4
11134,4
11135,4
11136,4
11137,4
11138,4
11139,4
11140,4
11141,4
11142,4
11143,4
11144,4
11145,4
11146,4
11147,4
11148,4
11149,4
11150,4
11151,4
11152,4
11153,4
11154,4
11155,4
11156,4
11157,4
11158,4
11159,4
11160,4
11161,4
11162,4
11163,4
11164,4
11165,4
11166,4
11167,4
11168,4
11169,4
11170,4
11171,4
11172,4
11173,4
11174,4
11175,4
11176,4
11177,4
11178,4
11179,4
11180,4
11181,4
11182,4
11183,4
11184,4
11185,4
11186,4
11187,4
11188,4
11189,4
11190,4
11191,4
11192,4
11193,4
11194,4
11195,4
11196,4
11197,4
11198,4
11199,4
11200,4
11201,4
11202,4
11203,4
11204,4
11205,4
11206,4
11207,4
11208,4
11209,4
11210,4
11211,4
11212,4
11213,4
11214,4
11215,4
11216,4
11217,4
11218,4
11219,4
11220,4
11221,4
11222,4
11223,4
11224,4
11225,4
11226,4
11227,4
11228,4
11229,4
11230,4
11231,4
11232,4
11233,4
11234,4
11235,4
11236,4
11237,4
11238,4
11239,4
11240,4
11241,4
11242,4
11243,4
11244,4
11245,4
11246,4
11247,4
11248,4
11249,4
11250,4
11251,4
11252,4
11253,4
11254,4
11255,4
11256,4
11257,4
11258,4
11259,4
11260,4
11261,4
11262,4
11263,4
11264,4
11265,4
11266,4
11267,4
11268,4
11269,4
11270,4
11271,4
11272,4
11273,4
11274,4
11275,4
11276,4
11277,4
11278,4
11279,4
11280,4
11281,4
11282,4
11283,4
11284,4
11285,4
11286,4
11287,4
11288,4
11289,4
11290,4
11291,4
11292,4
11293,4
11294,4
11295,4
11296,4
11297,4
11298,4
11299,4
11300,4
11301,4
11302,4
11303,4
11304,4
11305,4
11306,4
11307,4
11308,4
11309,4
11310,4
11311,4
11312,4
11313,4
11314,4
11315,4
11316,4
11317,4
11318,4
11319,4
11320,4
11321,4
11322,4
11323,4
11324,4
11325,4
11326,4
11327,4
11328,4
11329,4
11330,4
11331,4
11332,4
11333,4
11334,4
11335,4
11336,4
11337,4
11338,4
11339,4
11340,4
11341,4
11342,4
11343,4
11344,4
11345,4
11346,4
11347,4
11348,4
11349,4
11350,4
11351,4
11352,4
11353,4
11354,4
11355,4
11356,4
11357,4
11358,4
11359,4
11360,4
11361,4
11362,4
11363,4
11364,4
11365,4
11366,4
11367,4
11368,4
11369,4
11370,4
11371,4
11372,4
11373,4
11374,4
11375,4
11376,4
11377,4
11378,4
11379,4
11380,4
11381,4
11382,4
11383,4
11384,4
11385,4
11386,4
11387,4
11388,4
11389,4
11390,4
11391,4
11392,4
11393,4
11394,4
11395,4
11396,4
11397,4
11398,4
11399,4
11400,4
11401,4
11402,4
11403,4
11404,4
11405,4
11406,4
11407,4
11408,4
11409,4
11410,4
11411,4
11412,4
11413,4
11414,4
11415,4
11416,4
11417,4
11418,4
11419,4
11420,4
11421,4
11422,4
11423,4
11424,4
11425,4
11426,4
11427,4
11428,4
11429,4
11430,4
11431,4
11432,4
11433,4
11434,4
11435,4
11436,4
11437,4
11438,4
11439,4
11440,4
11441,4
11442,4
11443,4
11444,4
11445,4
11446,4
11447,4
11448,4
11449,4
11450,4
11451,4
11452,4
11453,4
11454,4
11455,4
11456,4
11457,4
11458,4
11459,4
11460,4
11461,4
11462,4
11463,4
11464,4
11465,4
11466,4
11467,4
11468,4
11469,4
11470,4
11471,4
11472,4
11473,4
11474,4
11475,4
11476,4
11477,4
11478,4
11479,4
11480,4
11481,4
11482,4
11483,4
11484,4
11485,4
11486,4
11487,4
11488,4
11489,4
11490,4
11491,4
11492,4
11493,4
11494,4
11495,4
11496,4
11497,4
11498,4
11499,4
11500,4
11501,4
11502,4
11503,4
11504,4
11505,4
11506,4
11507,4
11508,4
11509,4
11510,4
11511,4
11512,4
11513,4
11514,4
11515,4
11516,4
11517,4
11518,4
11519,4
11520,4
11521,4
11522,4
11523,4
11524,4
11525,4
11526,4
11527,4
11528,4
11529,4
11530,4
11531,4
11532,4
11533,4
11534,4
11535,4
11536,4
11537,4
11538,4
11539,4
11540,4
11541,4
11542,4
11543,4
11544,4
11545,4
11546,4
11547,4
11548,4
11549,4
11550,4
11551,4
11552,4
11553,4
11554,4
11555,4
11556,4
11557,4
11558,4
11559,4
11560,4
11561,4
11562,4
11563,4
11564,4
11565,4
11566,4
11567,4
11568,4
11569,4
11570,4
11571,4
11572,4
11573,4
11574,4
11575,4
11576,4
11577,4
11578,4
11579,4
11580,4
11581,4
11582,4
11583,4
11584,4
11585,4
11586,4
11587,4
11588,4
11589,4
11590,4
11591,4
11592,4
11593,4
11594,4
11595,4
11596,4
11597,4
11598,4
11599,4
11600,4
11601,4
11602,4
11603,4
11604,4
11605,4
11606,4
11607,4
11608,4
11609,4
11610,4
11611,4
11612,4
11613,4
11614,4
11615,4
11616,4
11617,4
11618,4
11619,4
11620,4
11621,4
11622,4
11623,4
11624,4
11625,4
11626,4
11627,4
11628,4
11629,4
11630,4
11631,4
11632,4
11633,4
11634,4
11635,4
11636,4
11637,4
11638,4
11639,4
11640,4
11641,4
11642,4
11643,4
11644,4
11645,4
11646,4
11647,4
11648,4
11649,4
11650,4
11651,4
11652,4
11653,4
11654,4
11655,4
11656,4
11657,4
11658,4
11659,4
11660,4
11661,4
11662,4
11663,4
11664,4
11665,4
11666,4
11667,4
11668,4
11669,4
11670,4
11671,4
11672,4
11673,4
11674,4
11675,4
11676,4
11677,4
11678,4
11679,4
11680,4
11681,4
11682,4
11683,4
11684,4
11685,4
11686,4
11687,4
11688,4
11689,4
11690,4
11691,4
11692,4
11693,4
11694,4
11695,4
11696,4
11697,4
11698,4
11699,4
11700,4
11701,4
11702,4
11703,4
11704,4
11705,4
11706,4
11707,4
11708,4
11709,4
11710,4
11711,4
11712,4
11713,4
11714,4
11715,4
11716,4
11717,4
11718,4
11719,4
11720,4
11721,4
11722,4
11723,4
11724,4
11725,4
11726,4
11727,4
11728,4
11729,4
11730,4
11731,4
11732,4
11733,4
11734,4
11735,4
11736,4
11737,4
11738,4
11739,4
11740,4
11741,4
11742,4
11743,4
11744,4
11745,4
11746,4
11747,4
11748,4
11749,4
11750,4
11751,4
11752,4
11753,4
11754,4
11755,4
11756,4
11757,4
11758,4
11759,4
11760,4
11761,4
11762,4
11763,4
11764,4
11765,4
11766,4
11767,4
11768,4
11769,4
11770,4
11771,4
11772,4
11773,4
11774,4
11775,4
11776,4
11777,4
11778,4
11779,4
11780,4
11781,4
11782,4
11783,4
11784,4
11785,4
11786,4
11787,4
11788,4
11789,4
11790,4
11791,4
11792,4
11793,4
11794,4
11795,4
11796,4
11797,4
11798,4
11799,4
11800,4
11801,4
11802,4
11803,4
11804,4
11805,4
11806,4
11807,4
11808,4
11809,4
11810,4
11811,4
11812,4
11813,4
11814,4
11815,4
11816,4
11817,4
11818,4
11819,4
11820,4
11821,4
11822,4
11823,4
11824,4
11825,4
11826,4
11827,4
11828,4
11829,4
11830,4
11831,4
11832,4
11833,4
11834,4
11835,4
11836,4
11837,4
11838,4
11839,4
11840,4
11841,4
11842,4
11843,4
11844,4
11845,4
11846,4
11847,4
11848,4
11849,4
11850,4
11851,4
11852,4
11853,4
11854,4
11855,4
11856,4
11857,4
11858,4
11859,4
11860,4
11861,4
11862,4
11863,4
11864,4
11865,4
11866,4
11867,4
11868,4
11869,4
11870,4
11871,4
11872,4
11873,4
11874,4
11875,4
11876,4
11877,4
11878,4
11879,4
11880,4
11881,4
11882,4
11883,4
11884,4
11885,4
11886,4
11887,4
11888,4
11889,4
11890,4
11891,4
11892,4
11893,4
11894,4
11895,4
11896,4
11897,4
11898,4
11899,4
11900,4
11901,4
11902,4
11903,4
11904,4
11905,4
11906,4
11907,4
11908,4
11909,4
11910,4
11911,4
11912,4
11913,4
11914,4
11915,4
11916,4
11917,4
11918,4
11919,4
11920,4
11921,4
11922,4
11923,4
11924,4
11925,4
11926,4
11927,4
11928,4
11929,4
11930,4
11931,4
11932,4
11933,4
11934,4
11935,4
11936,4
11937,4
11938,4
11939,4
11940,4
11941,4
11942,4
11943,4
11944,4
11945,4
11946,4
11947,4
11948,4
11949,4
11950,4
11951,4
11952,4
11953,4
11954,4
11955,4
11956,4
11957,4
11958,4
11959,4
11960,4
11961,4
11962,4
11963,4
11964,4
11965,4
11966,4
11967,4
11968,4
11969,4
11970,4
11971,4
11972,4
11973,4
11974,4
11975,4
11976,4
11977,4
11978,4
11979,4
11980,4
11981,4
11982,4
11983,4
11984,4
11985,4
11986,4
11987,4
11988,4
11989,4
11990,4
11991,4
11992,4
11993,4
11994,4
11995,4
11996,4
11997,4
11998,4
11999,4
12000,4
12001,4
12002,4
12003,4
12004,4
12005,4
12006,4
12007,4
12008,4
12009,4
12010,4
12011,4
12012,4
12013,4
12014,4
12015,4
12016,4
12017,4
12018,4
12019,4
12020,4
12021,4
12022,4
12023,4
12024,4
12025,4
12026,4
12027,4
12028,4
12029,4
12030,4
12031,4
12032,4
12033,4
12034,4
12035,4
12036,4
12037,4
12038,4
12039,4
12040,4
12041,4
12042,4
12043,4
12044,4
12045,4
12046,4
12047,4
12048,4
12049,4
12050,4
12051,4
12052,4
12053,4
12054,4
12055,4
12056,4
12057,4
12058,4
12059,4
12060,4
12061,4
12062,4
12063,4
12064,4
12065,4
12066,4
12067,4
12068,4
12069,4
12070,4
12071,4
12072,4
12073,4
12074,4
12075,4
12076,4
12077,4
12078,4
12079,4
12080,4
12081,4
12082,4
12083,4
12084,4
12085,4
12086,4
12087,4
12088,4
12089,4
12090,4
12091,4
12092,4
12093,4
12094,4
12095,4
12096,4
12097,4
12098,4
12099,4
12100,4
12101,4
12102,4
12103,4
12104,4
12105,4
12106,4
12107,4
12108,4
12109,4
12110,4
12111,4
12112,4
12113,4
12114,4
12115,4
12116,4
12117,4
12118,4
12119,4
12120,4
12121,4
12122,4
12123,4
12124,4
12125,4
12126,4
12127,4
12128,4
12129,4
12130,4
12131,4
12132,4
12133,4
12134,4
12135,4
12136,4
12137,4
12138,4
12139,4
12140,4
12141,4
12142,4
12143,4
12144,4
12145,4
12146,4
12147,4
12148,4
12149,4
12150,4
12151,4
12152,4
12153,4
12154,4
12155,4
12156,4
12157,4
12158,4
12159,4
12160,4
12161,4
12162,4
12163,4
12164,4
12165,4
12166,4
12167,4
12168,4
12169,4
12170,4
12171,4
12172,4
12173,4
12174,4
12175,4
12176,4
12177,4
12178,4
12179,4
12180,4
12181,4
12182,4
12183,4
12184,4
12185,4
12186,4
12187,4
12188,4
12189,4
12190,4
12191,4
12192,4
12193,4
12194,4
12195,4
12196,4
12197,4
12198,4
12199,4
12200,4
12201,4
12202,4
12203,4
12204,4
12205,4
12206,4
12207,4
12208,4
12209,4
12210,4
12211,4
12212,4
12213,4
12214,4
12215,4
12216,4
12217,4
12218,4
12219,4
12220,4
12221,4
12222,4
12223,4
12224,4
12225,4
12226,4
12227,4
12228,4
12229,4
12230,4
12231,4
12232,4
12233,4
12234,4
12235,4
12236,4
12237,4
12238,4
12239,4
12240,4
12241,4
12242,4
12243,4
12244,4
12245,4
12246,4
12247,4
12248,4
12249,4
12250,4
12251,4
12252,4
12253,4
12254,4
12255,4
12256,4
12257,4
12258,4
12259,4
12260,4
12261,4
12262,4
12263,4
12264,4
12265,4
12266,4
12267,4
12268,4
12269,4
12270,4
12271,4
12272,4
12273,4
12274,4
12275,4
12276,4
12277,4
12278,4
12279,4
12280,4
12281,4
12282,4
12283,4
12284,4
12285,4
12286,4
12287,4
12288,4
12289,4
12290,4
12291,4
12292,4
12293,4
12294,4
12295,4
12296,4
12297,4
12298,4
12299,4
12300,4
12301,4
12302,4
12303,4
12304,4
12305,4
12306,4
12307,4
12308,4
12309,4
12310,4
12311,4
12312,4
12313,4
12314,4
12315,4
12316,4
12317,4
12318,4
12319,4
12320,4
12321,4
12322,4
12323,4
12324,4
12325,4
12326,4
12327,4
12328,4
12329,4
12330,4
12331,4
12332,4
12333,4
12334,4
12335,4
12336,4
12337,4
12338,4
12339,4
12340,4
12341,4
12342,4
12343,4
12344,4
12345,4
12346,4
12347,4
12348,4
12349,4
12350,4
12351,4
12352,4
12353,4
12354,4
12355,4
12356,4
12357,4
12358,4
12359,4
12360,4
12361,4
12362,4
12363,4
12364,4
12365,4
12366,4
12367,4
12368,4
12369,4
12370,4
12371,4
12372,4
12373,4
12374,4
12375,4
12376,4
12377,4
12378,4
12379,4
12380,4
12381,4
12382,4
12383,4
12384,4
12385,4
12386,4
12387,4
12388,4
12389,4
12390,4
12391,4
12392,4
12393,4
12394,4
12395,4
12396,4
12397,4
12398,4
12399,4
12400,4
12401,4
12402,4
12403,4
12404,4
12405,4
12406,4
12407,4
12408,4
12409,4
12410,4
12411,4
12412,4
12413,4
12414,4
12415,4
12416,4
12417,4
12418,4
12419,4
12420,4
12421,4
12422,4
12423,4
12424,4
12425,4
12426,4
12427,4
12428,4
12429,4
12430,4
12431,4
12432,4
12433,4
12434,4
12435,4
12436,4
12437,4
12438,4
12439,4
12440,4
12441,4
12442,4
12443,4
12444,4
12445,4
12446,4
12447,4
12448,4
12449,4
12450,4
12451,4
12452,4
12453,4
12454,4
12455,4
12456,4
12457,4
12458,4
12459,4
12460,4
12461,4
12462,4
12463,4
12464,4
12465,4
12466,4
12467,4
12468,4
12469,4
12470,4
12471,4
12472,4
12473,4
12474,4
12475,4
12476,4
12477,4
12478,4
12479,4
12480,4
12481,4
12482,4
12483,4
12484,4
12485,4
12486,4
12487,4
12488,4
12489,4
12490,4
12491,4
12492,4
12493,4
12494,4
12495,4
12496,4
12497,4
12498,4
12499,4
12500,4
12501,4
12502,4
12503,4
12504,4
12505,4
12506,4
12507,4
12508,4
12509,4
12510,4
12511,4
12512,4
12513,4
12514,4
12515,4
12516,4
12517,4
12518,4
12519,4
12520,4
12521,4
12522,4
12523,4
12524,4
12525,4
12526,4
12527,4
12528,4
12529,4
12530,4
12531,4
12532,4
12533,4
12534,4
12535,4
12536,4
12537,4
12538,4
12539,4
12540,4
12541,4
12542,4
12543,4
12544,4
12545,4
12546,4
12547,4
12548,4
12549,4
12550,4
12551,4
12552,4
12553,4
12554,4
12555,4
12556,4
12557,4
12558,4
12559,4
12560,4
12561,4
12562,4
12563,4
12564,4
12565,4
12566,4
12567,4
12568,4
12569,4
12570,4
12571,4
12572,4
12573,4
12574,4
12575,4
12576,4
12577,4
12578,4
12579,4
12580,4
12581,4
12582,4
12583,4
12584,4
12585,4
12586,4
12587,4
12588,4
12589,4
12590,4
12591,4
12592,4
12593,4
12594,4
12595,4
12596,4
12597,4
12598,4
12599,4
12600,4
12601,4
12602,4
12603,4
12604,4
12605,4
12606,4
12607,4
12608,4
12609,4
12610,4
12611,4
12612,4
12613,4
12614,4
12615,4
12616,4
12617,4
12618,4
12619,4
12620,4
12621,4
12622,4
12623,4
12624,4
12625,4
12626,4
12627,4
12628,4
12629,4
12630,4
12631,4
12632,4
12633,4
12634,4
12635,4
12636,4
12637,4
12638,4
12639,4
12640,4
12641,4
12642,4
12643,4
12644,4
12645,4
12646,4
12647,4
12648,4
12649,4
12650,4
12651,4
12652,4
12653,4
12654,4
12655,4
12656,4
12657,4
12658,4
12659,4
12660,4
12661,4
12662,4
12663,4
12664,4
12665,4
12666,4
12667,4
12668,4
12669,4
12670,4
12671,4
12672,4
12673,4
12674,4
12675,4
12676,4
12677,4
12678,4
12679,4
12680,4
12681,4
12682,4
12683,4
12684,4
12685,4
12686,4
12687,4
12688,4
12689,4
12690,4
12691,4
12692,4
12693,4
12694,4
12695,4
12696,4
12697,4
12698,4
12699,4
12700,4
12701,4
12702,4
12703,4
12704,4
12705,4
12706,4
12707,4
12708,4
12709,4
12710,4
12711,4
12712,4
12713,4
12714,4
12715,4
12716,4
12717,4
12718,4
12719,4
12720,4
12721,4
12722,4
12723,4
12724,4
12725,4
12726,4
12727,4
12728,4
12729,4
12730,4
12731,4
12732,4
12733,4
12734,4
12735,4
12736,4
12737,4
12738,4
12739,4
12740,4
12741,4
12742,4
12743,4
12744,4
12745,4
12746,4
12747,4
12748,4
12749,4
12750,4
12751,4
12752,4
12753,4
12754,4
12755,4
12756,4
12757,4
12758,4
12759,4
12760,4
12761,4
12762,4
12763,4
12764,4
12765,4
12766,4
12767,4
12768,4
12769,4
12770,4
12771,4
12772,4
12773,4
12774,4
12775,4
12776,4
12777,4
12778,4
12779,4
12780,4
12781,4
12782,4
12783,4
12784,4
12785,4
12786,4
12787,4
12788,4
12789,4
12790,4
12791,4
12792,4
12793,4
12794,4
12795,4
12796,4
12797,4
12798,4
12799,4
12800,4
12801,4
12802,4
12803,4
12804,4
12805,4
12806,4
12807,4
12808,4
12809,4
12810,4
12811,4
12812,4
12813,4
12814,4
12815,4
12816,4
12817,4
12818,4
12819,4
12820,4
12821,4
12822,4
12823,4
12824,4
12825,4
12826,4
12827,4
12828,4
12829,4
12830,4
12831,4
12832,4
12833,4
12834,4
12835,4
12836,4
12837,4
12838,4
12839,4
12840,4
12841,4
12842,4
12843,4
12844,4
12845,4
12846,4
12847,4
12848,4
12849,4
12850,4
12851,4
12852,4
12853,4
12854,4
12855,4
12856,4
12857,4
12858,4
12859,4
12860,4
12861,4
12862,4
12863,4
12864,4
12865,4
12866,4
12867,4
12868,4
12869,4
12870,4
12871,4
12872,4
12873,4
12874,4
12875,4
12876,4
12877,4
12878,4
12879,4
12880,4
12881,4
12882,4
12883,4
12884,4
12885,4
12886,4
12887,4
12888,4
12889,4
12890,4
12891,4
12892,4
12893,4
12894,4
12895,4
12896,4
12897,4
12898,4
12899,4
12900,4
12901,4
12902,4
12903,4
12904,4
12905,4
12906,4
12907,4
12908,4
12909,4
12910,4
12911,4
12912,4
12913,4
12914,4
12915,4
12916,4
12917,4
12918,4
12919,4
12920,4
12921,4
12922,4
12923,4
12924,4
12925,4
12926,4
12927,4
12928,4
12929,4
12930,4
12931,4
12932,4
12933,4
12934,4
12935,4
12936,4
12937,4
12938,4
12939,4
12940,4
12941,4
12942,4
12943,4
12944,4
12945,4
12946,4
12947,4
12948,4
12949,4
12950,4
12951,4
12952,4
12953,4
12954,4
12955,4
12956,4
12957,4
12958,4
12959,4
12960,4
12961,4
12962,4
12963,4
12964,4
12965,4
12966,4
12967,4
12968,4
12969,4
12970,4
12971,4
12972,4
12973,4
12974,4
12975,4
12976,4
12977,4
12978,4
12979,4
12980,4
12981,4
12982,4
12983,4
12984,4
12985,4
12986,4
12987,4
12988,4
12989,4
12990,4
12991,4
12992,4
12993,4
12994,4
12995,4
12996,4
12997,4
12998,4
12999,4
13000,4
13001,4
13002,4
13003,4
13004,4
13005,4
13006,4
13007,4
13008,4
13009,4
13010,4
13011,4
13012,4
13013,4
13014,4
13015,4
13016,4
13017,4
13018,4
13019,4
13020,4
13021,4
13022,4
13023,4
13024,4
13025,4
13026,4
13027,4
13028,4
13029,4
13030,4
13031,4
13032,4
13033,4
13034,4
13035,4
13036,4
13037,4
13038,4
13039,4
13040,4
13041,4
13042,4
13043,4
13044,4
13045,4
13046,4
13047,4
13048,4
13049,4
13050,4
13051,4
13052,4
13053,4
13054,4
13055,4
13056,4
13057,4
13058,4
13059,4
13060,4
13061,4
13062,4
13063,4
13064,4
13065,4
13066,4
13067,4
13068,4
13069,4
13070,4
13071,4
13072,4
13073,4
13074,4
13075,4
13076,4
13077,4
13078,4
13079,4
13080,4
13081,4
13082,4
13083,4
13084,4
13085,4
13086,4
13087,4
13088,4
13089,4
13090,4
13091,4
13092,4
13093,4
13094,4
13095,4
13096,4
13097,4
13098,4
13099,4
13100,4
13101,4
13102,4
13103,4
13104,4
13105,4
13106,4
13107,4
13108,4
13109,4
13110,4
13111,4
13112,4
13113,4
13114,4
13115,4
13116,4
13117,4
13118,4
13119,4
13120,4
13121,4
13122,4
13123,4
13124,4
13125,4
13126,4
13127,4
13128,4
13129,4
13130,4
13131,4
13132,4
13133,4
13134,4
13135,4
13136,4
13137,4
13138,4
13139,4
13140,4
13141,4
13142,4
13143,4
13144,4
13145,4
13146,4
13147,4
13148,4
13149,4
13150,4
13151,4
13152,4
13153,4
13154,4
13155,4
13156,4
13157,4
13158,4
13159,4
13160,4
13161,4
13162,4
13163,4
13164,4
13165,4
13166,4
13167,4
13168,4
13169,4
13170,4
13171,4
13172,4
13173,4
13174,4
13175,4
13176,4
13177,4
13178,4
13179,4
13180,4
13181,4
13182,4
13183,4
13184,4
13185,4
13186,4
13187,4
13188,4
13189,4
13190,4
13191,4
13192,4
13193,4
13194,4
13195,4
13196,4
13197,4
13198,4
13199,4
13200,4
13201,4
13202,4
13203,4
13204,4
13205,4
13206,4
13207,4
13208,4
13209,4
13210,4
13211,4
13212,4
13213,4
13214,4
13215,4
13216,4
13217,4
13218,4
13219,4
13220,4
13221,4
13222,4
13223,4
13224,4
13225,4
13226,4
13227,4
13228,4
13229,4
13230,4
13231,4
13232,4
13233,4
13234,4
13235,4
13236,4
13237,4
13238,4
13239,4
13240,4
13241,4
13242,4
13243,4
13244,4
13245,4
13246,4
13247,4
13248,4
13249,4
13250,4
13251,4
13252,4
13253,4
13254,4
13255,4
13256,4
13257,4
13258,4
13259,4
13260,4
13261,4
13262,4
13263,4
13264,4
13265,4
13266,4
13267,4
13268,4
13269,4
13270,4
13271,4
13272,4
13273,4
13274,4
13275,4
13276,4
13277,4
13278,4
13279,4
13280,4
13281,4
13282,4
13283,4
13284,4
13285,4
13286,4
13287,4
13288,4
13289,4
13290,4
13291,4
13292,4
13293,4
13294,4
13295,4
13296,4
13297,4
13298,4
13299,4
13300,4
13301,4
13302,4
13303,4
13304,4
13305,4
13306,4
13307,4
13308,4
13309,4
13310,4
13311,4
13312,4
13313,4
13314,4
13315,4
13316,4
13317,4
13318,4
13319,4
13320,4
13321,4
13322,4
13323,4
13324,4
13325,4
13326,4
13327,4
13328,4
13329,4
13330,4
13331,4
13332,4
13333,4
13334,4
13335,4
13336,4
13337,4
13338,4
13339,4
13340,4
13341,4
13342,4
13343,4
13344,4
13345,4
13346,4
13347,4
13348,4
13349,4
13350,4
13351,4
13352,4
13353,4
13354,4
13355,4
13356,4
13357,4
13358,4
13359,4
13360,4
13361,4
13362,4
13363,4
13364,4
13365,4
13366,4
13367,4
13368,4
13369,4
13370,4
13371,4
13372,4
13373,4
13374,4
13375,4
13376,4
13377,4
13378,4
13379,4
13380,4
13381,4
13382,4
13383,4
13384,4
13385,4
13386,4
13387,4
13388,4
13389,4
13390,4
13391,4
13392,4
13393,4
13394,4
13395,4
13396,4
13397,4
13398,4
13399,4
13400,4
13401,4
13402,4
13403,4
13404,4
13405,4
13406,4
13407,4
13408,4
13409,4
13410,4
13411,4
13412,4
13413,4
13414,4
13415,4
13416,4
13417,4
13418,4
13419,4
13420,4
13421,4
13422,4
13423,4
13424,4
13425,4
13426,4
13427,4
13428,4
13429,4
13430,4
13431,4
13432,4
13433,4
13434,4
13435,4
13436,4
13437,4
13438,4
13439,4
13440,4
13441,4
13442,4
13443,4
13444,4
13445,4
13446,4
13447,4
13448,4
13449,4
13450,4
13451,4
13452,4
13453,4
13454,4
13455,4
13456,4
13457,4
13458,4
13459,4
13460,4
13461,4
13462,4
13463,4
13464,4
13465,4
13466,4
13467,4
13468,4
13469,4
13470,4
13471,4
13472,4
13473,4
13474,4
13475,4
13476,4
13477,4
13478,4
13479,4
13480,4
13481,4
13482,4
13483,4
13484,4
13485,4
13486,4
13487,4
13488,4
13489,4
13490,4
13491,4
13492,4
13493,4
13494,4
13495,4
13496,4
13497,4
13498,4
13499,4
13500,4
13501,4
13502,4
13503,4
13504,4
13505,4
13506,4
13507,4
13508,4
13509,4
13510,4
13511,4
13512,4
13513,4
13514,4
13515,4
13516,4
13517,4
13518,4
13519,4
13520,4
13521,4
13522,4
13523,4
13524,4
13525,4
13526,4
13527,4
13528,4
13529,4
13530,4
13531,4
13532,4
13533,4
13534,4
13535,4
13536,4
13537,4
13538,4
13539,4
13540,4
13541,4
13542,4
13543,4
13544,4
13545,4
13546,4
13547,4
13548,4
13549,4
13550,4
13551,4
13552,4
13553,4
13554,4
13555,4
13556,4
13557,4
13558,4
13559,4
13560,4
13561,4
13562,4
13563,4
13564,4
13565,4
13566,4
13567,4
13568,4
13569,4
13570,4
13571,4
13572,4
13573,4
13574,4
13575,4
13576,4
13577,4
13578,4
13579,4
13580,4
13581,4
13582,4
13583,4
13584,4
13585,4
13586,4
13587,4
13588,4
13589,4
13590,4
13591,4
13592,4
13593,4
13594,4
13595,4
13596,4
13597,4
13598,4
13599,4
13600,4
13601,4
13602,4
13603,4
13604,4
13605,4
13606,4
13607,4
13608,4
13609,4
13610,4
13611,4
13612,4
13613,4
13614,4
13615,4
13616,4
13617,4
13618,4
13619,4
13620,4
13621,4
13622,4
13623,4
13624,4
13625,4
13626,4
13627,4
13628,4
13629,4
13630,4
13631,4
13632,4
13633,4
13634,4
13635,4
13636,4
13637,4
13638,4
13639,4
13640,4
13641,4
13642,4
13643,4
13644,4
13645,4
13646,4
13647,4
13648,4
13649,4
13650,4
13651,4
13652,4
13653,4
13654,4
13655,4
13656,4
13657,4
13658,4
13659,4
13660,4
13661,4
13662,4
13663,4
13664,4
13665,4
13666,4
13667,4
13668,4
13669,4
13670,4
13671,4
13672,4
13673,4
13674,4
13675,4
13676,4
13677,4
13678,4
13679,4
13680,4
13681,4
13682,4
13683,4
13684,4
13685,4
13686,4
13687,4
13688,4
13689,4
13690,4
13691,4
13692,4
13693,4
13694,4
13695,4
13696,4
13697,4
13698,4
13699,4
13700,4
13701,4
13702,4
13703,4
13704,4
13705,4
13706,4
13707,4
13708,4
13709,4
13710,4
13711,4
13712,4
13713,4
13714,4
13715,4
13716,4
13717,4
13718,4
13719,4
13720,4
13721,4
13722,4
13723,4
13724,4
13725,4
13726,4
13727,4
13728,4
13729,4
13730,4
13731,4
13732,4
13733,4
13734,4
13735,4
13736,4
13737,4
13738,4
13739,4
13740,4
13741,4
13742,4
13743,4
13744,4
13745,4
13746,4
13747,4
13748,4
13749,4
13750,4
13751,4
13752,4
13753,4
13754,4
13755,4
13756,4
13757,4
13758,4
13759,4
13760,4
13761,4
13762,4
13763,4
13764,4
13765,4
13766,4
13767,4
13768,4
13769,4
13770,4
13771,4
13772,4
13773,4
13774,4
13775,4
13776,4
13777,4
13778,4
13779,4
13780,4
13781,4
13782,4
13783,4
13784,4
13785,4
13786,4
13787,4
13788,4
13789,4
13790,4
13791,4
13792,4
13793,4
13794,4
13795,4
13796,4
13797,4
13798,4
13799,4
13800,4
13801,4
13802,4
13803,4
13804,4
13805,4
13806,4
13807,4
13808,4
13809,4
13810,4
13811,4
13812,4
13813,4
13814,4
13815,4
13816,4
13817,4
13818,4
13819,4
13820,4
13821,4
13822,4
13823,4
13824,4
13825,4
13826,4
13827,4
13828,4
13829,4
13830,4
13831,4
13832,4
13833,4
13834,4
13835,4
13836,4
13837,4
13838,4
13839,4
13840,4
13841,4
13842,4
13843,4
13844,4
13845,4
13846,4
13847,4
13848,4
13849,4
13850,4
13851,4
13852,4
13853,4
13854,4
13855,4
13856,4
13857,4
13858,4
13859,4
13860,4
13861,4
13862,4
13863,4
13864,4
13865,4
13866,4
13867,4
13868,4
13869,4
13870,4
13871,4
13872,4
13873,4
13874,4
13875,4
13876,4
13877,4
13878,4
13879,4
13880,4
13881,4
13882,4
13883,4
13884,4
13885,4
13886,4
13887,4
13888,4
13889,4
13890,4
13891,4
13892,4
13893,4
13894,4
13895,4
13896,4
13897,4
13898,5
13899,4
13900,4
13901,4
13902,4
13903,4
13904,4
13905,4
13906,4
13907,4
13908,4
13909,4
13910,4
13911,4
13912,4
13913,4
13914,4
13915,4
13916,4
13917,4
13918,4
13919,4
13920,4
13921,4
13922,4
13923,4
13924,4
13925,4
13926,4
13927,4
13928,4
13929,4
13930,4
13931,4
13932,4
13933,4
13934,4
13935,4
13936,4
13937,4
13938,4
13939,4
13940,4
13941,4
13942,4
13943,4
13944,4
13945,4
13946,4
13947,4
13948,4
13949,4
13950,4
13951,4
13952,4
13953,4
13954,4
13955,4
13956,4
13957,4
13958,4
13959,4
13960,4
13961,4
13962,4
13963,4
13964,4
13965,4
13966,4
13967,4
13968,4
13969,4
13970,4
13971,4
13972,4
13973,4
13974,4
13975,4
13976,4
13977,4
13978,4
13979,4
13980,4
13981,4
13982,4
13983,4
13984,4
13985,4
13986,4
13987,4
13988,4
13989,4
13990,4
13991,4
13992,4
13993,4
13994,4
13995,4
13996,4
13997,4
13998,4
13999,4
14000,4
14001,4
14002,4
14003,4
14004,4
14005,4
14006,4
14007,4
14008,4
14009,4
14010,4
14011,4
14012,4
14013,4
14014,4
14015,4
14016,4
14017,4
14018,4
14019,4
14020,4
14021,4
14022,4
14023,4
14024,4
14025,4
14026,4
14027,4
14028,4
14029,4
14030,4
14031,4
14032,4
14033,4
14034,4
14035,4
14036,4
14037,4
14038,4
14039,4
14040,4
14041,4
14042,4
14043,4
14044,4
14045,4
14046,4
14047,4
14048,4
14049,4
14050,4
14051,4
14052,4
14053,4
14054,4
14055,4
14056,4
14057,4
14058,4
14059,4
14060,4
14061,4
14062,4
14063,4
14064,4
14065,4
14066,4
14067,4
14068,4
14069,4
14070,4
14071,4
14072,4
14073,4
14074,4
14075,4
14076,4
14077,4
14078,4
14079,4
14080,4
14081,4
14082,4
14083,4
14084,4
14085,4
14086,4
14087,4
14088,4
14089,4
14090,4
14091,4
14092,4
14093,4
14094,4
14095,4
14096,4
14097,4
14098,4
14099,4
14100,4
14101,4
14102,4
14103,4
14104,4
14105,4
14106,4
14107,4
14108,4
14109,4
14110,4
14111,4
14112,4
14113,4
14114,4
14115,4
14116,4
14117,4
14118,4
14119,4
14120,4
14121,4
14122,4
14123,4
14124,4
14125,4
14126,4
14127,4
14128,4
14129,4
14130,4
14131,4
14132,4
14133,4
14134,4
14135,4
14136,4
14137,4
14138,4
14139,4
14140,4
14141,4
14142,4
14143,4
14144,4
14145,4
14146,4
14147,4
14148,4
14149,4
14150,4
14151,4
14152,4
14153,4
14154,4
14155,4
14156,4
14157,4
14158,4
14159,4
14160,4
14161,4
14162,4
14163,4
14164,4
14165,4
14166,4
14167,4
14168,4
14169,4
14170,4
14171,4
14172,4
14173,4
14174,4
14175,4
14176,4
14177,4
14178,4
14179,4
14180,4
14181,4
14182,4
14183,4
14184,4
14185,4
14186,4
14187,4
14188,4
14189,4
14190,4
14191,4
14192,4
14193,4
14194,4
14195,4
14196,4
14197,4
14198,4
14199,4
14200,4
14201,4
14202,4
14203,4
14204,4
14205,4
14206,4
14207,4
14208,4
14209,4
14210,4
14211,4
14212,4
14213,4
14214,4
14215,4
14216,4
14217,4
14218,4
14219,4
14220,4
14221,4
14222,4
14223,4
14224,4
14225,4
14226,4
14227,4
14228,4
14229,4
14230,4
14231,4
14232,4
14233,4
14234,4
14235,4
14236,4
14237,4
14238,4
14239,4
14240,4
14241,4
14242,4
14243,4
14244,4
14245,4
14246,4
14247,4
14248,4
14249,4
14250,4
14251,4
14252,4
14253,4
14254,4
14255,4
14256,4
14257,4
14258,4
14259,4
14260,4
14261,4
14262,4
14263,4
14264,4
14265,4
14266,4
14267,4
14268,4
14269,4
14270,4
14271,4
14272,4
14273,4
14274,4
14275,4
14276,4
14277,4
14278,4
14279,4
14280,4
14281,4
14282,4
14283,4
14284,4
14285,4
14286,4
14287,4
14288,4
14289,4
14290,4
14291,4
14292,4
14293,4
14294,4
14295,4
14296,4
14297,4
14298,4
14299,4
14300,4
14301,4
14302,4
14303,4
14304,4
14305,4
14306,4
14307,4
14308,4
14309,4
14310,4
14311,4
14312,4
14313,4
14314,4
14315,4
14316,4
14317,4
14318,4
14319,4
14320,4
14321,4
14322,4
14323,4
14324,4
14325,4
14326,4
14327,4
14328,4
14329,4
14330,4
14331,4
14332,4
14333,4
14334,4
14335,4
14336,4
14337,4
14338,4
14339,4
14340,4
14341,4
14342,4
14343,4
14344,4
14345,4
14346,4
14347,4
14348,4
14349,4
14350,4
14351,4
14352,4
14353,4
14354,4
14355,4
14356,4
14357,4
14358,4
14359,4
14360,4
14361,4
14362,4
14363,4
14364,4
14365,4
14366,4
14367,4
14368,4
14369,4
14370,4
14371,4
14372,4
14373,4
14374,4
14375,4
14376,4
14377,4
14378,4
14379,4
14380,4
14381,4
14382,4
14383,4
14384,4
14385,4
14386,4
14387,4
14388,4
14389,4
14390,4
14391,4
14392,4
14393,4
14394,4
14395,4
14396,4
14397,4
14398,4
14399,4
14400,4
14401,4
14402,4
14403,4
14404,4
14405,4
14406,4
14407,4
14408,4
14409,4
14410,4
14411,4
14412,4
14413,4
14414,4
14415,4
14416,4
14417,4
14418,4
14419,4
14420,4
14421,4
14422,4
14423,4
14424,4
14425,4
14426,4
14427,4
14428,4
14429,4
14430,4
14431,4
14432,4
14433,4
14434,4
14435,4
14436,4
14437,4
14438,4
14439,4
14440,4
14441,4
14442,4
14443,4
14444,4
14445,4
14446,4
14447,4
14448,4
14449,4
14450,4
14451,4
14452,4
14453,4
14454,4
14455,4
14456,4
14457,4
14458,4
14459,4
14460,4
14461,4
14462,4
14463,4
14464,4
14465,4
14466,4
14467,4
14468,4
14469,4
14470,4
14471,4
14472,4
14473,4
14474,4
14475,4
14476,4
14477,4
14478,4
14479,4
14480,4
14481,4
14482,4
14483,4
14484,4
14485,4
14486,4
14487,4
14488,4
14489,4
14490,4
14491,4
14492,4
14493,4
14494,4
14495,4
14496,4
14497,4
14498,4
14499,4
14500,4
14501,4
14502,4
14503,4
14504,4
14505,4
14506,4
14507,4
14508,4
14509,4
14510,4
14511,4
14512,4
14513,4
14514,4
14515,4
14516,4
14517,4
14518,4
14519,4
14520,4
14521,4
14522,4
14523,4
14524,4
14525,4
14526,4
14527,4
14528,4
14529,4
14530,4
14531,4
14532,4
14533,4
14534,4
14535,4
14536,4
14537,4
14538,4
14539,4
14540,4
14541,4
14542,4
14543,4
14544,4
14545,4
14546,4
14547,4
14548,4
14549,4
14550,4
14551,4
14552,4
14553,4
14554,4
14555,4
14556,4
14557,4
14558,4
14559,4
14560,4
14561,4
14562,4
14563,4
14564,4
14565,4
14566,4
14567,4
14568,4
14569,4
14570,4
14571,4
14572,4
14573,4
14574,4
14575,4
14576,4
14577,4
14578,4
14579,4
14580,4
14581,4
14582,4
14583,4
14584,4
14585,4
14586,4
14587,4
14588,4
14589,4
14590,4
14591,4
14592,4
14593,4
14594,4
14595,4
14596,4
14597,4
14598,4
14599,4
14600,4
14601,4
14602,4
14603,4
14604,4
14605,4
14606,4
14607,4
14608,4
14609,4
14610,4
14611,4
14612,4
14613,4
14614,4
14615,4
14616,4
14617,4
14618,4
14619,4
14620,4
14621,4
14622,4
14623,4
14624,4
14625,4
14626,4
14627,4
14628,4
14629,4
14630,4
14631,4
14632,4
14633,4
14634,4
14635,4
14636,4
14637,4
14638,4
14639,4
14640,4
14641,4
14642,4
14643,4
14644,4
14645,4
14646,4
14647,4
14648,4
14649,4
14650,4
14651,4
14652,4
14653,4
14654,4
14655,4
14656,4
14657,4
14658,4
14659,4
14660,4
14661,4
14662,4
14663,4
14664,4
14665,4
14666,4
14667,4
14668,4
14669,4
14670,4
14671,4
14672,4
14673,4
14674,4
14675,4
14676,4
14677,4
14678,4
14679,4
14680,4
14681,4
14682,4
14683,4
14684,4
14685,4
14686,4
14687,4
14688,4
14689,4
14690,4
14691,4
14692,4
14693,4
14694,4
14695,4
14696,4
14697,4
14698,4
14699,4
14700,4
14701,4
14702,4
14703,4
14704,4
14705,4
14706,4
14707,4
14708,4
14709,4
14710,4
14711,4
14712,4
14713,4
14714,4
14715,4
14716,4
14717,4
14718,4
14719,4
14720,4
14721,4
14722,4
14723,4
14724,4
14725,4
14726,4
14727,4
14728,4
14729,4
14730,4
14731,4
14732,4
14733,4
14734,4
14735,4
14736,4
14737,4
14738,4
14739,4
14740,4
14741,4
14742,4
14743,4
14744,4
14745,4
14746,4
14747,4
14748,4
14749,4
14750,4
14751,4
14752,4
14753,4
14754,4
14755,4
14756,4
14757,4
14758,4
14759,4
14760,4
14761,4
14762,4
14763,4
14764,4
14765,4
14766,4
14767,4
14768,4
14769,4
14770,4
14771,4
14772,4
14773,4
14774,4
14775,4
14776,4
14777,4
14778,4
14779,4
14780,4
14781,4
14782,4
14783,4
14784,4
14785,4
14786,4
14787,4
14788,4
14789,4
14790,4
14791,4
14792,4
14793,4
14794,4
14795,4
14796,4
14797,4
14798,4
14799,4
14800,4
14801,4
14802,4
14803,4
14804,4
14805,4
14806,4
14807,4
14808,4
14809,4
14810,4
14811,4
14812,4
14813,4
14814,4
14815,4
14816,4
14817,4
14818,4
14819,4
14820,4
14821,4
14822,4
14823,4
14824,4
14825,4
14826,4
14827,4
14828,4
14829,4
14830,4
14831,4
14832,4
14833,4
14834,4
14835,4
14836,4
14837,4
14838,4
14839,4
14840,4
14841,4
14842,4
14843,4
14844,4
14845,4
14846,4
14847,4
14848,4
14849,4
14850,4
14851,4
14852,4
14853,4
14854,4
14855,4
14856,4
14857,4
14858,4
14859,4
14860,4
14861,4
14862,4
14863,4
14864,4
14865,4
14866,4
14867,4
14868,4
14869,4
14870,4
14871,4
14872,4
14873,4
14874,4
14875,4
14876,4
14877,4
14878,4
14879,4
14880,4
14881,4
14882,4
14883,4
14884,4
14885,4
14886,4
14887,4
14888,4
14889,4
14890,4
14891,4
14892,4
14893,4
14894,4
14895,4
14896,4
14897,4
14898,4
14899,4
14900,4
14901,4
14902,4
14903,4
14904,4
14905,4
14906,4
14907,4
14908,4
14909,4
14910,4
14911,4
14912,4
14913,4
14914,4
14915,4
14916,4
14917,4
14918,4
14919,4
14920,4
14921,4
14922,4
14923,4
14924,4
14925,4
14926,4
14927,4
14928,4
14929,4
14930,4
14931,4
14932,4
14933,4
14934,4
14935,4
14936,4
14937,4
14938,4
14939,4
14940,4
14941,4
14942,4
14943,4
14944,4
14945,4
14946,4
14947,4
14948,4
14949,4
14950,4
14951,4
14952,4
14953,4
14954,4
14955,4
14956,4
14957,4
14958,4
14959,4
14960,4
14961,4
14962,4
14963,4
14964,4
14965,4
14966,4
14967,4
14968,4
14969,4
14970,4
14971,4
14972,4
14973,4
14974,4
14975,4
14976,4
14977,4
14978,4
14979,4
14980,4
14981,4
14982,4
14983,4
14984,4
14985,4
14986,4
14987,4
14988,4
14989,4
14990,4
14991,4
14992,4
14993,4
14994,4
14995,4
14996,4
14997,4
14998,4
14999,4
15000,4
15001,4
15002,4
15003,4
15004,4
15005,4
15006,4
15007,4
15008,4
15009,4
15010,4
15011,4
15012,4
15013,4
15014,4
15015,4
15016,4
15017,4
15018,4
15019,4
15020,4
15021,4
15022,4
15023,4
15024,4
15025,4
15026,4
15027,4
15028,4
15029,4
15030,4
15031,4
15032,4
15033,4
15034,4
15035,4
15036,4
15037,4
15038,4
15039,4
15040,4
15041,4
15042,4
15043,4
15044,4
15045,4
15046,4
15047,4
15048,4
15049,4
15050,4
15051,4
15052,4
15053,4
15054,4
15055,4
15056,4
15057,4
15058,4
15059,4
15060,4
15061,4
15062,4
15063,4
15064,4
15065,4
15066,4
15067,4
15068,4
15069,4
15070,4
15071,4
15072,4
15073,4
15074,4
15075,4
15076,4
15077,4
15078,4
15079,4
15080,4
15081,4
15082,4
15083,4
15084,4
15085,4
15086,4
15087,4
15088,4
15089,4
15090,4
15091,4
15092,4
15093,4
15094,4
15095,4
15096,4
15097,4
15098,4
15099,4
15100,4
15101,4
15102,4
15103,4
15104,4
15105,4
15106,4
15107,4
15108,4
15109,4
15110,4
15111,4
15112,4
15113,4
15114,4
15115,4
15116,4
15117,4
15118,4
15119,4
15120,4
15121,4
15122,4
15123,4
15124,4
15125,4
15126,4
15127,4
15128,4
15129,4
15130,4
15131,4
15132,4
15133,4
15134,4
15135,4
15136,4
15137,4
15138,4
15139,4
15140,4
15141,4
15142,4
15143,4
15144,4
15145,4
15146,4
15147,4
15148,4
15149,4
15150,4
15151,4
15152,4
15153,4
15154,4
15155,4
15156,4
15157,4
15158,4
15159,4
15160,4
15161,4
15162,4
15163,4
15164,4
15165,4
15166,4
15167,4
15168,4
15169,4
15170,4
15171,4
15172,4
15173,4
15174,4
15175,4
15176,4
15177,4
15178,4
15179,4
15180,4
15181,4
15182,4
15183,4
15184,4
15185,4
15186,4
15187,4
15188,4
15189,4
15190,4
15191,4
15192,4
15193,4
15194,4
15195,4
15196,4
15197,4
15198,4
15199,4
15200,4
15201,4
15202,4
15203,4
15204,4
15205,4
15206,4
15207,4
15208,4
15209,4
15210,4
15211,4
15212,4
15213,4
15214,4
15215,4
15216,4
15217,4
15218,4
15219,4
15220,4
15221,4
15222,4
15223,4
15224,4
15225,4
15226,4
15227,4
15228,4
15229,4
15230,4
15231,4
15232,4
15233,4
15234,4
15235,4
15236,4
15237,4
15238,4
15239,4
15240,4
15241,4
15242,4
15243,4
15244,4
15245,4
15246,4
15247,4
15248,4
15249,4
15250,4
15251,4
15252,4
15253,4
15254,4
15255,4
15256,4
15257,4
15258,4
15259,4
15260,4
15261,4
15262,4
15263,4
15264,4
15265,4
15266,4
15267,4
15268,4
15269,4
15270,4
15271,4
15272,4
15273,4
15274,4
15275,4
15276,4
15277,4
15278,4
15279,4
15280,4
15281,4
15282,4
15283,4
15284,4
15285,4
15286,4
15287,4
15288,4
15289,4
15290,4
15291,4
15292,4
15293,4
15294,4
15295,4
15296,4
15297,4
15298,4
15299,4
15300,4
15301,4
15302,4
15303,4
15304,4
15305,4
15306,4
15307,4
15308,4
15309,4
15310,4
15311,4
15312,4
15313,4
15314,4
15315,4
15316,4
15317,4
15318,4
15319,4
15320,4
15321,4
15322,4
15323,4
15324,4
15325,4
15326,4
15327,4
15328,4
15329,4
15330,4
15331,4
15332,4
15333,4
15334,4
15335,4
15336,4
15337,4
15338,4
15339,4
15340,4
15341,4
15342,4
15343,4
15344,4
15345,4
15346,4
15347,4
15348,4
15349,4
15350,4
15351,4
15352,4
15353,4
15354,4
15355,4
15356,4
15357,4
15358,4
15359,4
15360,4
15361,4
15362,4
15363,4
15364,4
15365,4
15366,4
15367,4
15368,4
15369,4
15370,4
15371,4
15372,4
15373,4
15374,4
15375,4
15376,4
15377,4
15378,4
15379,4
15380,4
15381,4
15382,4
15383,4
15384,4
15385,4
15386,4
15387,4
15388,4
15389,4
15390,4
15391,4
15392,4
15393,4
15394,4
15395,4
15396,4
15397,4
15398,4
15399,4
15400,4
15401,4
15402,4
15403,4
15404,4
15405,4
15406,4
15407,4
15408,4
15409,4
15410,4
15411,4
15412,4
15413,4
15414,4
15415,4
15416,4
15417,4
15418,4
15419,4
15420,4
15421,4
15422,4
15423,4
15424,4
15425,4
15426,4
15427,4
15428,4
15429,4
15430,4
15431,4
15432,4
15433,4
15434,4
15435,4
15436,4
15437,4
15438,4
15439,4
15440,4
15441,4
15442,4
15443,4
15444,4
15445,4
15446,4
15447,4
15448,4
15449,4
15450,4
15451,4
15452,4
15453,4
15454,4
15455,4
15456,4
15457,4
15458,4
15459,4
15460,4
15461,4
15462,4
15463,4
15464,4
15465,4
15466,4
15467,4
15468,4
15469,4
15470,4
15471,4
15472,4
15473,4
15474,4
15475,4
15476,4
15477,4
15478,4
15479,4
15480,4
15481,4
15482,4
15483,4
15484,4
15485,4
15486,4
15487,4
15488,4
15489,4
15490,4
15491,4
15492,4
15493,4
15494,4
15495,4
15496,4
15497,4
15498,4
15499,4
15500,4
15501,4
15502,4
15503,4
15504,4
15505,4
15506,4
15507,4
15508,4
15509,4
15510,4
15511,4
15512,4
15513,4
15514,4
15515,4
15516,4
15517,4
15518,4
15519,4
15520,4
15521,4
15522,4
15523,4
15524,4
15525,4
15526,4
15527,4
15528,4
15529,4
15530,4
15531,4
15532,4
15533,4
15534,4
15535,4
15536,4
15537,4
15538,4
15539,4
15540,4
15541,4
15542,4
15543,4
15544,4
15545,4
15546,4
15547,4
15548,4
15549,4
15550,4
15551,4
15552,4
15553,4
15554,4
15555,4
15556,4
15557,4
15558,4
15559,4
15560,4
15561,4
15562,4
15563,4
15564,4
15565,4
15566,4
15567,4
15568,4
15569,4
15570,4
15571,4
15572,4
15573,4
15574,4
15575,4
15576,4
15577,4
15578,4
15579,4
15580,4
15581,4
15582,4
15583,4
15584,4
15585,4
15586,4
15587,4
15588,4
15589,4
15590,4
15591,4
15592,4
15593,4
15594,4
15595,4
15596,4
15597,4
15598,4
15599,4
15600,4
15601,4
15602,4
15603,4
15604,4
15605,4
15606,4
15607,4
15608,4
15609,4
15610,4
15611,4
15612,4
15613,4
15614,4
15615,4
15616,4
15617,4
15618,4
15619,4
15620,4
15621,4
15622,4
15623,4
15624,4
15625,4
15626,4
15627,4
15628,4
15629,4
15630,4
15631,4
15632,4
15633,4
15634,4
15635,4
15636,4
15637,4
15638,4
15639,4
15640,4
15641,4
15642,4
15643,4
15644,4
15645,4
15646,4
15647,4
15648,4
15649,4
15650,4
15651,4
15652,4
15653,4
15654,4
15655,4
15656,4
15657,4
15658,4
15659,4
15660,4
15661,4
15662,4
15663,4
15664,4
15665,4
15666,4
15667,4
15668,4
15669,4
15670,4
15671,4
15672,4
15673,4
15674,4
15675,4
15676,4
15677,4
15678,4
15679,4
15680,4
15681,4
15682,4
15683,4
15684,4
15685,4
15686,4
15687,4
15688,4
15689,4
15690,4
15691,4
15692,4
15693,4
15694,4
15695,4
15696,4
15697,4
15698,4
15699,4
15700,4
15701,4
15702,4
15703,4
15704,4
15705,4
15706,4
15707,4
15708,4
15709,4
15710,4
15711,4
15712,4
15713,4
15714,4
15715,4
15716,4
15717,4
15718,4
15719,4
15720,4
15721,4
15722,4
15723,4
15724,4
15725,4
15726,4
15727,4
15728,4
15729,4
15730,4
15731,4
15732,4
15733,4
15734,4
15735,4
15736,4
15737,4
15738,4
15739,4
15740,4
15741,4
15742,4
15743,4
15744,4
15745,4
15746,4
15747,4
15748,4
15749,4
15750,4
15751,4
15752,4
15753,4
15754,4
15755,4
15756,4
15757,4
15758,4
15759,4
15760,4
15761,4
15762,4
15763,4
15764,4
15765,4
15766,4
15767,4
15768,4
15769,4
15770,4
15771,4
15772,4
15773,4
15774,4
15775,4
15776,4
15777,4
15778,4
15779,4
15780,4
15781,4
15782,4
15783,4
15784,4
15785,4
15786,4
15787,4
15788,4
15789,4
15790,4
15791,4
15792,4
15793,4
15794,4
15795,4
15796,4
15797,4
15798,4
15799,4
15800,4
15801,4
15802,4
15803,4
15804,4
15805,4
15806,4
15807,4
15808,4
15809,4
15810,4
15811,4
15812,4
15813,4
15814,4
15815,4
15816,4
15817,4
15818,4
15819,4
15820,4
15821,4
15822,4
15823,4
15824,4
15825,4
15826,4
15827,4
15828,4
15829,4
15830,4
15831,4
15832,4
15833,4
15834,4
15835,4
15836,4
15837,4
15838,4
15839,4
15840,4
15841,4
15842,4
15843,4
15844,4
15845,4
15846,4
15847,4
15848,4
15849,4
15850,4
15851,4
15852,4
15853,4
15854,4
15855,4
15856,4
15857,4
15858,4
15859,4
15860,4
15861,4
15862,4
15863,4
15864,4
15865,4
15866,4
15867,4
15868,4
15869,4
15870,4
15871,4
15872,4
15873,4
15874,4
15875,4
15876,4
15877,4
15878,4
15879,4
15880,4
15881,4
15882,4
15883,4
15884,4
15885,4
15886,4
15887,4
15888,4
15889,4
15890,4
15891,4
15892,4
15893,4
15894,4
15895,4
15896,4
15897,4
15898,4
15899,4
15900,4
15901,4
15902,4
15903,4
15904,4
15905,4
15906,4
15907,4
15908,4
15909,4
15910,4
15911,4
15912,4
15913,4
15914,4
15915,4
15916,4
15917,4
15918,4
15919,4
15920,4
15921,4
15922,4
15923,4
15924,4
15925,4
15926,4
15927,4
15928,4
15929,4
15930,4
15931,4
15932,4
15933,4
15934,4
15935,4
15936,4
15937,4
15938,4
15939,4
15940,4
15941,4
15942,4
15943,4
15944,4
15945,4
15946,4
15947,4
15948,4
15949,4
15950,4
15951,4
15952,4
15953,4
15954,4
15955,4
15956,4
15957,4
15958,4
15959,4
15960,4
15961,4
15962,4
15963,4
15964,4
15965,4
15966,4
15967,4
15968,4
15969,4
15970,4
15971,4
15972,4
15973,4
15974,4
15975,4
15976,4
15977,4
15978,4
15979,4
15980,4
15981,4
15982,4
15983,4
15984,4
15985,4
15986,4
15987,4
15988,4
15989,4
15990,4
15991,4
15992,4
15993,4
15994,4
15995,4
15996,4
15997,4
15998,4
15999,4
16000,4
16001,4
16002,4
16003,4
16004,4
16005,4
16006,4
16007,4
16008,4
16009,4
16010,4
16011,4
16012,4
16013,4
16014,4
16015,4
16016,4
16017,4
16018,4
16019,4
16020,4
16021,4
16022,4
16023,4
16024,4
16025,4
16026,4
16027,4
16028,4
16029,4
16030,4
16031,4
16032,4
16033,4
16034,4
16035,4
16036,4
16037,4
16038,4
16039,4
16040,4
16041,4
16042,4
16043,4
16044,4
16045,4
16046,4
16047,4
16048,4
16049,4
16050,4
16051,4
16052,4
16053,4
16054,4
16055,4
16056,4
16057,4
16058,4
16059,4
16060,4
16061,4
16062,4
16063,4
16064,4
16065,4
16066,4
16067,4
16068,4
16069,4
16070,4
16071,4
16072,4
16073,4
16074,4
16075,4
16076,4
16077,4
16078,4
16079,4
16080,4
16081,4
16082,4
16083,4
16084,4
16085,4
16086,4
16087,4
16088,4
16089,4
16090,4
16091,4
16092,4
16093,4
16094,4
16095,4
16096,4
16097,4
16098,4
16099,4
16100,4
16101,4
16102,4
16103,4
16104,4
16105,4
16106,4
16107,4
16108,4
16109,4
16110,4
16111,4
16112,4
16113,4
16114,4
16115,4
16116,4
16117,4
16118,4
16119,4
16120,4
16121,4
16122,4
16123,4
16124,4
16125,4
16126,4
16127,4
16128,4
16129,4
16130,4
16131,4
16132,4
16133,4
16134,4
16135,4
16136,4
16137,4
16138,4
16139,4
16140,4
16141,4
16142,4
16143,4
16144,4
16145,4
16146,4
16147,4
16148,4
16149,4
16150,4
16151,4
16152,4
16153,4
16154,4
16155,4
16156,4
16157,4
16158,4
16159,4
16160,4
16161,4
16162,4
16163,4
16164,4
16165,4
16166,4
16167,4
16168,4
16169,4
16170,4
16171,4
16172,4
16173,4
16174,4
16175,4
16176,4
16177,4
16178,4
16179,4
16180,4
16181,4
16182,4
16183,4
16184,4
16185,4
16186,4
16187,4
16188,4
16189,4
16190,4
16191,4
16192,4
16193,4
16194,4
16195,4
16196,4
16197,4
16198,4
16199,4
16200,4
16201,4
16202,4
16203,4
16204,4
16205,4
16206,4
16207,4
16208,4
16209,4
16210,4
16211,4
16212,4
16213,4
16214,4
16215,4
16216,4
16217,4
16218,4
16219,4
16220,4
16221,4
16222,4
16223,4
16224,4
16225,4
16226,4
16227,4
16228,4
16229,4
16230,4
16231,4
16232,4
16233,4
16234,4
16235,4
16236,4
16237,4
16238,4
16239,4
16240,4
16241,4
16242,4
16243,4
16244,4
16245,4
16246,4
16247,4
16248,4
16249,4
16250,4
16251,4
16252,4
16253,4
16254,4
16255,4
16256,4
16257,4
16258,4
16259,4
16260,4
16261,4
16262,4
16263,4
16264,4
16265,4
16266,4
16267,4
16268,4
16269,4
16270,4
16271,4
16272,4
16273,4
16274,4
16275,4
16276,4
16277,4
16278,4
16279,4
16280,4
16281,4
16282,4
16283,4
16284,4
16285,4
16286,4
16287,4
16288,4
16289,4
16290,4
16291,4
16292,4
16293,4
16294,4
16295,4
16296,4
16297,4
16298,4
16299,4
16300,4
16301,4
16302,4
16303,4
16304,4
16305,4
16306,4
16307,4
16308,4
16309,4
16310,4
16311,4
16312,4
16313,4
16314,4
16315,4
16316,4
16317,4
16318,4
16319,4
16320,4
16321,4
16322,4
16323,4
16324,4
16325,4
16326,4
16327,4
16328,4
16329,4
16330,4
16331,4
16332,4
16333,4
16334,4
16335,4
16336,4
16337,4
16338,4
16339,4
16340,4
16341,4
16342,4
16343,4
16344,4
16345,4
16346,4
16347,4
16348,4
16349,4
16350,4
16351,4
16352,4
16353,4
16354,4
16355,4
16356,4
16357,4
16358,4
16359,4
16360,4
16361,4
16362,4
16363,4
16364,4
16365,4
16366,4
16367,4
16368,4
16369,4
16370,4
16371,4
16372,4
16373,4
16374,4
16375,4
16376,4
16377,4
16378,4
16379,4
16380,4
16381,4
16382,4
16383,4
16384,4
16385,4
16386,4
16387,4
16388,4
16389,4
16390,4
16391,4
16392,4
16393,4
16394,4
16395,4
16396,4
16397,4
16398,4
16399,4
16400,4
16401,4
16402,4
16403,4
16404,4
16405,4
16406,4
16407,4
16408,4
16409,4
16410,4
16411,4
16412,4
16413,4
16414,4
16415,4
16416,4
16417,4
16418,4
16419,4
16420,4
16421,4
16422,4
16423,4
16424,4
16425,4
16426,4
16427,4
16428,4
16429,4
16430,4
16431,4
16432,4
16433,4
16434,4
16435,4
16436,4
16437,4
16438,4
16439,4
16440,4
16441,4
16442,4
16443,4
16444,4
16445,4
16446,4
16447,4
16448,4
16449,4
16450,4
16451,4
16452,4
16453,4
16454,4
16455,4
16456,4
16457,4
16458,4
16459,4
16460,4
16461,4
16462,4
16463,4
16464,4
16465,4
16466,4
16467,4
16468,4
16469,4
16470,4
16471,4
16472,4
16473,4
16474,4
16475,4
16476,4
16477,4
16478,4
16479,4
16480,4
16481,4
16482,4
16483,4
16484,4
16485,4
16486,4
16487,4
16488,4
16489,4
16490,4
16491,4
16492,4
16493,4
16494,4
16495,4
16496,4
16497,4
16498,4
16499,4
16500,4
16501,4
16502,4
16503,4
16504,4
16505,4
16506,4
16507,4
16508,4
16509,4
16510,4
16511,4
16512,4
16513,4
16514,4
16515,4
16516,4
16517,4
16518,4
16519,4
16520,4
16521,4
16522,4
16523,4
16524,4
16525,4
16526,4
16527,4
16528,4
16529,4
16530,4
16531,4
16532,4
16533,4
16534,4
16535,4
16536,4
16537,4
16538,4
16539,4
16540,4
16541,4
16542,4
16543,4
16544,4
16545,4
16546,4
16547,4
16548,4
16549,4
16550,4
16551,4
16552,4
16553,4
16554,4
16555,4
16556,4
16557,4
16558,4
16559,4
16560,4
16561,4
16562,4
16563,4
16564,4
16565,4
16566,4
16567,4
16568,4
16569,4
16570,4
16571,4
16572,4
16573,4
16574,4
16575,4
16576,4
16577,4
16578,4
16579,4
16580,4
16581,4
16582,4
16583,4
16584,4
16585,4
16586,4
16587,4
16588,4
16589,4
16590,4
16591,4
16592,4
16593,4
16594,4
16595,4
16596,4
16597,4
16598,4
16599,4
16600,4
16601,4
16602,4
16603,4
16604,4
16605,4
16606,4
16607,4
16608,4
16609,4
16610,4
16611,4
16612,4
16613,4
16614,4
16615,4
16616,4
16617,4
16618,4
16619,4
16620,4
16621,4
16622,4
16623,4
16624,4
16625,4
16626,4
16627,4
16628,4
16629,4
16630,4
16631,4
16632,4
16633,4
16634,4
16635,4
16636,4
16637,4
16638,4
16639,4
16640,4
16641,4
16642,4
16643,4
16644,4
16645,4
16646,4
16647,4
16648,4
16649,4
16650,4
16651,4
16652,4
16653,4
16654,4
16655,4
16656,4
16657,4
16658,4
16659,4
16660,4
16661,4
16662,4
16663,4
16664,4
16665,4
16666,4
16667,4
16668,4
16669,4
16670,4
16671,4
16672,4
16673,4
16674,4
16675,4
16676,4
16677,4
16678,4
16679,4
16680,4
16681,4
16682,4
16683,4
16684,4
16685,4
16686,4
16687,4
16688,4
16689,4
16690,4
16691,4
16692,4
16693,4
16694,4
16695,4
16696,4
16697,4
16698,4
16699,4
16700,4
16701,4
16702,4
16703,4
16704,4
16705,4
16706,4
16707,4
16708,4
16709,4
16710,4
16711,4
16712,4
16713,4
16714,4
16715,4
16716,4
16717,4
16718,4
16719,4
16720,4
16721,4
16722,4
16723,4
16724,4
16725,4
16726,4
16727,4
16728,4
16729,4
16730,4
16731,4
16732,4
16733,4
16734,4
16735,4
16736,4
16737,4
16738,4
16739,4
16740,4
16741,4
16742,4
16743,4
16744,4
16745,4
16746,4
16747,4
16748,4
16749,4
16750,4
16751,4
16752,4
16753,4
16754,4
16755,4
16756,4
16757,4
16758,4
16759,4
16760,4
16761,4
16762,4
16763,4
16764,4
16765,4
16766,4
16767,4
16768,4
16769,4
16770,4
16771,4
16772,4
16773,4
16774,4
16775,4
16776,4
16777,4
16778,4
16779,4
16780,4
16781,4
16782,4
16783,4
16784,4
16785,4
16786,4
16787,4
16788,4
16789,4
16790,4
16791,4
16792,4
16793,4
16794,4
16795,4
16796,4
16797,4
16798,4
16799,4
16800,4
16801,4
16802,4
16803,4
16804,4
16805,4
16806,4
16807,4
16808,4
16809,4
16810,4
16811,4
16812,4
16813,4
16814,4
16815,4
16816,4
16817,4
16818,4
16819,4
16820,4
16821,4
16822,4
16823,4
16824,4
16825,4
16826,4
16827,4
16828,4
16829,4
16830,4
16831,4
16832,4
16833,4
16834,4
16835,4
16836,4
16837,4
16838,4
16839,4
16840,4
16841,4
16842,4
16843,4
16844,4
16845,4
16846,4
16847,4
16848,4
16849,4
16850,4
16851,4
16852,4
16853,4
16854,4
16855,4
16856,4
16857,4
16858,4
16859,4
16860,4
16861,4
16862,4
16863,4
16864,4
16865,4
16866,4
16867,4
16868,4
16869,4
16870,4
16871,4
16872,4
16873,4
16874,4
16875,4
16876,4
16877,4
16878,4
16879,4
16880,4
16881,4
16882,4
16883,4
16884,4
16885,4
16886,4
16887,4
16888,4
16889,4
16890,4
16891,4
16892,4
16893,4
16894,4
16895,4
16896,4
16897,4
16898,4
16899,4
16900,4
16901,4
16902,4
16903,4
16904,4
16905,4
16906,4
16907,4
16908,4
16909,4
16910,4
16911,4
16912,4
16913,4
16914,4
16915,4
16916,4
16917,4
16918,4
16919,4
16920,4
16921,4
16922,4
16923,4
16924,4
16925,4
16926,4
16927,4
16928,4
16929,4
16930,4
16931,4
16932,4
16933,4
16934,4
16935,4
16936,4
16937,4
16938,4
16939,4
16940,4
16941,4
16942,4
16943,4
16944,4
16945,4
16946,4
16947,4
16948,4
16949,4
16950,4
16951,4
16952,4
16953,4
16954,4
16955,4
16956,4
16957,4
16958,4
16959,4
16960,4
16961,4
16962,4
16963,4
16964,4
16965,4
16966,4
16967,4
16968,4
16969,4
16970,4
16971,4
16972,4
16973,4
16974,4
16975,4
16976,4
16977,4
16978,4
16979,4
16980,4
16981,4
16982,4
16983,4
16984,4
16985,4
16986,4
16987,4
16988,4
16989,4
16990,4
16991,4
16992,4
16993,4
16994,4
16995,4
16996,4
16997,4
16998,4
16999,4
17000,4
17001,4
17002,4
17003,4
17004,4
17005,4
17006,4
17007,4
17008,4
17009,4
17010,4
17011,4
17012,4
17013,4
17014,4
17015,4
17016,4
17017,4
17018,4
17019,4
17020,4
17021,4
17022,4
17023,4
17024,4
17025,4
17026,4
17027,4
17028,4
17029,4
17030,4
17031,4
17032,4
17033,4
17034,4
17035,4
17036,4
17037,4
17038,4
17039,4
17040,4
17041,4
17042,4
17043,4
17044,4
17045,4
17046,4
17047,4
17048,4
17049,4
17050,4
17051,4
17052,4
17053,4
17054,4
17055,4
17056,4
17057,4
17058,4
17059,4
17060,4
17061,4
17062,4
17063,4
17064,4
17065,4
17066,4
17067,4
17068,4
17069,4
17070,4
17071,4
17072,4
17073,4
17074,4
17075,4
17076,4
17077,4
17078,4
17079,4
17080,4
17081,4
17082,4
17083,4
17084,4
17085,4
17086,4
17087,4
17088,4
17089,4
17090,4
17091,4
17092,4
17093,4
17094,4
17095,4
17096,4
17097,4
17098,4
17099,4
17100,4
17101,4
17102,4
17103,4
17104,4
17105,4
17106,4
17107,4
17108,4
17109,4
17110,4
17111,4
17112,4
17113,4
17114,4
17115,4
17116,4
17117,4
17118,4
17119,4
17120,4
17121,4
17122,4
17123,4
17124,4
17125,4
17126,4
17127,4
17128,4
17129,4
17130,4
17131,4
17132,4
17133,4
17134,4
17135,4
17136,4
17137,4
17138,4
17139,4
17140,4
17141,4
17142,4
17143,4
17144,4
17145,4
17146,4
17147,4
17148,4
17149,4
17150,4
17151,4
17152,4
17153,4
17154,4
17155,4
17156,4
17157,4
17158,4
17159,4
17160,4
17161,4
17162,4
17163,4
17164,4
17165,4
17166,4
17167,4
17168,4
17169,4
17170,4
17171,4
17172,4
17173,4
17174,4
17175,4
17176,4
17177,4
17178,4
17179,4
17180,4
17181,4
17182,4
17183,4
17184,4
17185,4
17186,4
17187,4
17188,4
17189,4
17190,4
17191,4
17192,4
17193,4
17194,4
17195,4
17196,4
17197,4
17198,4
17199,4
17200,4
17201,4
17202,4
17203,4
17204,4
17205,4
17206,4
17207,4
17208,4
17209,4
17210,4
17211,4
17212,4
17213,4
17214,4
17215,4
17216,4
17217,4
17218,4
17219,4
17220,4
17221,4
17222,4
17223,4
17224,4
17225,4
17226,4
17227,4
17228,4
17229,4
17230,4
17231,4
17232,4
17233,4
17234,4
17235,4
17236,4
17237,4
17238,4
17239,4
17240,4
17241,4
17242,4
17243,4
17244,4
17245,4
17246,4
17247,4
17248,4
17249,4
17250,4
17251,4
17252,4
17253,4
17254,4
17255,4
17256,4
17257,4
17258,4
17259,4
17260,4
17261,4
17262,4
17263,4
17264,4
17265,4
17266,4
17267,4
17268,4
17269,4
17270,4
17271,4
17272,4
17273,4
17274,4
17275,4
17276,4
17277,4
17278,4
17279,4
17280,4
17281,4
17282,4
17283,4
17284,4
17285,4
17286,4
17287,4
17288,4
17289,4
17290,4
17291,4
17292,4
17293,4
17294,4
17295,4
17296,4
17297,4
17298,4
17299,4
17300,4
17301,4
17302,4
17303,4
17304,4
17305,4
17306,4
17307,4
17308,4
17309,4
17310,4
17311,4
17312,4
17313,4
17314,4
17315,4
17316,4
17317,4
17318,4
17319,4
17320,4
17321,4
17322,4
17323,4
17324,4
17325,4
17326,4
17327,4
17328,4
17329,4
17330,4
17331,4
17332,4
17333,4
17334,4
17335,4
17336,4
17337,4
17338,4
17339,4
17340,4
17341,4
17342,4
17343,4
17344,4
17345,4
17346,4
17347,4
17348,4
17349,4
17350,4
17351,4
17352,4
17353,4
17354,4
17355,4
17356,4
17357,4
17358,4
17359,4
17360,4
17361,4
17362,4
17363,4
17364,4
17365,4
17366,4
17367,4
17368,4
17369,4
17370,4
17371,4
17372,4
17373,4
17374,4
17375,4
17376,4
17377,4
17378,4
17379,4
17380,4
17381,4
17382,4
17383,4
17384,4
17385,4
17386,4
17387,4
17388,4
17389,4
17390,4
17391,4
17392,4
17393,4
17394,4
17395,4
17396,4
17397,4
17398,4
17399,4
17400,4
17401,4
17402,4
17403,4
17404,4
17405,4
17406,4
17407,4
17408,4
17409,4
17410,4
17411,4
17412,4
17413,4
17414,4
17415,4
17416,4
17417,4
17418,4
17419,4
17420,4
17421,4
17422,4
17423,4
17424,4
17425,4
17426,4
17427,4
17428,4
17429,4
17430,4
17431,4
17432,4
17433,4
17434,4
17435,4
17436,4
17437,4
17438,4
17439,4
17440,4
17441,4
17442,4
17443,4
17444,4
17445,4
17446,4
17447,4
17448,4
17449,4
17450,4
17451,4
17452,4
17453,4
17454,4
17455,4
17456,4
17457,4
17458,4
17459,4
17460,4
17461,4
17462,4
17463,4
17464,4
17465,4
17466,4
17467,4
17468,4
17469,4
17470,4
17471,4
17472,4
17473,4
17474,4
17475,4
17476,4
17477,4
17478,4
17479,4
17480,4
17481,4
17482,4
17483,4
17484,4
17485,4
17486,4
17487,4
17488,4
17489,4
17490,4
17491,4
17492,4
17493,4
17494,4
17495,4
17496,4
17497,4
17498,4
17499,4
17500,4
17501,4
17502,4
17503,4
17504,4
17505,4
17506,4
17507,4
17508,4
17509,4
17510,4
17511,4
17512,4
17513,4
17514,4
17515,4
17516,4
17517,4
17518,4
17519,4
17520,4
17521,4
17522,4
17523,4
17524,4
17525,4
17526,4
17527,4
17528,4
17529,4
17530,4
17531,4
17532,4
17533,4
17534,4
17535,4
17536,4
17537,4
17538,4
17539,4
17540,4
17541,4
17542,4
17543,4
17544,4
17545,4
17546,4
17547,4
17548,4
17549,4
17550,4
17551,4
17552,4
17553,4
17554,4
17555,4
17556,4
17557,4
17558,4
17559,4
17560,4
17561,4
17562,4
17563,4
17564,4
17565,4
17566,4
17567,4
17568,4
17569,4
17570,4
17571,4
17572,4
17573,4
17574,4
17575,4
17576,4
17577,4
17578,4
17579,4
17580,4
17581,4
17582,4
17583,4
17584,4
17585,4
17586,4
17587,4
17588,4
17589,4
17590,4
17591,4
17592,4
17593,4
17594,4
17595,4
17596,4
17597,4
17598,4
17599,4
17600,4
17601,4
17602,4
17603,4
17604,4
17605,4
17606,4
17607,4
17608,4
17609,4
17610,4
17611,4
17612,4
17613,4
17614,4
17615,4
17616,4
17617,4
17618,4
17619,4
17620,4
17621,4
17622,4
17623,4
17624,4
17625,4
17626,4
17627,4
17628,4
17629,4
17630,4
17631,4
17632,4
17633,4
17634,4
17635,4
17636,4
17637,4
17638,4
17639,4
17640,4
17641,4
17642,4
17643,4
17644,4
17645,4
17646,4
17647,4
17648,4
17649,4
17650,4
17651,4
17652,4
17653,4
17654,4
17655,4
17656,4
17657,4
17658,4
17659,4
17660,4
17661,4
17662,4
17663,4
17664,4
17665,4
17666,4
17667,4
17668,4
17669,4
17670,4
17671,4
17672,4
17673,4
17674,4
17675,4
17676,4
17677,4
17678,4
17679,4
17680,4
17681,4
17682,4
17683,4
17684,4
17685,4
17686,4
17687,4
17688,4
17689,4
17690,4
17691,4
17692,4
17693,4
17694,4
17695,4
17696,4
17697,4
17698,4
17699,4
17700,4
17701,4
17702,4
17703,4
17704,4
17705,4
17706,4
17707,4
17708,4
17709,4
17710,4
17711,4
17712,4
17713,4
17714,4
17715,4
17716,4
17717,4
17718,4
17719,4
17720,4
17721,4
17722,4
17723,4
17724,4
17725,4
17726,4
17727,4
17728,4
17729,4
17730,4
17731,4
17732,4
17733,4
17734,4
17735,4
17736,4
17737,4
17738,4
17739,4
17740,4
17741,4
17742,4
17743,4
17744,4
17745,4
17746,4
17747,4
17748,4
17749,4
17750,4
17751,4
17752,4
17753,4
17754,4
17755,4
17756,4
17757,4
17758,4
17759,4
17760,4
17761,4
17762,4
17763,4
17764,4
17765,4
17766,4
17767,4
17768,4
17769,4
17770,4
17771,4
17772,4
17773,4
17774,4
17775,4
17776,4
17777,4
17778,4
17779,4
17780,4
17781,4
17782,4
17783,4
17784,4
17785,4
17786,4
17787,4
17788,4
17789,4
17790,4
17791,4
17792,4
17793,4
17794,4
17795,4
17796,4
17797,4
17798,4
17799,4
17800,4
17801,4
17802,4
17803,4
17804,4
17805,4
17806,4
17807,4
17808,4
17809,4
17810,4
17811,4
17812,4
17813,4
17814,4
17815,4
17816,4
17817,4
17818,4
17819,4
17820,4
17821,4
17822,4
17823,4
17824,4
17825,4
17826,4
17827,4
17828,4
17829,4
17830,4
17831,4
17832,4
17833,4
17834,4
17835,4
17836,4
17837,4
17838,4
17839,4
17840,4
17841,4
17842,4
17843,4
17844,4
17845,4
17846,4
17847,4
17848,4
17849,4
17850,4
17851,4
17852,4
17853,4
17854,4
17855,4
17856,4
17857,4
17858,4
17859,4
17860,4
17861,4
17862,4
17863,4
17864,4
17865,4
17866,4
17867,4
17868,4
17869,4
17870,4
17871,4
17872,4
17873,4
17874,4
17875,4
17876,4
17877,4
17878,4
17879,4
17880,4
17881,4
17882,4
17883,4
17884,4
17885,4
17886,4
17887,4
17888,4
17889,4
17890,4
17891,4
17892,4
17893,4
17894,4
17895,4
17896,4
17897,4
17898,4
17899,4
17900,4
17901,4
17902,4
17903,4
17904,4
17905,4
17906,4
17907,4
17908,4
17909,4
17910,4
17911,4
17912,4
17913,4
17914,4
17915,4
17916,4
17917,4
17918,4
17919,4
17920,4
17921,4
17922,4
17923,4
17924,4
17925,4
17926,4
17927,4
17928,4
17929,4
17930,4
17931,4
17932,4
17933,4
17934,4
17935,4
17936,4
17937,4
17938,4
17939,4
17940,4
17941,4
17942,4
17943,4
17944,4
17945,4
17946,4
17947,4
17948,4
17949,4
17950,4
17951,4
17952,4
17953,4
17954,4
17955,4
17956,4
17957,4
17958,4
17959,4
17960,4
17961,4
17962,4
17963,4
17964,4
17965,4
17966,4
17967,4
17968,4
17969,4
17970,4
17971,4
17972,4
17973,4
17974,4
17975,4
17976,4
17977,4
17978,4
17979,4
17980,4
17981,4
17982,4
17983,4
17984,4
17985,4
17986,4
17987,4
17988,4
17989,4
17990,4
17991,4
17992,4
17993,4
17994,4
17995,4
17996,4
17997,4
17998,4
17999,4
18000,4
18001,4
18002,4
18003,4
18004,4
18005,4
18006,4
18007,4
18008,4
18009,4
18010,4
18011,4
18012,4
18013,4
18014,4
18015,4
18016,4
18017,4
18018,4
18019,4
18020,4
18021,4
18022,4
18023,4
18024,4
18025,4
18026,4
18027,4
18028,4
18029,4
18030,4
18031,4
18032,4
18033,4
18034,4
18035,4
18036,4
18037,4
18038,4
18039,4
18040,4
18041,4
18042,4
18043,4
18044,4
18045,4
18046,4
18047,4
18048,4
18049,4
18050,4
18051,4
18052,4
18053,4
18054,4
18055,4
18056,4
18057,4
18058,4
18059,4
18060,4
18061,4
18062,4
18063,4
18064,4
18065,4
18066,4
18067,4
18068,4
18069,4
18070,4
18071,4
18072,4
18073,4
18074,4
18075,4
18076,4
18077,4
18078,4
18079,4
18080,4
18081,4
18082,4
18083,4
18084,4
18085,4
18086,4
18087,4
18088,4
18089,4
18090,4
18091,4
18092,4
18093,4
18094,4
18095,4
18096,4
18097,4
18098,4
18099,4
18100,4
18101,4
18102,4
18103,4
18104,4
18105,4
18106,4
18107,4
18108,4
18109,4
18110,4
18111,4
18112,4
18113,4
18114,4
18115,4
18116,4
18117,4
18118,4
18119,4
18120,4
18121,4
18122,4
18123,4
18124,4
18125,4
18126,4
18127,4
18128,4
18129,4
18130,4
18131,4
18132,4
18133,4
18134,4
18135,4
18136,4
18137,4
18138,4
18139,4
18140,4
18141,4
18142,4
18143,4
18144,4
18145,4
18146,4
18147,4
18148,4
18149,4
18150,4
18151,4
18152,4
18153,4
18154,4
18155,4
18156,4
18157,4
18158,4
18159,4
18160,4
18161,4
18162,4
18163,4
18164,4
18165,4
18166,4
18167,4
18168,4
18169,4
18170,4
18171,4
18172,4
18173,4
18174,4
18175,4
18176,4
18177,4
18178,4
18179,4
18180,4
18181,4
18182,4
18183,4
18184,4
18185,4
18186,4
18187,4
18188,4
18189,4
18190,4
18191,4
18192,4
18193,4
18194,4
18195,4
18196,4
18197,4
18198,4
18199,4
18200,4
18201,4
18202,4
18203,4
18204,4
18205,4
18206,4
18207,4
18208,4
18209,4
18210,4
18211,4
18212,4
18213,4
18214,4
18215,4
18216,4
18217,4
18218,4
18219,4
18220,4
18221,4
18222,4
18223,4
18224,4
18225,4
18226,4
18227,4
18228,4
18229,4
18230,4
18231,4
18232,4
18233,4
18234,4
18235,4
18236,4
18237,4
18238,4
18239,4
18240,4
18241,4
18242,4
18243,4
18244,4
18245,4
18246,4
18247,4
18248,4
18249,4
18250,4
18251,4
18252,4
18253,4
18254,4
18255,4
18256,4
18257,4
18258,4
18259,4
18260,4
18261,4
18262,4
18263,4
18264,4
18265,4
18266,4
18267,4
18268,4
18269,4
18270,4
18271,4
18272,4
18273,4
18274,4
18275,4
18276,4
18277,4
18278,4
18279,4
18280,4
18281,4
18282,4
18283,4
18284,4
18285,4
18286,4
18287,4
18288,4
18289,4
18290,4
18291,4
18292,4
18293,4
18294,4
18295,4
18296,4
18297,4
18298,4
18299,4
18300,4
18301,4
18302,4
18303,4
18304,4
18305,4
18306,4
18307,4
18308,4
18309,4
18310,4
18311,4
18312,4
18313,4
18314,4
18315,4
18316,4
18317,4
18318,4
18319,4
18320,4
18321,4
18322,4
18323,4
18324,4
18325,4
18326,4
18327,4
18328,4
18329,4
18330,4
18331,4
18332,4
18333,4
18334,4
18335,4
18336,4
18337,4
18338,4
18339,4
18340,4
18341,4
18342,4
18343,4
18344,4
18345,4
18346,4
18347,4
18348,4
18349,4
18350,4
18351,4
18352,4
18353,4
18354,4
18355,4
18356,4
18357,4
18358,4
18359,4
18360,4
18361,4
18362,4
18363,4
18364,4
18365,4
18366,4
18367,4
18368,4
18369,4
18370,4
18371,4
18372,4
18373,4
18374,4
18375,4
18376,4
18377,4
18378,4
18379,4
18380,4
18381,4
18382,4
18383,4
18384,4
18385,4
18386,4
18387,4
18388,4
18389,4
18390,4
18391,4
18392,4
18393,4
18394,4
18395,4
18396,4
18397,4
18398,4
18399,4
18400,4
18401,4
18402,4
18403,4
18404,4
18405,4
18406,4
18407,4
18408,4
18409,4
18410,4
18411,4
18412,4
18413,4
18414,4
18415,4
18416,4
18417,4
18418,4
18419,4
18420,4
18421,4
18422,4
18423,4
18424,4
18425,4
18426,4
18427,4
18428,4
18429,4
18430,4
18431,4
18432,4
18433,4
18434,4
18435,4
18436,4
18437,4
18438,4
18439,4
18440,4
18441,4
18442,4
18443,4
18444,4
18445,4
18446,4
18447,4
18448,4
18449,4
18450,4
18451,4
18452,4
18453,4
18454,4
18455,4
18456,4
18457,4
18458,4
18459,4
18460,4
18461,4
18462,4
18463,4
18464,4
18465,4
18466,4
18467,4
18468,4
18469,4
18470,4
18471,4
18472,4
18473,4
18474,4
18475,4
18476,4
18477,4
18478,4
18479,4
18480,4
18481,4
18482,4
18483,4
18484,4
18485,4
18486,4
18487,4
18488,4
18489,4
18490,4
18491,4
18492,4
18493,4
18494,4
18495,4
18496,4
18497,4
18498,4
18499,4
18500,4
18501,4
18502,4
18503,4
18504,4
18505,4
18506,4
18507,4
18508,4
18509,4
18510,4
18511,4
18512,4
18513,4
18514,4
18515,4
18516,4
18517,4
18518,4
18519,4
18520,4
18521,4
18522,4
18523,4
18524,4
18525,4
18526,4
18527,4
18528,4
18529,4
18530,4
18531,4
18532,4
18533,4
18534,4
18535,4
18536,4
18537,4
18538,4
18539,4
18540,4
18541,4
18542,4
18543,4
18544,4
18545,4
18546,4
18547,4
18548,4
18549,4
18550,4
18551,4
18552,4
18553,4
18554,4
18555,4
18556,4
18557,4
18558,4
18559,4
18560,4
18561,4
18562,4
18563,4
18564,4
18565,4
18566,4
18567,4
18568,4
18569,4
18570,4
18571,4
18572,4
18573,4
18574,4
18575,4
18576,4
18577,4
18578,4
18579,4
18580,4
18581,4
18582,4
18583,4
18584,4
18585,4
18586,4
18587,4
18588,4
18589,4
18590,4
18591,4
18592,4
18593,4
18594,4
18595,4
18596,4
18597,4
18598,4
18599,4
18600,4
18601,4
18602,4
18603,4
18604,4
18605,4
18606,4
18607,4
18608,4
18609,4
18610,4
18611,4
18612,4
18613,4
18614,4
18615,4
18616,4
18617,4
18618,4
18619,4
18620,4
18621,4
18622,4
18623,4
18624,4
18625,4
18626,4
18627,4
18628,4
18629,4
18630,4
18631,4
18632,4
18633,4
18634,4
18635,4
18636,4
18637,4
18638,4
18639,4
18640,4
18641,4
18642,4
18643,4
18644,4
18645,4
18646,4
18647,4
18648,4
18649,4
18650,4
18651,4
18652,4
18653,4
18654,4
18655,4
18656,4
18657,4
18658,4
18659,4
18660,4
18661,4
18662,4
18663,4
18664,4
18665,4
18666,4
18667,4
18668,4
18669,4
18670,4
18671,4
18672,4
18673,4
18674,4
18675,4
18676,4
18677,4
18678,4
18679,4
18680,4
18681,4
18682,4
18683,4
18684,4
18685,4
18686,4
18687,4
18688,4
18689,4
18690,4
18691,4
18692,4
18693,4
18694,4
18695,4
18696,4
18697,4
18698,4
18699,4
18700,4
18701,4
18702,4
18703,4
18704,4
18705,4
18706,4
18707,4
18708,4
18709,4
18710,4
18711,4
18712,4
18713,4
18714,4
18715,4
18716,4
18717,4
18718,4
18719,4
18720,4
18721,4
18722,4
18723,4
18724,4
18725,4
18726,4
18727,4
18728,4
18729,4
18730,4
18731,4
18732,4
18733,4
18734,4
18735,4
18736,4
18737,4
18738,4
18739,4
18740,4
18741,4
18742,4
18743,4
18744,4
18745,4
18746,4
18747,4
18748,4
18749,4
18750,4
18751,4
18752,4
18753,4
18754,4
18755,4
18756,4
18757,4
18758,4
18759,4
18760,4
18761,4
18762,4
18763,4
18764,4
18765,4
18766,4
18767,4
18768,4
18769,4
18770,4
18771,4
18772,4
18773,4
18774,4
18775,4
18776,4
18777,4
18778,4
18779,4
18780,4
18781,4
18782,4
18783,4
18784,4
18785,4
18786,4
18787,4
18788,4
18789,4
18790,4
18791,4
18792,4
18793,4
18794,4
18795,4
18796,4
18797,4
18798,4
18799,4
18800,4
18801,4
18802,4
18803,4
18804,4
18805,4
18806,4
18807,4
18808,4
18809,4
18810,4
18811,4
18812,4
18813,4
18814,4
18815,4
18816,4
18817,4
18818,4
18819,4
18820,4
18821,4
18822,4
18823,4
18824,4
18825,4
18826,4
18827,4
18828,4
18829,4
18830,4
18831,4
18832,4
18833,4
18834,4
18835,4
18836,4
18837,4
18838,4
18839,4
18840,4
18841,4
18842,4
18843,4
18844,4
18845,4
18846,4
18847,4
18848,4
18849,4
18850,4
18851,4
18852,4
18853,4
18854,4
18855,4
18856,4
18857,4
18858,4
18859,4
18860,4
18861,4
18862,4
18863,4
18864,4
18865,4
18866,4
18867,4
18868,4
18869,4
18870,4
18871,4
18872,4
18873,4
18874,4
18875,4
18876,4
18877,4
18878,4
18879,4
18880,4
18881,4
18882,4
18883,4
18884,4
18885,4
18886,4
18887,4
18888,4
18889,4
18890,4
18891,4
18892,4
18893,4
18894,4
18895,4
18896,4
18897,4
18898,4
18899,4
18900,4
18901,4
18902,4
18903,4
18904,4
18905,4
18906,4
18907,4
18908,4
18909,4
18910,4
18911,4
18912,4
18913,4
18914,4
18915,4
18916,4
18917,4
18918,4
18919,4
18920,4
18921,4
18922,4
18923,4
18924,4
18925,4
18926,4
18927,4
18928,4
18929,4
18930,4
18931,4
18932,4
18933,4
18934,4
18935,4
18936,4
18937,4
18938,4
18939,4
18940,4
18941,4
18942,4
18943,4
18944,4
18945,4
18946,4
18947,4
18948,4
18949,4
18950,4
18951,4
18952,4
18953,4
18954,4
18955,4
18956,4
18957,4
18958,4
18959,4
18960,4
18961,4
18962,4
18963,4
18964,4
18965,4
18966,4
18967,4
18968,4
18969,4
18970,4
18971,4
18972,4
18973,4
18974,4
18975,4
18976,4
18977,4
18978,4
18979,4
18980,4
18981,4
18982,4
18983,4
18984,4
18985,4
18986,4
18987,4
18988,4
18989,4
18990,4
18991,4
18992,4
18993,4
18994,4
18995,4
18996,4
18997,4
18998,4
18999,4
19000,4
19001,4
19002,4
19003,4
19004,4
19005,4
19006,4
19007,4
19008,4
19009,4
19010,4
19011,4
19012,4
19013,4
19014,4
19015,4
19016,4
19017,4
19018,4
19019,4
19020,4
19021,4
19022,4
19023,4
19024,4
19025,4
19026,4
19027,4
19028,4
19029,4
19030,4
19031,4
19032,4
19033,4
19034,4
19035,4
19036,4
19037,4
19038,4
19039,4
19040,4
19041,4
19042,4
19043,4
19044,4
19045,4
19046,4
19047,4
19048,4
19049,4
19050,4
19051,4
19052,4
19053,4
19054,4
19055,4
19056,4
19057,4
19058,4
19059,4
19060,4
19061,4
19062,4
19063,4
19064,4
19065,4
19066,4
19067,4
19068,4
19069,4
19070,4
19071,4
19072,4
19073,4
19074,4
19075,4
19076,4
19077,4
19078,4
19079,4
19080,4
19081,4
19082,4
19083,4
19084,4
19085,4
19086,4
19087,4
19088,4
19089,4
19090,4
19091,4
19092,4
19093,4
19094,4
19095,4
19096,4
19097,4
19098,4
19099,4
19100,4
19101,4
19102,4
19103,4
19104,4
19105,4
19106,4
19107,4
19108,4
19109,4
19110,4
19111,4
19112,4
19113,4
19114,4
19115,4
19116,4
19117,4
19118,4
19119,4
19120,4
19121,4
19122,4
19123,4
19124,4
19125,4
19126,4
19127,4
19128,4
19129,4
19130,4
19131,4
19132,4
19133,4
19134,4
19135,4
19136,4
19137,4
19138,4
19139,4
19140,4
19141,4
19142,4
19143,4
19144,4
19145,4
19146,4
19147,4
19148,4
19149,4
19150,4
19151,4
19152,4
19153,4
19154,4
19155,4
19156,4
19157,4
19158,4
19159,4
19160,4
19161,4
19162,4
19163,4
19164,4
19165,4
19166,4
19167,4
19168,4
19169,4
19170,4
19171,4
19172,4
19173,4
19174,4
19175,4
19176,4
19177,4
19178,4
19179,4
19180,4
19181,4
19182,4
19183,4
19184,4
19185,4
19186,4
19187,4
19188,4
19189,4
19190,4
19191,4
19192,4
19193,4
19194,4
19195,4
19196,4
19197,4
19198,4
19199,4
19200,4
19201,4
19202,4
19203,4
19204,4
19205,4
19206,4
19207,4
19208,4
19209,4
19210,4
19211,4
19212,4
19213,4
19214,4
19215,4
19216,4
19217,4
19218,4
19219,4
19220,4
19221,4
19222,4
19223,4
19224,4
19225,4
19226,4
19227,4
19228,4
19229,4
19230,4
19231,4
19232,4
19233,4
19234,4
19235,4
19236,4
19237,4
19238,4
19239,4
19240,4
19241,4
19242,4
19243,4
19244,4
19245,4
19246,4
19247,4
19248,4
19249,4
19250,4
19251,4
19252,4
19253,4
19254,4
19255,4
19256,4
19257,4
19258,4
19259,4
19260,4
19261,4
19262,4
19263,4
19264,4
19265,4
19266,4
19267,4
19268,4
19269,4
19270,4
19271,4
19272,4
19273,4
19274,4
19275,4
19276,4
19277,4
19278,4
19279,4
19280,4
19281,4
19282,4
19283,4
19284,4
19285,4
19286,4
19287,4
19288,4
19289,4
19290,4
19291,4
19292,4
19293,4
19294,4
19295,4
19296,4
19297,4
19298,4
19299,4
19300,4
19301,4
19302,4
19303,4
19304,4
19305,4
19306,4
19307,4
19308,4
19309,4
19310,4
19311,4
19312,4
19313,4
19314,4
19315,4
19316,4
19317,4
19318,4
19319,4
19320,4
19321,4
19322,4
19323,4
19324,4
19325,4
19326,4
19327,4
19328,4
19329,4
19330,4
19331,4
19332,4
19333,4
19334,4
19335,4
19336,4
19337,4
19338,4
19339,4
19340,4
19341,4
19342,4
19343,4
19344,4
19345,4
19346,4
19347,4
19348,4
19349,4
19350,4
19351,4
19352,4
19353,4
19354,4
19355,4
19356,4
19357,4
19358,4
19359,4
19360,4
19361,4
19362,4
19363,4
19364,4
19365,4
19366,4
19367,4
19368,4
19369,4
19370,4
19371,4
19372,4
19373,4
19374,4
19375,4
19376,4
19377,4
19378,4
19379,4
19380,4
19381,4
19382,4
19383,4
19384,4
19385,4
19386,4
19387,4
19388,4
19389,4
19390,4
19391,4
19392,4
19393,4
19394,4
19395,4
19396,4
19397,4
19398,4
19399,4
19400,4
19401,4
19402,4
19403,4
19404,4
19405,4
19406,4
19407,4
19408,4
19409,4
19410,4
19411,4
19412,4
19413,4
19414,4
19415,4
19416,4
19417,4
19418,4
19419,4
19420,4
19421,4
19422,4
19423,4
19424,4
19425,4
19426,4
19427,4
19428,4
19429,4
19430,4
19431,4
19432,4
19433,4
19434,4
19435,4
19436,4
19437,4
19438,4
19439,4
19440,4
19441,4
19442,4
19443,4
19444,4
19445,4
19446,4
19447,4
19448,4
19449,4
19450,4
19451,4
19452,4
19453,4
19454,4
19455,4
19456,4
19457,4
19458,4
19459,4
19460,4
19461,4
19462,4
19463,4
19464,4
19465,4
19466,4
19467,4
19468,4
19469,4
19470,4
19471,4
19472,4
19473,4
19474,4
19475,4
19476,4
19477,4
19478,4
19479,4
19480,4
19481,4
19482,4
19483,4
19484,4
19485,4
19486,4
19487,4
19488,4
19489,4
19490,4
19491,4
19492,4
19493,4
19494,4
19495,4
19496,4
19497,4
19498,4
19499,4
19500,4
19501,4
19502,4
19503,4
19504,4
19505,4
19506,4
19507,4
19508,4
19509,4
19510,4
19511,4
19512,4
19513,4
19514,4
19515,4
19516,4
19517,4
19518,4
19519,4
19520,4
19521,4
19522,4
19523,4
19524,4
19525,4
19526,4
19527,4
19528,4
19529,4
19530,4
19531,4
19532,4
19533,4
19534,4
19535,4
19536,4
19537,4
19538,4
19539,4
19540,4
19541,4
19542,4
19543,4
19544,4
19545,4
19546,4
19547,4
19548,4
19549,4
19550,4
19551,4
19552,4
19553,4
19554,4
19555,4
19556,4
19557,4
19558,4
19559,4
19560,4
19561,4
19562,4
19563,4
19564,4
19565,4
19566,4
19567,4
19568,4
19569,4
19570,4
19571,4
19572,4
19573,4
19574,4
19575,4
19576,4
19577,4
19578,4
19579,4
19580,4
19581,4
19582,4
19583,4
19584,4
19585,4
19586,4
19587,4
19588,4
19589,4
19590,4
19591,4
19592,4
19593,4
19594,4
19595,4
19596,4
19597,4
19598,4
19599,4
19600,4
19601,4
19602,4
19603,4
19604,4
19605,4
19606,4
19607,4
19608,4
19609,4
19610,4
19611,4
19612,4
19613,4
19614,4
19615,4
19616,4
19617,4
19618,4
19619,4
19620,4
19621,4
19622,4
19623,4
19624,4
19625,4
19626,4
19627,4
19628,4
19629,4
19630,4
19631,4
19632,4
19633,4
19634,4
19635,4
19636,4
19637,4
19638,4
19639,4
19640,4
19641,4
19642,4
19643,4
19644,4
19645,4
19646,4
19647,4
19648,4
19649,4
19650,4
19651,4
19652,4
19653,4
19654,4
19655,4
19656,4
19657,4
19658,4
19659,4
19660,4
19661,4
19662,4
19663,4
19664,4
19665,4
19666,4
19667,4
19668,4
19669,4
19670,4
19671,4
19672,4
19673,4
19674,4
19675,4
19676,4
19677,4
19678,4
19679,4
19680,4
19681,4
19682,4
19683,4
19684,4
19685,4
19686,4
19687,4
19688,4
19689,4
19690,4
19691,4
19692,4
19693,4
19694,4
19695,4
19696,4
19697,4
19698,4
19699,4
19700,4
19701,4
19702,4
19703,4
19704,4
19705,4
19706,4
19707,4
19708,4
19709,4
19710,4
19711,4
19712,4
19713,4
19714,4
19715,4
19716,4
19717,4
19718,4
19719,4
19720,4
19721,4
19722,4
19723,4
19724,4
19725,4
19726,4
19727,4
19728,4
19729,4
19730,4
19731,4
19732,4
19733,4
19734,4
19735,4
19736,4
19737,4
19738,4
19739,4
19740,4
19741,4
19742,4
19743,4
19744,4
19745,4
19746,4
19747,4
19748,4
19749,4
19750,4
19751,4
19752,4
19753,4
19754,4
19755,4
19756,4
19757,4
19758,4
19759,4
19760,4
19761,4
19762,4
19763,4
19764,4
19765,4
19766,4
19767,4
19768,4
19769,4
19770,4
19771,4
19772,4
19773,4
19774,4
19775,4
19776,4
19777,4
19778,4
19779,4
19780,4
19781,4
19782,4
19783,4
19784,4
19785,4
19786,4
19787,4
19788,4
19789,4
19790,4
19791,4
19792,4
19793,4
19794,4
19795,4
19796,4
19797,4
19798,4
19799,4
19800,4
19801,4
19802,4
19803,4
19804,4
19805,4
19806,4
19807,4
19808,4
19809,4
19810,4
19811,4
19812,4
19813,4
19814,4
19815,4
19816,4
19817,4
19818,4
19819,4
19820,4
19821,4
19822,4
19823,4
19824,4
19825,4
19826,4
19827,4
19828,4
19829,4
19830,4
19831,4
19832,4
19833,4
19834,4
19835,4
19836,4
19837,4
19838,4
19839,4
19840,4
19841,4
19842,4
19843,4
19844,4
19845,4
19846,4
19847,4
19848,4
19849,4
19850,4
19851,4
19852,4
19853,4
19854,4
19855,4
19856,4
19857,4
19858,4
19859,4
19860,4
19861,4
19862,4
19863,4
19864,4
19865,4
19866,4
19867,4
19868,4
19869,4
19870,4
19871,4
19872,4
19873,4
19874,4
19875,4
19876,4
19877,4
19878,4
19879,4
19880,4
19881,4
19882,4
19883,4
19884,4
19885,4
19886,4
19887,4
19888,4
19889,4
19890,4
19891,4
19892,4
19893,4
19894,4
19895,4
19896,4
19897,4
19898,4
19899,4
19900,4
19901,4
19902,4
19903,4
19904,4
19905,4
19906,4
19907,4
19908,4
19909,4
19910,4
19911,4
19912,4
19913,4
19914,4
19915,4
19916,4
19917,4
19918,4
19919,4
19920,4
19921,4
19922,4
19923,4
19924,4
19925,4
19926,4
19927,4
19928,4
19929,4
19930,4
19931,4
19932,4
19933,4
19934,4
19935,4
19936,4
19937,4
19938,4
19939,4
19940,4
19941,4
19942,4
19943,4
19944,4
19945,4
19946,4
19947,4
19948,4
19949,4
19950,4
19951,4
19952,4
19953,4
19954,4
19955,4
19956,4
19957,4
19958,4
19959,4
19960,4
19961,4
19962,4
19963,4
19964,4
19965,4
19966,4
19967,4
19968,4
19969,4
19970,4
19971,4
19972,4
19973,4
19974,4
19975,4
19976,4
19977,4
19978,4
19979,4
19980,4
19981,4
19982,4
19983,4
19984,4
19985,4
19986,4
19987,4
19988,4
19989,4
19990,4
19991,4
19992,4
19993,4
19994,4
19995,4
19996,4
19997,4
19998,4
19999,4
20000,4
