"iter","K_plus","tau","graph_accepted","precision_accepted","auxiliary_attempts","new_clusters","mean_new_cluster_probability"
1,6,0.2,504,1572,201037,0,4.68149060395256e-05
2,6,0.204020100502513,397,1546,338204,0,1.85331099417198e-07
3,6,0.208040201005025,361,1549,299030,0,6.76980478575533e-07
4,6,0.212060301507538,351,1503,314741,0,8.90824986646744e-08
5,6,0.21608040201005,337,1503,190589,0,1.03501420053937e-07
6,6,0.220100502512563,378,1460,244509,0,7.01819648977335e-08
7,6,0.224120603015075,365,1522,159769,0,4.8183850690215e-08
8,6,0.228140703517588,388,1453,215109,0,1.62951689540399e-07
9,6,0.232160804020101,396,1467,193368,0,5.82934811562413e-08
10,6,0.236180904522613,401,1443,189002,0,6.73855478119726e-08
11,6,0.240201005025126,355,1499,169134,0,1.90942997046275e-07
12,6,0.244221105527638,385,1482,252490,0,3.89224750754298e-07
13,6,0.248241206030151,397,1499,396497,0,1.25220725941375e-07
14,6,0.252261306532663,385,1466,419385,0,7.13649841384901e-07
15,6,0.256281407035176,403,1471,256156,0,6.7233387348655e-08
16,6,0.260301507537688,397,1489,256859,0,1.05064433477975e-07
17,6,0.264321608040201,374,1436,266152,0,1.58348665811844e-06
18,6,0.268341708542714,348,1537,261259,0,1.27241825748382e-07
19,6,0.272361809045226,396,1519,277394,0,3.28892544811407e-08
20,6,0.276381909547739,332,1480,120926,0,8.56962814593961e-07
21,6,0.280402010050251,381,1464,174902,0,1.01056920010286e-07
22,6,0.284422110552764,398,1491,234103,0,2.54024178844038e-07
23,6,0.288442211055276,355,1488,179907,0,1.196778708976e-05
24,6,0.292462311557789,366,1512,411649,0,1.49729195931684e-06
25,6,0.296482412060302,375,1463,302421,0,2.17661602291104e-08
26,6,0.300502512562814,414,1503,217460,0,2.23352839742631e-08
27,6,0.304522613065327,392,1456,170882,0,2.90462121296728e-07
28,6,0.308542713567839,398,1517,194553,0,1.62238767492592e-07
29,6,0.312562814070352,424,1497,142579,0,2.00131956561955e-07
30,6,0.316582914572864,397,1489,138467,0,1.32027286414702e-08
31,6,0.320603015075377,405,1495,146853,0,1.06291771510988e-07
32,6,0.324623115577889,437,1471,256385,0,2.18916930466675e-07
33,6,0.328643216080402,417,1437,355644,0,4.64068251491662e-08
34,6,0.332663316582915,420,1516,223279,0,6.67044806964072e-08
35,6,0.336683417085427,415,1518,298101,0,7.25748893476788e-08
36,6,0.34070351758794,391,1492,235951,0,6.47103480366822e-08
37,6,0.344723618090452,424,1460,228684,0,7.14329328206674e-08
38,6,0.348743718592965,404,1482,226209,0,5.69874641490918e-08
39,6,0.352763819095477,385,1450,214621,0,5.53973861932534e-08
40,6,0.35678391959799,405,1547,249645,0,4.05719588507904e-08
41,6,0.360804020100503,432,1494,309777,0,6.97977076148599e-08
42,6,0.364824120603015,394,1552,211330,0,7.00469527890414e-08
43,6,0.368844221105528,427,1503,234134,0,1.95231881501642e-07
44,6,0.37286432160804,407,1447,204866,0,1.14505294720194e-07
45,6,0.376884422110553,429,1461,292519,0,2.26425717729735e-08
46,6,0.380904522613065,411,1463,317195,0,7.35842530172336e-08
47,6,0.384924623115578,383,1497,225900,0,2.95179160417698e-07
48,6,0.38894472361809,413,1491,233832,0,1.2489383098875e-07
49,6,0.392964824120603,418,1478,240085,0,5.04197093979065e-08
50,6,0.396984924623116,411,1554,198463,0,2.55135970698404e-06
51,6,0.401005025125628,436,1494,200996,0,3.76615256634733e-07
52,6,0.405025125628141,436,1502,205035,0,2.35920098725663e-08
53,6,0.409045226130653,392,1493,222466,0,3.00802231618124e-08
54,6,0.413065326633166,451,1495,230359,0,4.6692668473046e-08
55,6,0.417085427135678,400,1467,279762,0,1.5118360082406e-07
56,6,0.421105527638191,432,1471,352110,0,1.02135435397662e-08
57,6,0.425125628140704,383,1438,387708,0,8.64442301343408e-08
58,6,0.429145728643216,386,1459,415325,0,9.85359833236341e-07
59,6,0.433165829145729,404,1471,401711,0,1.28905573776085e-07
60,6,0.437185929648241,388,1483,367321,0,2.93356940613026e-07
61,6,0.441206030150754,408,1511,358249,0,8.10142528658079e-08
62,6,0.445226130653266,411,1458,330939,0,3.93888002918621e-08
63,6,0.449246231155779,430,1530,212841,0,7.59078709683009e-08
64,6,0.453266331658291,389,1466,291313,0,3.8956015010808e-08
65,6,0.457286432160804,442,1476,469171,0,7.4976242172022e-08
66,6,0.461306532663317,405,1540,192770,0,7.66732563672635e-08
67,6,0.465326633165829,400,1467,219677,0,1.42132700642907e-07
68,6,0.469346733668342,464,1517,231179,0,2.25881251445815e-08
69,6,0.473366834170854,445,1504,342614,0,7.4415438174304e-08
70,6,0.477386934673367,391,1443,521542,0,3.38214228589691e-08
71,6,0.481407035175879,407,1436,345008,0,1.11810210261882e-07
72,6,0.485427135678392,447,1475,225667,0,4.61609664112042e-08
73,6,0.489447236180905,463,1469,263948,0,9.74924802674362e-08
74,6,0.493467336683417,436,1543,315380,0,1.54958195822048e-06
75,6,0.49748743718593,430,1472,621070,0,7.9093335007285e-07
76,6,0.501507537688442,450,1492,490312,0,1.70239028746848e-06
77,6,0.505527638190955,456,1506,439427,0,1.02874218333665e-07
78,6,0.509547738693467,446,1516,555367,0,4.73796505272627e-08
79,6,0.51356783919598,449,1523,408741,0,1.15270551838849e-07
80,6,0.517587939698492,435,1509,378482,0,6.29593547481002e-08
81,6,0.521608040201005,429,1518,314944,0,8.66927169629258e-08
82,6,0.525628140703518,461,1512,302922,0,9.52759589204488e-08
83,6,0.52964824120603,464,1459,436459,0,2.01038315229648e-07
84,6,0.533668341708543,484,1417,454145,0,1.59958567767777e-08
85,6,0.537688442211055,408,1476,488358,0,2.78376076397889e-07
86,6,0.541708542713568,464,1450,281286,0,1.14944081269494e-08
87,6,0.54572864321608,449,1481,353669,0,2.95737021468764e-08
88,6,0.549748743718593,436,1503,435620,0,1.81015052465244e-08
89,6,0.553768844221106,442,1516,421955,0,5.32697434878446e-08
90,6,0.557788944723618,434,1527,402927,0,4.99978016289454e-08
91,6,0.561809045226131,442,1477,300975,0,9.22519327141725e-08
92,6,0.565829145728643,470,1439,332122,0,7.65705398105173e-08
93,6,0.569849246231156,449,1470,451930,0,2.98897427971901e-07
94,6,0.573869346733668,429,1476,216288,0,4.26994140409911e-08
95,6,0.577889447236181,453,1485,379329,0,1.1191700465309e-06
96,6,0.581909547738694,439,1486,463907,0,6.01859039827661e-08
97,6,0.585929648241206,434,1459,431930,0,6.41580734571862e-08
98,6,0.589949748743719,474,1502,309370,0,7.69238122789887e-08
99,6,0.593969849246231,472,1449,371050,0,4.1380319115556e-07
100,6,0.597989949748744,443,1452,381514,0,2.49174173118563e-07
101,6,0.602010050251256,472,1457,324932,0,1.47961991857715e-08
102,6,0.606030150753769,476,1499,380411,0,1.28608321084939e-08
103,6,0.610050251256281,447,1478,389727,0,3.508120953755e-08
104,6,0.614070351758794,469,1503,395935,0,1.4577731236979e-07
105,6,0.618090452261307,438,1460,633657,0,7.89063075468549e-08
106,6,0.622110552763819,487,1464,988047,0,2.13291841165006e-08
107,6,0.626130653266332,459,1497,419612,0,3.12618122335037e-08
108,6,0.630150753768844,440,1510,433112,0,4.94403034532332e-08
109,6,0.634170854271357,463,1533,365879,0,2.21402495754375e-08
110,6,0.638190954773869,462,1498,408506,0,3.37317012767717e-08
111,6,0.642211055276382,466,1449,343532,0,1.18619204604274e-08
112,6,0.646231155778894,453,1485,424338,0,6.77341649959881e-08
113,6,0.650251256281407,420,1542,399977,0,5.01745619645458e-08
114,6,0.65427135678392,421,1478,276068,1,0.00186228798577278
115,6,0.658291457286432,438,1446,291137,1,0.00171476458216135
116,6,0.662311557788945,424,1489,381184,1,0.00186220775959591
117,6,0.666331658291457,470,1461,574254,1,0.00186220866134637
118,6,0.67035175879397,398,1499,266990,1,0.0018622442361175
119,6,0.674371859296482,398,1452,180812,1,0.00185220063945937
120,6,0.678391959798995,434,1426,252240,1,0.00186224977754003
121,6,0.682412060301508,420,1454,318702,1,0.0018622428083294
122,5,0.68643216080402,452,1470,275092,0,5.40544802949415e-08
123,5,0.690452261306533,270,1221,254084,0,1.55048717360359e-06
124,5,0.694472361809045,284,1173,229825,0,2.34041504305837e-08
125,5,0.698492462311558,243,1205,247136,0,8.81496131302459e-08
126,5,0.70251256281407,272,1188,337701,0,8.46284021896994e-08
127,5,0.706532663316583,286,1220,408975,0,1.8245180642743e-07
128,5,0.710552763819096,234,1249,451173,0,6.42256496943449e-08
129,5,0.714572864321608,281,1210,451690,0,2.71386804252144e-07
130,5,0.718592964824121,299,1226,595945,0,1.41821457331299e-07
131,5,0.722613065326633,330,1194,456166,0,2.38260838530971e-08
132,5,0.726633165829146,298,1204,474497,0,6.80398101378018e-08
133,5,0.730653266331658,297,1226,716566,0,5.64683199217189e-08
134,5,0.734673366834171,294,1263,489214,0,2.18760163225288e-06
135,5,0.738693467336683,222,1192,245916,0,8.74003580517342e-08
136,5,0.742713567839196,272,1245,183136,0,2.15202733166218e-08
137,5,0.746733668341709,263,1268,227963,0,1.81992937984541e-08
138,5,0.750753768844221,293,1214,250267,0,1.67979699378036e-08
139,5,0.754773869346734,268,1255,227416,0,1.14440191370651e-08
140,5,0.758793969849246,266,1223,228839,0,3.00610137035127e-08
141,5,0.762814070351759,266,1215,343404,0,6.24920062741343e-08
142,5,0.766834170854271,258,1207,276897,0,2.49850671621737e-08
143,5,0.770854271356784,260,1210,249509,0,9.40468639029639e-08
144,5,0.774874371859297,296,1182,272154,0,3.61297803658714e-08
145,5,0.778894472361809,268,1223,320169,0,8.29051578208937e-09
146,5,0.782914572864322,297,1156,321316,0,1.2762289066852e-08
147,5,0.786934673366834,286,1217,182041,0,4.59296280081317e-08
148,5,0.790954773869347,293,1209,271622,0,1.22464311442646e-08
149,5,0.794974874371859,289,1206,211412,0,1.11553323614192e-08
150,5,0.798994974874372,239,1193,220174,0,1.07584287329883e-07
151,5,0.803015075376885,259,1138,329289,0,6.18544679764754e-08
152,5,0.807035175879397,251,1197,410640,0,2.25603552604291e-08
153,5,0.81105527638191,295,1178,298254,0,1.26291719955965e-08
154,5,0.815075376884422,254,1227,361039,0,1.26450022865235e-08
155,5,0.819095477386935,260,1235,190994,0,6.97424752388017e-08
156,5,0.823115577889447,285,1224,187238,0,1.20356312875209e-08
157,5,0.82713567839196,250,1187,321075,0,6.30023510127444e-07
158,5,0.831155778894472,266,1221,375126,0,4.33242516361983e-08
159,5,0.835175879396985,308,1170,431169,0,1.47000193332745e-08
160,5,0.839195979899497,275,1179,763477,0,9.82314654970442e-08
161,5,0.84321608040201,277,1186,529223,0,1.9338782681176e-07
162,5,0.847236180904523,302,1239,230305,0,2.35442348861857e-08
163,5,0.851256281407035,287,1219,292597,0,3.12611335987739e-08
164,5,0.855276381909548,279,1182,358370,0,1.0430750274851e-07
165,5,0.85929648241206,245,1180,270247,0,6.89454522130475e-08
166,5,0.863316582914573,271,1137,494311,0,2.26488395367265e-08
167,5,0.867336683417085,252,1179,615809,0,4.51626383878265e-08
168,5,0.871356783919598,260,1146,812273,0,3.25521396518186e-08
169,5,0.875376884422111,259,1193,652930,0,1.78472645616423e-08
170,5,0.879396984924623,271,1172,968247,0,7.05903547945783e-09
171,5,0.883417085427136,256,1252,376928,0,5.87143369562682e-09
172,5,0.887437185929648,244,1161,516198,0,5.7864001449584e-09
173,5,0.891457286432161,264,1173,343562,0,4.23098823767591e-08
174,5,0.895477386934673,258,1204,564434,0,4.80170923872861e-09
175,5,0.899497487437186,280,1183,364294,0,1.58585613042941e-07
176,5,0.903517587939699,250,1187,454195,0,1.67079421332388e-08
177,5,0.907537688442211,249,1175,202988,0,2.32400989907275e-08
178,5,0.911557788944724,241,1162,156333,0,2.25161981450532e-08
179,5,0.915577889447236,258,1223,176515,0,5.22780101186558e-07
180,5,0.919597989949749,234,1174,247675,0,2.82793575148388e-07
181,5,0.923618090452261,284,1196,307803,0,2.7492194962418e-08
182,5,0.927638190954774,261,1236,233452,0,1.5775923059778e-08
183,5,0.931658291457286,275,1162,381015,0,1.19100678130641e-08
184,5,0.935678391959799,266,1185,318869,0,3.90726028917447e-08
185,5,0.939698492462312,232,1181,244969,0,2.59166225022406e-08
186,5,0.943718592964824,267,1204,280612,0,7.404646441532e-08
187,5,0.947738693467337,256,1185,299077,0,4.61920605307319e-08
188,5,0.951758793969849,250,1161,479455,0,4.63080528399619e-09
189,5,0.955778894472362,245,1116,517609,0,5.50767583623758e-09
190,5,0.959798994974874,237,1163,360879,0,1.34242309002715e-08
191,5,0.963819095477387,238,1137,420759,0,9.34590414490689e-09
192,5,0.9678391959799,230,1166,347085,0,6.97549297719878e-08
193,5,0.971859296482412,245,1157,281575,0,3.4945294591711e-08
194,5,0.975879396984925,211,1217,315816,0,3.1518221392614e-08
195,5,0.979899497487437,217,1157,411364,0,1.48892073034826e-07
196,5,0.98391959798995,217,1160,444270,0,3.0858582449816e-08
197,5,0.987939698492462,221,1132,553825,0,1.95157727526737e-08
198,5,0.991959798994975,247,1159,603410,0,3.59694654631796e-08
199,5,0.995979899497488,206,1119,553662,0,1.45164670982516e-08
200,5,1,215,1144,587579,0,1.72614974569311e-08
201,5,1,195,1156,458004,0,1.55951903422254e-08
202,5,1,181,1092,402751,0,4.98147108896181e-08
203,5,1,192,1078,395016,0,1.0307390947219e-06
204,5,1,243,1116,482617,0,1.14774709387781e-08
205,5,1,203,1153,618068,0,4.91905234185501e-08
206,5,1,218,1152,632305,0,5.03700731572749e-08
207,5,1,197,1134,584600,0,1.475395255156e-08
208,5,1,179,1162,624538,0,7.30083464226288e-09
209,5,1,195,1115,663805,0,3.38745874638369e-08
210,5,1,196,1132,639531,0,1.02778699872367e-08
211,5,1,198,1129,586789,0,1.1894396873777e-08
212,5,1,202,1129,605400,0,9.5704151266889e-09
213,5,1,230,1140,642238,0,6.58709829932772e-08
214,5,1,242,1145,548146,0,4.3373128980122e-07
215,5,1,241,1159,751242,0,1.59000968963531e-08
216,5,1,227,1113,821520,0,1.39042470340073e-08
217,5,1,213,1164,521553,0,2.83740363595039e-08
218,5,1,170,1063,322151,0,2.26263951485707e-08
219,5,1,182,1125,292975,0,2.41929654411209e-08
220,5,1,191,1106,344320,0,2.43012441935594e-08
221,5,1,208,1133,673728,0,1.89335973289393e-07
222,5,1,184,1148,430100,0,4.25660202579569e-09
223,5,1,220,1130,322344,0,2.90240546885028e-08
224,5,1,188,1116,244749,0,8.26385337589319e-08
225,5,1,194,1174,178839,0,2.24414943740012e-08
226,5,1,206,1171,184738,0,5.30877589984976e-08
227,5,1,206,1128,210513,0,1.47721547332087e-08
228,5,1,207,1129,257432,0,4.03262139164402e-08
229,5,1,210,1103,191255,0,9.29175623163564e-09
230,5,1,224,1153,216446,0,1.77433928142491e-08
231,5,1,225,1181,232000,0,4.41704088069206e-09
232,5,1,217,1123,217908,0,9.19915467656245e-08
233,5,1,210,1160,158909,0,4.10297490888897e-09
234,5,1,219,1177,144190,0,3.54695830947308e-08
235,5,1,192,1120,197615,0,5.05311901783368e-09
236,5,1,207,1134,241562,0,4.05328574573539e-08
237,5,1,212,1129,213411,0,7.50374192914393e-07
238,5,1,217,1098,236268,0,1.46348291280529e-07
239,5,1,210,1130,253048,0,3.86876299436504e-09
240,5,1,226,1115,191104,0,1.91176076560903e-08
241,5,1,225,1124,190833,0,9.02931558514783e-09
242,5,1,214,1150,214812,0,1.32854345256785e-07
243,5,1,193,1105,188004,0,2.24170334564649e-08
244,5,1,209,1107,215669,0,4.76218031753979e-08
245,5,1,202,1114,198127,0,2.59394233571676e-09
246,5,1,200,1087,193547,0,5.98779892322849e-08
247,5,1,172,1136,167276,0,6.57906218543214e-06
248,5,1,192,1154,166218,0,1.39858859424691e-06
249,5,1,213,1131,119365,0,4.04210156567515e-08
250,5,1,178,1142,136155,0,1.21670759129385e-08
251,5,1,203,1130,154291,0,5.08250507655666e-09
252,5,1,180,1137,195050,0,5.09218873039332e-09
253,5,1,205,1186,161643,0,1.45643409369881e-07
254,5,1,199,1071,176280,0,1.05795796528828e-08
255,5,1,206,1125,203084,0,2.13299570681343e-08
256,5,1,197,1098,252300,0,3.09217017049308e-08
257,5,1,192,1152,237049,0,7.11708678428811e-08
258,5,1,182,1128,258902,0,6.5064943169902e-09
259,5,1,203,1109,291040,0,7.05458218293014e-08
260,5,1,200,1164,291729,0,7.79687917654351e-09
261,5,1,207,1139,466461,0,2.01058529822316e-08
262,5,1,184,1159,426050,0,9.35465253718061e-09
263,5,1,181,1134,197080,0,1.37968850477384e-08
264,5,1,192,1158,261266,0,6.36674895334364e-09
265,5,1,200,1101,176844,0,2.3499930540828e-09
266,5,1,214,1108,179774,0,3.22620747244959e-08
267,5,1,218,1124,193272,0,8.42823486206582e-09
268,5,1,216,1099,338232,0,2.3622703006066e-07
269,5,1,216,1104,335131,0,3.90127313112754e-08
270,5,1,203,1132,278537,0,1.44637782925023e-08
271,5,1,201,1086,225485,0,8.13604389404254e-09
272,5,1,207,1116,163749,0,2.3626316825316e-08
273,5,1,210,1126,200054,0,5.19447809791687e-09
274,5,1,215,1095,279171,0,2.81326261569894e-08
275,5,1,176,1159,265855,0,1.36870674594045e-08
276,5,1,180,1112,249383,0,1.63118160462678e-08
277,5,1,198,1078,225818,0,2.74620223471034e-08
278,5,1,182,1156,254903,0,7.48837811229896e-09
279,5,1,227,1145,227799,0,1.22452394115085e-08
280,5,1,228,1127,234240,0,9.77398183913826e-09
281,5,1,227,1161,268356,0,2.31619074220813e-08
282,5,1,218,1171,233099,0,2.04053512285796e-08
283,6,1,219,1120,220518,1,0.000562338661051869
284,5,1,372,1379,193067,0,1.55890594518318e-06
285,5,1,211,1078,131473,0,1.18812528814129e-07
286,5,1,198,1100,157368,0,1.20006073338007e-06
287,5,1,218,1108,134653,0,1.34449189020244e-08
288,5,1,233,1135,171873,0,5.07793065975108e-08
289,5,1,215,1102,95118,0,1.12959443290901e-07
290,5,1,205,1131,91791,0,4.7454588003702e-08
291,5,1,188,1131,107730,0,7.69461429459082e-07
292,5,1,203,1073,171457,0,2.19357357586491e-08
293,5,1,197,1075,138313,0,9.23533982064557e-09
294,5,1,230,1169,120550,0,3.44257886055312e-08
295,5,1,244,1148,105672,0,4.9748845397672e-09
296,5,1,221,1107,145735,0,3.22068461085956e-08
297,5,1,220,1129,144723,0,1.75909238039479e-08
298,5,1,202,1134,156793,0,1.65014010782214e-08
299,5,1,210,1091,202030,0,1.19668244895064e-07
300,5,1,205,1082,256902,0,3.46399101856231e-08
301,5,1,189,1080,214484,0,2.28319947786064e-08
302,5,1,266,1100,159619,0,4.02363039338972e-09
303,5,1,229,1108,168281,0,1.75707136392631e-08
304,5,1,213,1090,306482,0,1.44371467510397e-07
305,5,1,209,1100,192942,0,1.98232874196185e-08
306,5,1,197,1130,147544,0,1.11937204649736e-08
307,5,1,214,1150,176094,0,3.03556795645893e-08
308,5,1,215,1107,181734,0,1.00063264326124e-08
309,5,1,187,1133,206676,0,2.6967852612937e-08
310,5,1,199,1142,223500,0,1.88762470992051e-08
311,5,1,232,1115,157466,0,5.81200662811935e-09
312,5,1,202,1137,177411,0,2.15575297808093e-06
313,5,1,184,1117,189762,0,8.18761328868135e-09
314,5,1,238,1164,169347,0,7.6349936128885e-07
315,5,1,229,1094,244491,0,3.84735113115384e-09
316,5,1,227,1158,166138,0,1.27764589313425e-08
317,5,1,228,1115,205973,0,1.23519832843458e-08
318,5,1,222,1131,250432,0,4.89285724570905e-09
319,5,1,202,1104,228992,0,3.02089854054429e-08
320,5,1,208,1130,205311,0,5.7941120390039e-08
321,5,1,203,1080,214922,0,7.20163600827934e-09
322,5,1,175,1177,195359,0,6.147136569741e-09
323,5,1,177,1126,233268,0,1.03538560045328e-08
324,5,1,179,1139,168733,0,1.09811409333222e-08
325,5,1,213,1067,165419,0,1.31859919289109e-08
326,5,1,203,1118,158562,0,1.81354120758254e-08
327,5,1,203,1130,239952,0,4.95935673096067e-09
328,5,1,220,1133,260353,0,9.52985773812707e-09
329,5,1,226,1154,193213,0,7.46810079444124e-09
330,5,1,200,1132,188451,0,2.93356413067276e-08
331,5,1,216,1107,258045,0,2.42658914892745e-08
332,5,1,233,1130,196814,0,1.8865594874258e-08
333,5,1,226,1141,180071,0,1.31781977253284e-08
334,5,1,213,1144,129152,0,1.74671551003164e-08
335,5,1,206,1110,152878,0,5.19909816725074e-09
336,5,1,222,1170,196577,0,6.02669443215436e-08
337,5,1,209,1071,204102,0,9.92652893786717e-09
338,5,1,201,1136,149437,0,2.59366505514455e-09
339,5,1,199,1111,156644,0,7.99148013817833e-08
340,5,1,211,1112,133030,0,1.0062642203463e-07
341,5,1,218,1147,143563,0,4.79395352174919e-08
342,5,1,216,1131,198501,0,9.63496109468011e-09
343,5,1,198,1104,236259,0,2.70473043799265e-08
344,5,1,209,1152,283972,0,1.0948767881166e-08
345,5,1,209,1171,169115,0,3.25058133010389e-09
346,5,1,199,1184,143404,0,1.42394063413543e-08
347,5,1,212,1218,152573,0,6.38778428902358e-08
348,5,1,205,1128,194463,0,7.61425343838737e-09
349,5,1,221,1160,136602,0,5.64507165617191e-09
350,5,1,215,1130,130532,0,2.25604158764547e-08
351,5,1,214,1154,100202,0,1.43712734276018e-08
352,5,1,222,1142,167975,0,2.87514487669721e-08
353,5,1,210,1141,121302,0,7.2785246082007e-08
354,5,1,213,1125,143910,0,5.05894115050847e-08
355,5,1,200,1113,129556,0,1.67462553403821e-08
356,5,1,219,1180,115446,0,7.73463308081317e-08
357,5,1,211,1094,119496,0,4.40045453234042e-08
358,5,1,184,1135,128812,0,2.2917323273024e-06
359,5,1,206,1146,105006,0,6.88743591790218e-09
360,5,1,215,1112,111675,0,2.63792432491832e-08
361,5,1,165,1115,103574,0,1.67136232636241e-08
362,5,1,189,1094,123284,0,1.28771587817314e-08
363,5,1,199,1132,117792,0,1.61765035811267e-08
364,5,1,192,1125,188357,0,2.63278438518657e-08
365,5,1,207,1090,213376,0,5.10276809367673e-08
366,5,1,206,1148,211935,0,1.69031561379603e-08
367,5,1,221,1099,332050,0,4.38850595874692e-08
368,5,1,193,1153,189263,0,1.09294408075508e-08
369,5,1,201,1150,136622,0,9.2219587259989e-09
370,5,1,201,1200,100479,0,2.71794261417598e-07
371,5,1,212,1095,118579,0,1.16351120034986e-07
372,5,1,235,1146,175577,0,6.39378707200721e-09
373,5,1,178,1147,141448,0,5.31630906466885e-09
374,5,1,232,1157,168544,0,1.37691949300148e-08
375,5,1,186,1102,124933,0,2.45846041208903e-08
376,5,1,207,1171,132237,0,8.97777012981911e-09
377,5,1,203,1117,121972,0,8.46118332503246e-08
378,5,1,209,1161,169848,0,1.2687339460617e-08
379,5,1,196,1163,150766,0,1.28128638639969e-08
380,5,1,224,1153,138151,0,3.42198666185748e-09
381,5,1,181,1151,140093,0,1.3911292436092e-08
382,5,1,191,1203,209802,0,1.54052472637242e-08
383,5,1,200,1146,170671,0,5.65540525066903e-09
384,5,1,235,1115,287961,0,6.52872745430617e-09
385,5,1,211,1144,232294,0,3.87188883962278e-07
386,5,1,201,1126,240690,0,2.53777957579335e-08
387,5,1,204,1096,193829,0,1.46452877779824e-07
388,5,1,236,1128,186508,0,1.38248974368183e-08
389,5,1,206,1113,161892,0,3.03742695953514e-08
390,5,1,223,1201,177203,0,2.43756645030093e-08
391,5,1,175,1149,139817,0,2.95373314503274e-08
392,5,1,189,1130,131998,0,2.57790377444706e-08
393,5,1,196,1173,133685,0,2.75140039061925e-08
394,5,1,200,1134,163504,0,2.2080987636168e-08
395,5,1,216,1090,163868,0,1.26007217026668e-08
396,5,1,207,1111,145464,0,8.41305981906932e-08
397,5,1,212,1152,163602,0,9.59782183183551e-09
398,5,1,190,1171,173066,0,3.90811326987315e-08
399,5,1,190,1135,164043,0,2.35532076087259e-06
400,5,1,197,1140,188305,0,1.11218691313479e-07
401,5,1,129,1129,175943,0,5.99412621112506e-08
402,5,1,161,1113,161981,0,3.53670373197817e-08
403,5,1,223,1129,135531,0,6.60765276055315e-09
404,5,1,218,1123,173210,0,6.81449738959375e-09
405,5,1,203,1133,130890,0,1.0148512253089e-08
406,5,1,210,1106,248801,0,3.963698922232e-08
407,5,1,206,1067,194521,0,1.44663825640778e-08
408,5,1,186,1150,173320,0,2.6466593428799e-08
409,5,1,231,1100,220114,0,6.03626988943536e-08
410,5,1,217,1146,151491,0,9.99785833150648e-09
411,5,1,205,1148,139111,0,1.06383137277309e-08
412,5,1,185,1108,158412,0,5.14932805949693e-08
413,5,1,250,1143,140237,0,4.2715134913796e-09
414,5,1,217,1140,160195,0,6.21222209229782e-09
415,5,1,208,1109,193672,0,2.03127691431323e-08
416,5,1,209,1105,253948,0,1.17918233222251e-08
417,5,1,203,1115,254081,0,5.74424797919067e-07
418,5,1,208,1118,178446,0,4.14652084452205e-08
419,5,1,194,1108,150318,0,3.10342402030395e-07
420,5,1,194,1135,221306,0,8.3905803895572e-09
421,5,1,185,1160,212195,0,8.34960193408429e-09
422,5,1,173,1178,293894,0,9.37718241903604e-09
423,5,1,219,1155,280435,0,1.51447054843948e-06
424,5,1,211,1170,271197,0,1.04964203274731e-08
425,5,1,231,1118,250120,0,6.287392294284e-08
426,5,1,151,1120,193908,0,1.96207169183404e-08
427,5,1,188,1159,206777,0,5.27008128261484e-09
428,5,1,205,1121,173220,0,6.54178019639234e-08
429,5,1,174,1104,192640,0,2.8650847270939e-09
430,5,1,164,1132,135366,0,4.93120560385818e-08
431,5,1,171,1128,181889,0,1.21376618712969e-08
432,5,1,166,1136,213725,0,5.56643078813257e-09
433,5,1,189,1169,301818,0,1.53510047681919e-07
434,5,1,182,1126,360159,0,7.61386586558841e-09
435,5,1,174,1188,245071,0,8.58546383799742e-09
436,5,1,189,1133,321892,0,1.98265355408654e-08
437,5,1,194,1101,285766,0,4.36517079749095e-09
438,5,1,190,1075,345265,0,7.91272863852119e-09
439,5,1,162,1130,228400,0,2.72794039469244e-08
440,5,1,213,1092,323234,0,3.36568307186888e-08
441,5,1,179,1092,375962,0,4.26349292784078e-08
442,5,1,194,1083,275378,0,3.31872588680533e-08
443,5,1,167,1127,283620,0,8.28527751186354e-09
444,5,1,189,1075,303668,0,9.01733657885986e-09
445,5,1,197,1092,248872,0,3.52805713035469e-08
446,5,1,194,1123,179030,0,1.36263788218274e-08
447,5,1,206,1135,166436,0,1.19295860835504e-07
448,5,1,213,1157,277249,0,1.0937348769096e-07
449,5,1,208,1098,264009,0,3.70627524866523e-08
450,5,1,190,1149,168102,0,7.60215173479485e-09
451,5,1,216,1139,137412,0,2.00526941515303e-08
452,5,1,223,1112,173583,0,4.82314267091674e-09
453,5,1,180,1175,380735,0,3.224223774324e-08
454,5,1,194,1110,159619,0,9.87024875824289e-09
455,5,1,196,1131,154145,0,4.40009782281147e-08
456,5,1,183,1107,91064,0,2.23935029943251e-07
457,5,1,160,1118,103520,0,2.07941176972264e-08
458,5,1,165,1101,142759,0,9.79117341218149e-08
459,5,1,181,1164,130185,0,6.3158432491104e-09
460,5,1,205,1155,144838,0,1.10226413239388e-08
461,5,1,190,1061,103803,0,5.70142691521984e-08
462,5,1,198,1119,84828,0,1.01633521541882e-07
463,5,1,197,1141,100969,0,5.10774570245765e-09
464,5,1,207,1150,87254,0,5.92332420163646e-08
465,5,1,166,1108,107069,0,5.81925630770268e-09
466,5,1,180,1079,141564,0,7.2197432169662e-09
467,5,1,200,1114,238585,0,4.94044352440311e-09
468,5,1,206,1119,181634,0,3.34375450432341e-08
469,5,1,208,1098,153210,0,7.54568816816473e-09
470,5,1,171,1081,96009,0,8.42447868905078e-09
471,5,1,171,1122,97052,0,7.34329034987291e-09
472,5,1,195,1140,96074,0,6.9514535465785e-09
473,5,1,180,1154,104467,0,1.02884610535206e-07
474,5,1,189,1141,137003,0,6.48942234610742e-08
475,5,1,204,1129,178452,0,2.2362707212287e-07
476,5,1,196,1131,226287,0,9.50867523904549e-08
477,5,1,184,1145,148836,0,5.4777991245285e-08
478,5,1,195,1151,123715,0,3.05469530884365e-08
479,5,1,200,1110,153357,0,1.33199482489131e-08
480,5,1,200,1151,147725,0,3.40541795383246e-07
481,5,1,167,1123,139785,0,4.7455552415751e-07
482,5,1,174,1111,143810,0,5.32875808580988e-08
483,5,1,180,1134,135448,0,1.42027396410852e-08
484,5,1,190,1137,147437,0,1.55466627555741e-08
485,5,1,184,1114,151215,0,8.18819752832739e-08
486,5,1,177,1104,161413,0,3.48376344379479e-08
487,5,1,183,1127,139891,0,6.93530123180907e-09
488,5,1,179,1101,160966,0,8.6162904169786e-09
489,5,1,201,1139,157555,0,8.46036849145667e-09
490,5,1,193,1119,142309,0,7.50694451963576e-08
491,5,1,190,1130,175349,0,4.78852709155583e-09
492,5,1,185,1118,103670,0,6.69040744345082e-08
493,5,1,195,1093,90705,0,7.90684343724564e-09
494,5,1,224,1122,104632,0,1.63260815461553e-07
495,5,1,190,1136,106826,0,1.10903919337924e-08
496,5,1,214,1083,102508,0,4.30447687385216e-08
497,5,1,193,1144,125227,0,2.21711207510713e-08
498,5,1,202,1159,104859,0,4.78268467580167e-08
499,5,1,173,1088,149811,0,2.15246604144405e-08
500,5,1,183,1159,229510,0,2.96819929680545e-09
501,5,1,216,1125,283050,0,3.44767724467634e-08
502,5,1,203,1151,195841,0,4.58668955129742e-08
503,5,1,178,1136,131416,0,3.93146804381679e-07
504,5,1,201,1135,88339,0,4.85972140510787e-09
505,5,1,196,1160,86274,0,3.63346104961693e-07
506,5,1,217,1155,96723,0,5.19939206812218e-09
507,5,1,224,1129,99627,0,2.4677416450709e-08
508,5,1,183,1124,101338,0,2.71296466528225e-07
509,5,1,224,1134,68780,0,9.90594262155705e-09
510,5,1,209,1116,178018,0,1.85738952266935e-06
511,5,1,195,1104,160206,0,1.16607287610115e-08
512,5,1,196,1126,156391,0,1.15186816359474e-08
513,5,1,196,1069,183662,0,1.07975571353847e-08
514,5,1,235,1134,220923,0,1.05234537112417e-08
515,5,1,223,1120,186764,0,5.26487127104898e-09
516,5,1,197,1137,134055,0,9.87926463157697e-09
517,5,1,207,1118,176948,0,1.79230141239584e-08
518,5,1,199,1142,132723,0,8.49714367741232e-09
519,5,1,225,1137,185227,0,2.38481715997054e-07
520,5,1,253,1127,132027,0,2.57451607685275e-08
521,5,1,253,1175,366860,0,1.49863927863959e-08
522,5,1,241,1108,366725,0,3.51643817852037e-08
523,5,1,224,1139,282538,0,1.6842983134212e-07
524,5,1,203,1128,259373,0,1.24271633823257e-08
525,5,1,216,1142,314987,0,1.38247406538432e-08
526,5,1,226,1154,239634,0,8.98579572680601e-08
527,5,1,208,1131,245478,0,4.34909425020222e-08
528,5,1,202,1121,238154,0,6.28708165476628e-09
529,5,1,217,1132,197940,0,1.03277181788294e-08
530,5,1,224,1099,121970,0,2.69612857847568e-08
531,5,1,198,1129,179748,0,3.6512646644778e-08
532,5,1,223,1097,140165,0,1.178331685653e-07
533,5,1,235,1074,238893,0,1.22755832340465e-06
534,5,1,226,1105,211909,0,8.56372387393025e-09
535,5,1,212,1139,136659,0,1.49133127095473e-07
536,5,1,224,1170,134544,0,1.641618365898e-08
537,5,1,222,1092,154585,0,5.8175391348872e-08
538,5,1,199,1123,160235,0,3.0545210390694e-08
539,5,1,172,1113,133394,0,2.83771192213915e-08
540,5,1,215,1111,147454,0,2.59931461352815e-08
541,5,1,202,1151,104550,0,1.48429267167907e-08
542,5,1,224,1087,111005,0,1.08888621365695e-07
543,5,1,218,1115,159640,0,2.0774449291878e-08
544,5,1,187,1087,152877,0,1.79487161212301e-08
545,5,1,186,1149,143362,0,3.09006292878884e-08
546,5,1,210,1091,182977,0,5.79338954282546e-08
547,5,1,193,1073,149272,0,2.87371558364011e-08
548,5,1,173,1122,141508,0,8.79192070374475e-09
549,5,1,206,1093,185327,0,1.05524330129232e-08
550,5,1,216,1125,197002,0,1.49825781067681e-08
551,5,1,211,1081,202723,0,2.37424823350938e-07
552,5,1,186,1108,199538,0,8.07096816203712e-09
553,5,1,248,1070,225201,0,4.7384672050197e-08
554,5,1,199,1064,179215,0,7.16161131861837e-09
555,5,1,206,1113,174609,0,3.32371598001596e-07
556,5,1,231,1116,177395,0,2.67508045110351e-07
557,5,1,211,1195,179938,0,2.53906054610933e-08
558,5,1,220,1097,181634,0,7.53797503730797e-09
559,5,1,238,1067,146669,0,1.0989653998878e-08
560,5,1,185,1108,137120,0,1.11969743398691e-08
561,5,1,236,1129,124506,0,1.11008971433186e-08
562,5,1,234,1086,195215,0,1.74960204864731e-08
563,5,1,221,1081,192769,0,1.44748191408076e-08
564,5,1,238,1089,183891,0,1.45646713470834e-07
565,5,1,235,1064,255971,0,1.56031515507952e-08
566,5,1,223,1115,216540,0,1.00876785777048e-07
567,5,1,230,1110,183383,0,4.26889410642331e-09
568,5,1,216,1091,141554,0,2.20812158553704e-08
569,5,1,189,1078,197381,0,1.18028587492359e-07
570,5,1,208,1075,181969,0,2.38424397097706e-08
571,5,1,217,1144,171205,0,2.42607251868962e-07
572,5,1,231,1119,179846,0,9.09789025016593e-07
573,5,1,230,1169,145509,0,4.50778964935359e-08
574,5,1,238,1178,159513,0,1.34252261323716e-08
575,5,1,272,1130,149847,0,1.57294264663283e-08
576,5,1,217,1130,100627,0,1.32356374055776e-07
577,5,1,228,1149,89745,0,1.4945606893029e-08
578,5,1,216,1134,122351,0,1.07621558665258e-08
579,5,1,218,1149,123848,0,4.90240485484233e-09
580,5,1,219,1074,166282,0,7.90757552444357e-09
581,5,1,233,1139,146017,0,1.65391281308171e-08
582,5,1,204,1111,128074,0,3.00012796176679e-08
583,5,1,201,1152,148284,0,1.42629060545155e-08
584,5,1,216,1057,154604,0,1.31471507252976e-08
585,5,1,205,1169,186061,0,3.96659068619321e-08
586,5,1,194,1054,185282,0,5.84079996099811e-08
587,5,1,234,1114,178889,0,1.3466673741694e-08
588,5,1,211,1152,224138,0,2.75349972270391e-08
589,5,1,250,1117,267942,0,3.48490264023417e-08
590,5,1,193,1117,194188,0,1.29815486740897e-08
591,5,1,215,1121,179854,0,3.87721360065901e-08
592,5,1,188,1115,159455,0,1.02422982773417e-08
593,5,1,239,1080,151567,0,6.31030578448221e-08
594,5,1,210,1089,198092,0,2.0067369259747e-08
595,5,1,224,1080,200343,0,2.56550655230477e-08
596,5,1,234,1177,210221,0,8.62138273217873e-09
597,5,1,225,1163,221124,0,1.14741964247593e-08
598,5,1,239,1110,217117,0,7.23227444289777e-08
599,5,1,270,1082,339943,0,1.30641897941077e-08
600,5,1,256,1154,355025,0,9.70184075062014e-08
601,5,1,234,1119,269270,0,2.29668828356122e-08
602,5,1,246,1116,224093,0,1.27301317691535e-08
603,5,1,213,1160,202957,0,3.65027430026375e-08
604,5,1,226,1098,202740,0,1.71775618974931e-08
605,5,1,224,1139,208179,0,1.91173331273079e-08
606,5,1,244,1131,197427,0,7.95234568964543e-09
607,5,1,205,1070,274761,0,2.60332235633853e-08
608,5,1,226,1118,257890,0,7.22013586131784e-09
609,5,1,210,1090,207886,0,4.12284743855491e-09
610,5,1,212,1123,249470,0,8.72686914412542e-08
611,5,1,187,1113,298204,0,1.93549468453523e-08
612,5,1,190,1089,208887,0,2.25978993284672e-08
613,5,1,210,1126,239143,0,1.36174406200313e-08
614,5,1,207,1160,288943,0,1.17038312038574e-08
615,5,1,209,1149,273673,0,1.65059302100126e-08
616,5,1,195,1149,267504,0,1.61036963487078e-08
617,5,1,206,1115,202012,0,5.92162608960105e-09
618,5,1,208,1115,246542,0,1.28097646845208e-08
619,5,1,167,1104,250287,0,1.12340501447472e-08
620,5,1,199,1143,163816,0,4.05430703789313e-08
621,5,1,201,1138,182959,0,3.68631471297959e-08
622,5,1,229,1127,215725,0,2.04157416096403e-08
623,5,1,220,1112,190052,0,9.87985906112448e-09
624,5,1,239,1089,217188,0,2.60887919631762e-08
625,5,1,231,1134,307803,0,1.74727438927583e-08
626,5,1,213,1078,205617,0,5.26541791938101e-08
627,5,1,224,1153,258395,0,1.18038775410823e-08
628,5,1,201,1122,170365,0,4.48857656102292e-08
629,5,1,205,1085,175607,0,1.71083593639602e-08
630,5,1,200,1145,170876,0,7.21032431709844e-09
631,5,1,232,1127,169462,0,2.89828644639934e-09
632,5,1,199,1127,159369,0,2.35315356119419e-08
633,5,1,192,1075,145162,0,1.95081424428405e-08
634,5,1,229,1126,166050,0,4.78342394008847e-09
635,5,1,229,1132,155067,0,1.12703870503238e-08
636,5,1,221,1087,159169,0,1.29834546562046e-08
637,5,1,238,1102,187989,0,6.97617049297112e-09
638,5,1,220,1088,225329,0,3.31633995465643e-09
639,5,1,245,1084,278889,0,6.94413873771768e-08
640,5,1,205,1074,173613,0,7.85780325867675e-09
641,5,1,201,1098,201276,0,1.96631703717806e-08
642,5,1,220,1099,212500,0,1.24825987797284e-07
643,5,1,203,1085,219712,0,3.32833721376981e-09
644,5,1,201,1136,170012,0,7.88648189052926e-09
645,5,1,217,1101,182641,0,1.19802842662918e-08
646,5,1,219,1158,186408,0,3.51210182345069e-07
647,5,1,217,1128,202200,0,9.18846367743369e-09
648,5,1,195,1152,160007,0,1.17013095094405e-06
649,5,1,201,1145,225742,0,4.25598055163032e-07
650,5,1,197,1051,234042,0,6.39032791014477e-08
651,5,1,221,1126,252211,0,1.00978823046739e-07
652,5,1,211,1122,202639,0,4.32205704191914e-08
653,5,1,206,1167,312658,0,7.36446649048794e-09
654,5,1,205,1179,441902,0,1.44426003988806e-08
655,5,1,185,1045,386052,0,4.55885891239084e-09
656,5,1,229,1132,260868,0,1.83461481248004e-06
657,5,1,211,1136,290549,0,3.06971416095734e-08
658,5,1,213,1155,244223,0,1.07303144285856e-08
659,5,1,205,1107,273257,0,1.18727344340802e-08
660,5,1,245,1068,341779,0,6.51447666377194e-07
661,5,1,223,1105,276220,0,4.03101347424953e-08
662,5,1,213,1135,190514,0,5.41375592683919e-09
663,5,1,168,1157,154051,0,2.41216312954155e-09
664,5,1,175,1127,167426,0,2.82008325355773e-07
665,5,1,189,1077,272400,0,2.05947332454267e-08
666,5,1,178,1129,201402,0,2.47163230541363e-08
667,5,1,201,1138,259186,0,2.54519793432797e-08
668,5,1,207,1100,305107,0,4.82209795983148e-08
669,5,1,198,1145,279971,0,5.80322745624695e-09
670,5,1,190,1117,283124,0,1.22203454724416e-08
671,5,1,252,1070,424297,0,6.27808554076364e-08
672,5,1,198,1074,386622,0,3.42418205083851e-08
673,5,1,214,1117,383797,0,3.18201319560885e-07
674,5,1,209,1141,255383,0,1.17288835914378e-07
675,5,1,207,1152,198617,0,2.83670523653566e-08
676,5,1,204,1083,305238,0,2.44609198119115e-08
677,5,1,200,1085,270190,0,9.13379708094061e-08
678,5,1,208,1160,237292,0,1.46195871915155e-06
679,5,1,205,1131,238010,0,9.77964253311589e-09
680,5,1,212,1145,218548,0,1.43073380039957e-07
681,5,1,212,1137,253257,0,1.46342726716156e-08
682,5,1,211,1175,303014,0,5.147133119044e-09
683,5,1,225,1089,397509,0,5.05256199610256e-08
684,5,1,182,1112,325375,0,9.85791802838966e-09
685,5,1,194,1151,262565,0,7.62425799089448e-08
686,5,1,206,1127,383423,0,7.58520968494465e-06
687,5,1,247,1123,249786,0,6.5155535860476e-08
688,5,1,254,1168,272975,0,9.849202997162e-08
689,5,1,219,1095,488872,0,3.82455706611521e-08
690,5,1,227,1123,571371,0,6.80998986158075e-07
691,5,1,210,1102,345467,0,2.5032801850222e-08
692,5,1,219,1093,311084,0,4.42031203578631e-08
693,5,1,218,1105,233733,0,1.83303063930305e-08
694,5,1,226,1111,169928,0,1.14033745823051e-08
695,5,1,229,1155,223451,0,6.07577801865757e-09
696,5,1,202,1101,292486,0,4.65921545502424e-09
697,5,1,199,1180,181370,0,1.63992540917181e-08
698,5,1,212,1191,173378,0,6.01678878262177e-08
699,5,1,212,1144,166823,0,3.14482446335612e-08
700,5,1,225,1159,202554,0,6.73324244192828e-09
701,5,1,222,1149,200273,0,1.43481391345118e-07
702,5,1,228,1125,158409,0,2.25588217228089e-08
703,5,1,214,1155,152579,0,2.77068680197467e-08
704,5,1,214,1122,140401,0,3.47644968931484e-07
705,5,1,213,1125,142783,0,3.61482954653847e-08
706,5,1,210,1170,126002,0,2.36138744191836e-07
707,5,1,219,1118,132513,0,4.87603643992304e-07
708,5,1,207,1138,214784,0,3.91409807601509e-07
709,5,1,197,1141,212169,0,4.0702371231328e-08
710,5,1,217,1173,170908,0,4.43985653466829e-08
711,5,1,241,1138,159635,0,5.36215262892983e-08
712,5,1,207,1114,179303,0,5.26189138593549e-09
713,5,1,217,1107,237847,0,1.37005385755917e-08
714,5,1,211,1155,225804,0,2.4782338914452e-08
715,5,1,204,1097,180929,0,4.66602536485222e-08
716,5,1,221,1123,249077,0,1.24056131749564e-07
717,5,1,231,1079,223803,0,1.73125493114809e-08
718,5,1,189,1096,201976,0,1.67362938035034e-08
719,5,1,195,1029,208695,0,2.96528357551284e-08
720,5,1,215,1103,301485,0,3.13830787876851e-08
721,5,1,195,1083,246940,0,6.33121685219715e-08
722,5,1,211,1114,209914,0,8.24844485426059e-09
723,5,1,192,1131,254283,0,4.96955846487663e-09
724,5,1,179,1099,189716,0,1.43823004495146e-08
725,5,1,192,1128,252045,0,3.12755391113011e-08
726,5,1,211,1108,252689,0,3.55595816943058e-09
727,5,1,187,1143,286656,0,2.47473934920411e-08
728,5,1,203,1123,269854,0,3.98888681802085e-08
729,5,1,211,1090,288553,0,2.01981130481204e-07
730,5,1,216,1082,392682,0,1.15094422088859e-08
731,5,1,228,1142,351977,0,5.75208272848977e-09
732,5,1,227,1124,340785,0,1.56823168828179e-08
733,5,1,207,1094,322685,0,1.01818555060484e-06
734,5,1,213,1128,218073,0,9.13308341337901e-08
735,5,1,236,1115,166297,0,1.23012092340789e-08
736,5,1,241,1157,208577,0,6.88511764591779e-08
737,5,1,241,1137,224898,0,5.31684288256806e-07
738,5,1,220,1094,197917,0,1.00652397387402e-08
739,5,1,229,1134,169806,0,2.80814991399828e-08
740,5,1,217,1112,156782,0,7.56034493601022e-09
741,5,1,230,1117,161388,0,1.51591399325989e-08
742,5,1,235,1108,157430,0,1.9286734166675e-08
743,5,1,231,1161,151129,0,1.12668819346101e-08
744,5,1,252,1164,177178,0,3.2644579665905e-08
745,5,1,202,1087,179950,0,3.33871499773891e-08
746,5,1,220,1186,155754,0,2.77422763421319e-08
747,5,1,218,1120,139074,0,1.24862729791851e-08
748,5,1,215,1113,170830,0,1.21552877781163e-07
749,5,1,202,1117,167720,0,1.69398898551855e-08
750,5,1,194,1115,165532,0,2.74530773720585e-08
751,5,1,221,1169,179979,0,1.79292437434302e-07
752,5,1,186,1133,163392,0,4.51345721780634e-06
753,5,1,237,1156,156065,0,2.26388202660243e-08
754,5,1,233,1131,147868,0,1.38527203007419e-07
755,5,1,216,1155,119582,0,1.18236919419708e-07
756,5,1,212,1183,122069,0,1.36339926946086e-06
757,5,1,217,1135,136900,0,4.20320733419238e-08
758,5,1,215,1132,173553,0,3.18600841095548e-08
759,5,1,189,1151,165664,0,3.32869142281718e-08
760,5,1,209,1115,134727,0,2.84537574616371e-08
761,5,1,213,1103,193741,0,1.74440814463119e-08
762,5,1,189,1140,172382,0,7.41010925923705e-09
763,5,1,208,1130,170392,0,1.76978632214012e-08
764,5,1,200,1112,175117,0,5.05864271567242e-09
765,5,1,169,1098,174156,0,6.39602428320637e-08
766,5,1,210,1124,142889,0,1.63000782962255e-08
767,5,1,206,1055,135542,0,1.01071618253762e-07
768,5,1,216,1114,143981,0,6.30848221718814e-07
769,5,1,221,1096,176018,0,1.97807077912085e-08
770,5,1,209,1119,126980,0,1.38977837763197e-08
771,5,1,218,1125,132523,0,1.35103333963006e-08
772,5,1,217,1107,178391,0,1.92382663622265e-08
773,5,1,195,1139,134068,0,9.44541958016589e-09
774,5,1,221,1076,151709,0,2.21547077787207e-08
775,5,1,187,1137,129032,0,4.6956979816031e-09
776,5,1,166,1126,161787,0,1.44900533199307e-08
777,5,1,233,1102,134697,0,7.78642015607832e-09
778,5,1,199,1142,261304,0,6.46225572585857e-09
779,5,1,179,1073,173411,0,6.67879268382929e-08
780,5,1,214,1130,195123,0,9.72445481370388e-05
781,5,1,224,1097,199498,0,8.10626831266974e-09
782,5,1,228,1155,199640,0,1.50792652101589e-08
783,5,1,213,1173,188371,0,3.26310085423666e-08
784,5,1,208,1085,195353,0,1.88765424141783e-08
785,5,1,189,1131,167239,0,4.08251096804579e-07
786,5,1,204,1125,148211,0,1.73425885532738e-08
787,5,1,201,1134,152502,0,8.13278075561183e-09
788,5,1,234,1070,170135,0,3.44691520944119e-08
789,5,1,232,1102,174089,0,9.95391668603064e-08
790,5,1,211,1105,216802,0,2.85285083184909e-08
791,5,1,224,1134,207084,0,1.99242791066427e-08
792,5,1,214,1171,145823,0,3.08093585044693e-07
793,5,1,199,1120,181565,0,2.12969885319072e-08
794,5,1,209,1145,184720,0,1.72360157853652e-08
795,5,1,208,1138,272985,0,1.64400746395526e-08
796,5,1,202,1103,256270,0,4.81136341153266e-09
797,5,1,188,1138,252304,0,1.09530569784517e-08
798,5,1,207,1136,403143,0,2.04576393624862e-07
799,5,1,202,1147,237734,0,8.75606878654675e-09
800,5,1,216,1118,279031,0,2.68563733758377e-08
801,5,1,196,1141,310310,0,2.27470725188132e-08
802,5,1,223,1139,172687,0,9.15776291630122e-08
803,5,1,197,1129,212726,0,1.24353226031277e-08
804,5,1,211,1111,157726,0,2.99647440483026e-08
805,5,1,224,1143,156049,0,5.84265875439996e-08
806,5,1,250,1185,191156,0,4.57902305283716e-08
807,5,1,196,1141,213426,0,5.24986543877391e-07
808,5,1,196,1161,216849,0,7.75115510016071e-09
809,5,1,201,1133,149008,0,2.7712330773929e-08
810,5,1,210,1139,140871,0,1.23154696626545e-08
811,5,1,212,1144,186441,0,2.78916960172769e-08
812,5,1,162,1108,147606,0,2.64684644019924e-08
813,5,1,188,1115,217577,0,2.76278443850234e-07
814,5,1,201,1130,176538,0,1.68564299907957e-07
815,5,1,213,1112,182079,0,1.23698694595542e-08
816,5,1,198,1119,244686,0,4.64190190349557e-08
817,5,1,211,1129,290644,0,2.68640352275344e-08
818,5,1,201,1085,338479,0,3.35275629286495e-07
819,5,1,204,1085,180294,0,1.29917299336622e-08
820,5,1,209,1136,195358,0,4.11878194526132e-08
821,5,1,206,1136,304388,0,1.17765230401326e-08
822,5,1,241,1143,268461,0,6.10077410003745e-09
823,5,1,223,1114,298496,0,4.57792326832888e-08
824,5,1,204,1109,265770,0,8.40327395681732e-08
825,5,1,203,1121,272936,0,9.97225105959391e-08
826,5,1,242,1107,200806,0,9.84279329721045e-09
827,5,1,262,1118,228675,0,1.4466613457218e-08
828,5,1,243,1151,258616,0,8.18488936980554e-09
829,5,1,248,1126,288539,0,1.77286838271837e-08
830,5,1,219,1130,228089,0,6.47110916105031e-09
831,5,1,225,1152,200963,0,6.07962848774234e-07
832,5,1,251,1169,290277,0,1.59173300658932e-08
833,5,1,243,1161,233710,0,3.2256649476764e-08
834,5,1,231,1108,202269,0,6.0793555082835e-08
835,5,1,200,1095,177249,0,1.38480279782027e-08
836,5,1,241,1155,150042,0,3.63201857915189e-08
837,5,1,255,1178,121438,0,2.14534299766348e-08
838,5,1,250,1126,131380,0,2.37928210860975e-08
839,5,1,244,1109,172836,0,9.64434776958419e-07
840,5,1,221,1117,137846,0,2.25415156347187e-08
841,5,1,241,1087,149058,0,1.23690427485152e-08
842,5,1,299,1174,226399,0,6.11816559117703e-09
843,5,1,248,1172,164261,0,5.3762224200085e-08
844,5,1,245,1140,181800,0,1.65748841557806e-08
845,5,1,253,1152,182293,0,2.00200403356692e-09
846,5,1,224,1108,160753,0,1.45376674709313e-07
847,5,1,233,1129,186371,0,1.75386841881819e-08
848,5,1,235,1189,206580,0,8.745088975025e-09
849,5,1,219,1154,194206,0,2.72352706976353e-08
850,5,1,266,1082,187768,0,2.41991210920101e-08
851,5,1,250,1177,164942,0,1.3027204539485e-07
852,5,1,243,1156,211939,0,8.09487462257858e-08
853,5,1,239,1129,303864,0,1.71326786619039e-08
854,5,1,231,1175,175913,0,8.08160166503199e-08
855,5,1,245,1105,146790,0,1.23168622922708e-08
856,5,1,204,1097,189086,0,1.00504635814359e-07
857,5,1,231,1130,199844,0,1.43728506001592e-08
858,5,1,232,1052,205704,0,6.44414447013892e-09
859,5,1,200,1117,165310,0,3.55545314476173e-08
860,5,1,213,1132,166579,0,3.76359302023519e-09
861,5,1,195,1102,204829,0,2.46341486058035e-08
862,5,1,253,1122,263474,0,2.98106351864646e-08
863,5,1,224,1129,216511,0,5.368874044908e-08
864,5,1,204,1127,252112,0,5.77736656880458e-09
865,5,1,198,1133,396724,0,1.19628713157865e-07
866,5,1,223,1080,418819,0,7.85633617618595e-08
867,5,1,257,1141,328811,0,3.31722023496239e-07
868,5,1,198,1094,327907,0,1.13505088001144e-07
869,5,1,210,1123,292405,0,1.20650233262285e-07
870,5,1,198,1100,225972,0,2.85959356948593e-08
871,5,1,190,1095,185026,0,5.70339374182553e-08
872,5,1,203,1104,179678,0,9.14378990439915e-08
873,5,1,217,1126,159618,0,1.34723747694917e-07
874,5,1,192,1078,193004,0,4.01845141163431e-09
875,5,1,240,1143,147719,0,1.34936921982699e-08
876,5,1,212,1086,159012,0,6.39415081374082e-08
877,5,1,229,1133,201113,0,2.01480792228733e-06
878,5,1,227,1072,196366,0,1.7364395660489e-08
879,5,1,224,1138,266046,0,1.69239543802641e-08
880,5,1,202,1090,303682,0,7.78646098767775e-09
881,5,1,238,1097,219838,0,1.34345557609336e-08
882,5,1,232,1146,229667,0,1.23226719172411e-08
883,5,1,242,1123,227994,0,2.48632442949448e-08
884,5,1,199,1109,217295,0,4.29007678381595e-08
885,5,1,222,1132,185183,0,7.44667964295289e-07
886,5,1,203,1051,232393,0,1.94891224798241e-06
887,5,1,231,1104,265203,0,4.45407550531048e-07
888,5,1,249,1094,268691,0,2.80684253652083e-08
889,5,1,232,1107,246920,0,3.62909065666464e-08
890,5,1,243,1155,271433,0,5.0743501256087e-09
891,5,1,213,1124,227156,0,2.32587532606968e-08
892,5,1,250,1116,218202,0,1.26067291771495e-08
893,5,1,230,1101,199906,0,2.14375634135877e-08
894,5,1,241,1133,194795,0,7.35008482145479e-08
895,5,1,234,1122,253400,0,2.76760857496577e-08
896,5,1,233,1114,257916,0,5.34735215458416e-08
897,5,1,241,1123,241485,0,3.22384991692731e-06
898,5,1,248,1103,277979,0,1.59808291858749e-07
899,5,1,238,1086,228964,0,4.63868727013949e-09
900,5,1,175,1099,253927,0,9.91639889357585e-09
901,5,1,206,1104,214716,0,2.8337295528028e-09
902,5,1,202,1078,201004,0,1.11097925357696e-06
903,5,1,190,1084,215273,0,5.5684573103825e-09
904,5,1,238,1113,273007,0,7.59658440907796e-09
905,5,1,229,1153,318372,0,3.82655678975626e-08
906,5,1,220,1087,356888,0,3.19798695521183e-09
907,5,1,214,1106,193443,0,7.10756128253323e-08
908,5,1,220,1108,166037,0,1.095402358847e-08
909,5,1,224,1175,144455,0,1.71515959448511e-08
910,5,1,268,1107,179640,0,3.9798556610654e-08
911,5,1,222,1096,222401,0,1.95665521606472e-08
912,5,1,210,1068,254906,0,3.88703697265376e-08
913,5,1,195,1157,200838,0,5.24787865613735e-09
914,5,1,224,1148,217887,0,3.63489899621412e-08
915,5,1,229,1152,276895,0,6.11722827490015e-09
916,5,1,202,1194,291211,0,9.97927084806071e-08
917,5,1,241,1127,299022,0,2.49404387957523e-08
918,5,1,231,1139,244744,0,2.0936655369244e-08
919,5,1,207,1152,249902,0,1.29079868965522e-08
920,5,1,219,1151,322193,0,3.27423712918283e-07
921,5,1,220,1146,214475,0,1.02776815165472e-08
922,5,1,197,1165,238268,0,3.87108690427289e-08
923,5,1,273,1172,241466,0,3.83353070886775e-08
924,5,1,181,1149,271809,0,7.78698189887663e-09
925,5,1,236,1095,259573,0,2.89886604779889e-08
926,5,1,234,1126,289793,0,7.00749186115605e-09
927,5,1,208,1181,283464,0,5.61483295397489e-08
928,5,1,225,1123,251452,0,9.51877927061208e-09
929,5,1,201,1114,274540,0,1.33149135515115e-08
930,5,1,187,1133,244450,0,4.42821837762843e-08
931,5,1,220,1094,267602,0,2.9736335698735e-07
932,5,1,212,1085,213801,0,9.76051541873376e-09
933,5,1,218,1153,195736,0,3.39994141475534e-08
934,5,1,221,1188,147312,0,7.53101612627933e-08
935,5,1,212,1149,170096,0,2.96054100893037e-09
936,5,1,220,1118,169671,0,2.51417310581458e-08
937,5,1,232,1139,191365,0,1.53171423485299e-08
938,5,1,228,1107,188671,0,1.6427592616215e-07
939,5,1,174,1109,178541,0,1.36772481100093e-07
940,5,1,207,1133,220338,0,7.04020906768301e-09
941,5,1,234,1131,238276,0,6.39311893804151e-08
942,5,1,213,1103,188517,0,6.20667571066379e-08
943,5,1,199,1132,179477,0,9.45001313676275e-09
944,5,1,188,1137,178083,0,1.51572739949247e-07
945,5,1,225,1107,142987,0,2.71499773798072e-08
946,5,1,196,1117,165357,0,2.53285358775706e-08
947,5,1,207,1106,187402,0,8.19744809802446e-08
948,5,1,235,1155,205474,0,2.23241038983511e-07
949,5,1,207,1105,148112,0,1.19836597558166e-07
950,5,1,216,1118,134136,0,2.86415979602591e-07
951,5,1,212,1147,154825,0,9.29982369818351e-09
952,5,1,192,1115,155444,0,4.79762919552258e-08
953,5,1,194,1119,156383,0,2.63837608044981e-08
954,5,1,185,1113,148696,0,4.95899592260585e-08
955,5,1,221,1097,228829,0,1.37605379252926e-08
956,5,1,185,1104,438917,0,7.33238047220917e-09
957,5,1,231,1093,276464,0,1.27654082898087e-08
958,5,1,215,1143,185094,0,1.03006255404284e-08
959,5,1,216,1105,176802,0,1.63180123239464e-08
960,5,1,201,1113,235935,0,7.48377687765198e-09
961,5,1,187,1052,210139,0,2.31538499801281e-05
962,5,1,183,1109,172617,0,7.03923418981794e-09
963,5,1,213,1059,217314,0,9.02863453107309e-09
964,5,1,216,1096,245063,0,6.908328646831e-09
965,5,1,214,1134,212847,0,4.78997925094982e-08
966,5,1,220,1115,213282,0,5.19498816932437e-08
967,5,1,200,1131,251586,0,1.41173927661647e-07
968,5,1,182,1145,273887,0,3.025770369115e-08
969,5,1,174,1129,304189,0,8.9734556048462e-09
970,5,1,215,1126,354646,0,1.46198840865669e-08
971,5,1,214,1147,262886,0,1.12158579443485e-08
972,5,1,203,1101,226061,0,1.21094803446789e-08
973,5,1,193,1068,207766,0,1.29733277410843e-08
974,5,1,206,1124,182887,0,7.07216146477796e-08
975,5,1,225,1068,237751,0,4.16000360299761e-08
976,5,1,219,1089,349528,0,1.36319423930649e-08
977,5,1,195,1105,268027,0,1.56192311921756e-08
978,5,1,171,1090,265801,0,2.94331088507704e-08
979,5,1,198,1080,297023,0,7.76161692371724e-09
980,5,1,195,1113,279417,0,4.00591141686828e-09
981,5,1,210,1136,275348,0,1.50700002295854e-08
982,5,1,213,1119,311876,0,5.32402620795452e-08
983,5,1,241,1202,260612,0,1.7208367877524e-08
984,5,1,218,1110,219697,0,4.7642902787518e-08
985,5,1,190,1139,186977,0,3.22743544757348e-08
986,5,1,220,1139,225416,0,2.9784426323103e-09
987,5,1,204,1115,285322,0,1.25704045938122e-08
988,5,1,226,1109,329197,0,5.0840431323884e-09
989,5,1,192,1168,323986,0,8.33727786630676e-08
990,5,1,207,1134,291400,0,9.72233801900679e-08
991,5,1,185,1147,276249,0,9.18766671066613e-08
992,5,1,207,1104,222121,0,1.82240492400784e-07
993,5,1,209,1063,258857,0,3.16048913154871e-07
994,5,1,225,1132,286328,0,1.59941650394008e-07
995,5,1,249,1083,191504,0,1.84372010319649e-07
996,5,1,230,1164,174357,0,2.08291475614303e-08
997,5,1,230,1110,179535,0,8.42226272250227e-09
998,5,1,229,1202,200871,0,4.40802093587286e-09
999,5,1,236,1159,176322,0,2.46235120340575e-08
1000,5,1,230,1119,173160,0,8.76698874468733e-09
1001,5,1,216,1128,183629,0,1.74639430186478e-08
1002,5,1,237,1128,228474,0,2.741426792938e-08
1003,5,1,227,1132,250500,0,1.92991248722661e-08
1004,5,1,253,1176,238769,0,2.32793481024845e-09
1005,5,1,225,1105,196439,0,1.23621474810216e-08
1006,5,1,225,1160,297840,0,4.25757587140171e-08
1007,5,1,224,1116,276944,0,1.03706068462516e-07
1008,5,1,224,1175,321557,0,1.19088057477766e-08
1009,5,1,236,1188,372669,0,9.06462883910059e-07
1010,5,1,192,1130,358617,0,7.19267266571299e-08
1011,5,1,222,1108,257669,0,8.73691060795861e-08
1012,5,1,204,1123,289063,0,1.48978961203187e-07
1013,5,1,225,1133,270683,0,4.97837447261163e-09
1014,5,1,207,1143,302058,0,6.72748975991244e-08
1015,5,1,202,1101,272664,0,2.35947361758512e-08
1016,5,1,183,1129,272162,0,4.21242708118795e-09
1017,5,1,233,1110,313537,0,1.0614409516059e-07
1018,5,1,261,1123,332340,0,1.00208226296027e-08
1019,5,1,241,1081,347903,0,1.2268378105338e-08
1020,5,1,200,1108,268140,0,8.17529193004319e-09
1021,5,1,241,1130,364523,0,6.83707111296874e-08
1022,5,1,256,1108,376414,0,2.81904669800074e-07
1023,5,1,208,1077,208451,0,1.46881904704508e-08
1024,5,1,202,1122,157665,0,1.79487887131578e-08
1025,5,1,215,1078,172970,0,1.67076597530063e-08
1026,5,1,222,1090,195114,0,1.72017430994476e-08
1027,5,1,230,1102,290308,0,5.78265892166408e-08
1028,5,1,217,1095,270151,0,1.04117003500646e-07
1029,5,1,231,1100,273729,0,2.24175054088599e-08
1030,5,1,220,1153,256604,0,1.02364688279641e-08
1031,5,1,265,1117,577317,0,5.59530515749239e-09
1032,5,1,223,1110,175870,0,2.14958007303438e-08
1033,5,1,219,1094,158777,0,1.96731976107824e-07
1034,5,1,250,1113,136988,0,7.65773968326575e-08
1035,5,1,220,1124,142237,0,3.8090777606366e-08
1036,5,1,263,1143,152802,0,1.5963868755111e-08
1037,5,1,233,1126,228024,0,1.8326815660224e-08
1038,5,1,222,1155,165707,0,6.88889782823325e-09
1039,5,1,217,1129,165576,0,1.04435085361784e-08
1040,5,1,211,1108,156284,0,4.50979649823111e-09
1041,5,1,209,1104,181995,0,6.10673931387808e-08
1042,5,1,225,1084,160198,0,1.24269260990146e-08
1043,5,1,241,1151,203856,0,7.36621543413349e-08
1044,5,1,210,1133,178965,0,4.81190291422972e-08
1045,5,1,257,1153,210572,0,5.60992652111936e-08
1046,5,1,217,1152,150518,0,4.1241948060324e-09
1047,5,1,232,1142,181343,0,2.60608819172562e-08
1048,5,1,221,1087,173851,0,2.59416622467316e-08
1049,5,1,224,1091,191162,0,2.98168980922473e-08
1050,5,1,195,1091,166902,0,1.90026772710082e-08
1051,5,1,201,1079,208395,0,1.9745525184094e-08
1052,5,1,187,1133,203325,0,7.71150507736982e-09
1053,5,1,218,1131,231713,0,1.67828480184487e-08
1054,5,1,217,1089,176183,0,2.03146564993972e-07
1055,5,1,206,1124,100656,0,1.3296184565045e-08
1056,5,1,177,1117,96002,0,7.88833530619828e-09
1057,5,1,209,1100,120736,0,2.41850027703688e-08
1058,5,1,256,1082,243320,0,2.60268945085663e-08
1059,5,1,193,1105,208546,0,4.35935782752362e-08
1060,5,1,171,1111,282575,0,3.12858086216049e-08
1061,5,1,190,1107,277227,0,3.21699656662089e-08
1062,5,1,200,1133,232647,0,5.78943564392578e-09
1063,5,1,200,1115,253547,0,5.97729543962395e-08
1064,5,1,215,1161,299814,0,8.23624940152696e-08
1065,5,1,215,1082,204057,0,1.16565630119697e-08
1066,5,1,172,1113,251741,0,2.00865804522332e-08
1067,5,1,203,1083,304951,0,2.45806002659106e-08
1068,5,1,216,1143,260654,0,5.93013041449399e-09
1069,5,1,214,1076,197815,0,2.72074780240052e-08
1070,5,1,211,1065,253696,0,2.47827810626451e-08
1071,5,1,223,1100,347675,0,1.52426656947021e-08
1072,5,1,213,1113,356766,0,2.77574942613631e-08
1073,5,1,241,1103,234896,0,5.03468287461686e-09
1074,5,1,216,1120,210659,0,7.20252433009520e-09
1075,5,1,234,1078,248463,0,1.36317374343293e-08
1076,5,1,189,1107,180199,0,4.64289678303696e-07
1077,5,1,186,1080,196882,0,4.79687772590271e-08
1078,5,1,195,1089,129459,0,2.20569385979383e-08
1079,5,1,228,1126,206583,0,3.34822707255626e-08
1080,5,1,180,1080,186072,0,1.18521610901375e-08
1081,5,1,230,1144,122458,0,1.27279543692169e-08
1082,5,1,222,1134,134778,0,2.2238771547413e-08
1083,5,1,205,1109,91222,0,3.71338848430551e-08
1084,5,1,228,1152,84793,0,1.75946684549904e-08
1085,5,1,247,1113,104730,0,1.59768478091413e-08
1086,5,1,203,1131,116381,0,7.35828427844698e-09
1087,5,1,219,1124,135638,0,2.83916342321512e-08
1088,5,1,225,1097,143294,0,2.44893842983542e-08
1089,5,1,224,1140,155862,0,6.04735851602283e-09
1090,5,1,220,1143,163059,0,5.58500963034125e-09
1091,5,1,205,1133,185417,0,8.73856019569433e-09
1092,5,1,245,1201,185953,0,4.59657245797926e-09
1093,5,1,212,1170,178564,0,1.34333567417261e-06
1094,5,1,218,1178,243049,0,8.20022056700406e-09
1095,5,1,221,1157,211754,0,1.50230941239749e-08
1096,5,1,212,1130,210222,0,7.91591632798745e-08
1097,5,1,246,1163,162416,0,8.03672328136188e-09
1098,5,1,175,1131,119209,0,2.54558363285624e-08
1099,5,1,200,1110,155923,0,6.25152440697702e-09
1100,5,1,219,1132,147856,0,1.64805927364963e-08
1101,5,1,230,1151,156597,0,7.21113168329307e-08
1102,5,1,222,1159,207808,0,9.1135673348608e-08
1103,5,1,239,1159,188304,0,5.23419367847532e-09
1104,5,1,249,1157,238106,0,1.27186032193028e-08
1105,5,1,260,1116,175370,0,1.04846016149203e-07
1106,5,1,209,1162,154457,0,2.00215558423238e-07
1107,5,1,227,1188,232267,0,8.00928652662537e-08
1108,5,1,193,1151,190476,0,1.82000334989138e-08
1109,5,1,205,1173,181674,0,1.32125705827574e-08
1110,5,1,200,1146,196665,0,9.27589151889697e-09
1111,5,1,196,1165,155267,0,2.3837107870969e-08
1112,5,1,170,1143,212184,0,2.76134624746925e-07
1113,5,1,208,1120,318656,0,1.87343581344641e-08
1114,5,1,180,1116,208310,0,2.56120758807736e-08
1115,5,1,210,1147,237276,0,1.8154723596038e-08
1116,5,1,225,1136,238297,0,2.39408876225852e-08
1117,5,1,203,1106,151813,0,3.62893139195998e-08
1118,5,1,213,1134,147197,0,9.2759404189059e-08
1119,5,1,206,1125,177051,0,6.9634533953709e-08
1120,5,1,228,1108,150336,0,2.64390739706648e-08
1121,5,1,221,1090,126044,0,8.87193358838062e-09
1122,5,1,231,1171,93777,0,2.75637462173041e-08
1123,5,1,195,1142,109135,0,1.15887568942291e-08
1124,5,1,209,1165,150297,0,1.55483826610774e-07
1125,5,1,225,1090,171526,0,4.74202134508633e-08
1126,5,1,225,1146,138186,0,1.35776887869096e-08
1127,5,1,200,1151,168008,0,6.97223011799081e-08
1128,5,1,188,1093,160861,0,1.47510984511632e-08
1129,5,1,200,1128,237073,0,1.56832975432521e-06
1130,5,1,191,1118,264973,0,1.29909393803956e-08
1131,5,1,197,1114,173813,0,7.58622000241959e-06
1132,5,1,185,1142,163923,0,2.88878298638208e-08
1133,5,1,156,1100,191714,0,4.00038712436632e-08
1134,5,1,189,1131,155602,0,1.14018008798452e-08
1135,5,1,205,1113,266279,0,3.21272741497691e-09
1136,5,1,194,1110,336056,0,4.51856676427315e-08
1137,5,1,209,1105,519855,0,5.42889712409003e-09
1138,5,1,197,1068,529689,0,1.08931461036398e-08
1139,5,1,217,1086,605554,0,3.88615147962866e-08
1140,5,1,215,1146,547669,0,3.91907694063772e-09
1141,5,1,178,1146,366447,0,5.38231742104821e-07
1142,5,1,196,1151,566558,0,2.03162329357005e-08
1143,5,1,185,1137,670489,0,2.36766029570062e-05
1144,5,1,206,1107,430273,0,1.9080668923137e-07
1145,5,1,224,1107,361736,0,4.69035972120905e-08
1146,5,1,235,1094,309048,0,3.78667716834949e-08
1147,5,1,209,1124,296805,0,5.9735403763922e-09
1148,5,1,233,1105,321629,0,1.900548622199e-08
1149,5,1,228,1111,252049,0,2.29121269339497e-08
1150,5,1,199,1107,287723,0,5.91413818654859e-07
1151,5,1,206,1130,236557,0,1.50278419593162e-08
1152,5,1,217,1081,245735,0,1.60932245740823e-07
1153,5,1,236,1110,256588,0,2.94040919856008e-08
1154,5,1,243,1163,457878,0,3.22830230864334e-08
1155,5,1,235,1147,302728,0,6.96519976310284e-07
1156,5,1,234,1089,296944,0,1.16006316681363e-07
1157,5,1,241,1055,255748,0,7.7754859982955e-07
1158,5,1,180,1108,231819,0,1.3346428986701e-08
1159,5,1,229,1111,212504,0,5.18504792246705e-08
1160,5,1,180,1085,268585,0,6.29265730632129e-05
1161,5,1,200,1125,292509,0,4.43086895424264e-08
1162,5,1,222,1118,361260,0,2.44097156768594e-08
1163,5,1,206,1119,335000,0,3.29113311027219e-09
1164,5,1,195,1095,509337,0,3.94947651344185e-08
1165,5,1,204,1141,433706,0,1.01917764029529e-08
1166,5,1,217,1077,428932,0,3.39469720677142e-06
1167,5,1,257,1067,473801,0,1.13526306848328e-08
1168,5,1,243,1097,334732,0,2.46613279356233e-08
1169,5,1,216,1140,310571,0,7.11032668912266e-07
1170,5,1,224,1132,252843,0,1.83064316370029e-08
1171,5,1,233,1105,319794,0,5.74151030463634e-08
1172,5,1,241,1117,441348,0,1.98275466167858e-08
1173,5,1,228,1155,367622,0,5.89962186923222e-09
1174,5,1,245,1090,288934,0,1.51460973427403e-08
1175,5,1,255,1143,270209,0,4.33445373027606e-08
1176,5,1,232,1098,262686,0,1.14165854893952e-08
1177,5,1,239,1150,303866,0,2.27544363356282e-08
1178,5,1,221,1095,284521,0,2.0204360094976e-08
1179,5,1,198,1112,335245,0,1.21582536394392e-08
1180,5,1,223,1117,384931,0,2.59778386978375e-08
1181,5,1,238,1129,476600,0,6.57747184146415e-09
1182,5,1,260,1087,311918,0,5.87196367862701e-08
1183,5,1,195,1110,310388,0,7.40091150165919e-09
1184,5,1,197,1114,403989,0,9.77451839756219e-09
1185,5,1,241,1114,469942,0,3.68003090275978e-08
1186,5,1,257,1155,270267,0,1.29658398447883e-08
1187,5,1,235,1091,280372,0,1.02719022395718e-07
1188,5,1,205,1107,383563,0,2.84926280878332e-08
1189,5,1,203,1108,255805,0,6.10759715105537e-09
1190,5,1,201,1119,246762,0,7.68363652392273e-08
1191,5,1,207,1126,365212,0,9.2344207765186e-09
1192,5,1,205,1115,367041,0,7.53159786779336e-08
1193,5,1,238,1133,293814,0,1.0955224434654e-08
1194,5,1,201,1146,227943,0,2.80407837797399e-08
1195,5,1,216,1123,243886,0,7.39713909098084e-06
1196,5,1,242,1163,269466,0,8.92871049752516e-09
1197,5,1,233,1202,184079,0,6.97111428364292e-09
1198,5,1,216,1131,167650,0,2.99997475624585e-08
1199,5,1,236,1121,237095,0,3.02173067749259e-08
1200,5,1,220,1136,162471,0,3.08751224083599e-07
1201,5,1,224,1114,192157,0,2.11621949981026e-08
1202,5,1,207,1184,170826,0,5.07762003199589e-08
1203,5,1,219,1084,203366,0,2.22528967961972e-08
1204,5,1,177,1129,242635,0,6.1695541374457e-08
1205,5,1,213,1067,193397,0,2.43336547820358e-08
1206,5,1,205,1146,257468,0,1.27395655206358e-08
1207,5,1,209,1153,263305,0,9.4590609223756e-05
1208,5,1,210,1119,194450,0,7.0858059472777e-09
1209,5,1,237,1098,230018,0,3.24710646104616e-09
1210,5,1,264,1124,204388,0,1.02806261058216e-07
1211,5,1,238,1088,276679,0,1.33193868537403e-08
1212,5,1,242,1073,266588,0,2.30944614367517e-08
1213,5,1,265,1108,212683,0,2.45710783097128e-08
1214,5,1,220,1131,169179,0,2.19791114657504e-08
1215,5,1,220,1151,192011,0,5.74084718657203e-09
1216,5,1,227,1113,201918,0,1.81544667962727e-08
1217,5,1,202,1090,194864,0,8.81033355266194e-09
1218,5,1,198,1147,216647,0,1.97822415630848e-08
1219,5,1,194,1098,196066,0,2.40200331623212e-08
1220,5,1,207,1155,179626,0,1.36038351364401e-08
1221,5,1,182,1144,198545,0,2.33099104312945e-08
1222,5,1,204,1124,185459,0,7.580861142581e-09
1223,5,1,206,1147,267271,0,1.3687469799265e-06
1224,5,1,214,1171,315370,0,1.6962812954773e-08
1225,5,1,196,1091,375911,0,2.63665026647744e-08
1226,5,1,174,1114,247187,0,4.35807054636371e-09
1227,5,1,219,1083,220998,0,1.65547027431808e-08
1228,5,1,204,1106,265776,0,3.72058558143847e-09
1229,5,1,220,1101,244408,0,7.24139093492259e-07
1230,5,1,221,1114,193683,0,1.08756452592061e-08
1231,5,1,211,1160,258154,0,1.26624787037656e-08
1232,5,1,203,1125,234631,0,3.49076335308029e-08
1233,5,1,222,1113,290024,0,1.77248248595476e-08
1234,5,1,218,1132,251801,0,9.9626488699139e-09
1235,5,1,212,1156,274931,0,1.03462792543488e-08
1236,5,1,199,1087,265462,0,3.07498312799182e-08
1237,5,1,230,1136,312998,0,2.0730107116391e-08
1238,5,1,198,1129,262914,0,1.08425699233423e-06
1239,5,1,236,1155,253532,0,3.16046451479303e-08
1240,5,1,217,1134,227476,0,1.34801082428359e-08
1241,5,1,195,1155,221549,0,1.0581948000443e-08
1242,5,1,225,1117,286614,0,4.56720182458122e-09
1243,5,1,241,1118,303298,0,1.28306093981829e-08
1244,5,1,222,1067,380339,0,9.08677030647829e-08
1245,5,1,239,1100,268555,0,1.64783244513239e-08
1246,5,1,191,1153,275364,0,5.50385117936385e-06
1247,5,1,181,1141,334533,0,2.38942457202795e-08
1248,5,1,206,1207,350603,0,1.3939306819847e-08
1249,5,1,210,1137,330576,0,1.90341580936436e-08
1250,5,1,225,1155,284180,0,1.46837060298918e-08
1251,5,1,244,1144,454701,0,1.00509359131251e-07
1252,5,1,215,1114,573552,0,1.51733774214704e-08
1253,5,1,251,1134,541914,0,1.22699178176417e-08
1254,5,1,208,1113,474458,0,1.51811294163353e-08
1255,5,1,195,1134,385366,0,2.26912799826163e-08
1256,5,1,196,1138,328865,0,1.21669985486893e-08
1257,5,1,243,1123,412702,0,4.260312324448e-08
1258,5,1,196,1130,390565,0,4.65110381907572e-08
1259,5,1,219,1153,283285,0,1.45721106431914e-08
1260,5,1,222,1111,420125,0,7.42416902889702e-08
1261,5,1,217,1091,314914,0,7.6911964113733e-09
1262,5,1,236,1148,428923,0,5.12293003423779e-08
1263,5,1,201,1117,344874,0,1.57866990851243e-07
1264,5,1,238,1096,176465,0,6.4224744838778e-05
1265,5,1,172,1132,183221,0,1.88524213182988e-08
1266,5,1,242,1088,330392,0,9.44157450178948e-08
1267,5,1,222,1116,313441,0,2.21160610661596e-08
1268,5,1,246,1152,194451,0,1.53766333567762e-07
1269,5,1,263,1109,219627,0,6.98426742372979e-08
1270,5,1,230,1130,160888,0,4.77745071751946e-08
1271,5,1,218,1112,208543,0,1.11929566399854e-08
1272,5,1,208,1093,203104,0,2.60176217321049e-08
1273,5,1,187,1089,186093,0,2.68430238642609e-08
1274,5,1,212,1163,197080,0,3.03779697114153e-08
1275,5,1,211,1107,200234,0,1.80386989757971e-08
1276,5,1,204,1131,210209,0,5.94706228517055e-09
1277,5,1,193,1119,199370,0,6.87994002009495e-09
1278,5,1,211,1131,190743,0,3.09543162883911e-09
1279,5,1,211,1148,199840,0,9.8463261769821e-08
1280,5,1,240,1150,223036,0,2.19745020375835e-08
1281,5,1,226,1192,179218,0,9.32981866450251e-08
1282,5,1,190,1111,192067,0,7.9534301042057e-09
1283,5,1,200,1093,267629,0,1.79540128966056e-07
1284,5,1,215,1077,255692,0,7.78243990426523e-08
1285,5,1,243,1077,381705,0,1.09086763626141e-07
1286,5,1,239,1128,316766,0,2.7019297048625e-07
1287,5,1,205,1086,308687,0,9.40604676741501e-09
1288,5,1,187,1065,338494,0,6.67703083353788e-09
1289,5,1,217,1116,268760,0,5.36262446473813e-09
1290,5,1,192,1090,346410,0,1.73793120426782e-08
1291,5,1,218,1124,460159,0,1.14031387076703e-07
1292,5,1,204,1118,422058,0,1.98642915166618e-07
1293,5,1,214,1118,234285,0,5.25667433855625e-08
1294,5,1,220,1140,258157,0,5.62284565342163e-09
1295,5,1,193,1118,327119,0,4.54252915021064e-09
1296,5,1,221,1081,252095,0,3.23479855246674e-09
1297,5,1,193,1151,218574,0,2.46265415877139e-08
1298,5,1,198,1084,210057,0,5.3305760454217e-08
1299,5,1,209,1104,177355,0,3.03425184496544e-08
1300,5,1,220,1136,182583,0,1.01447387191177e-08
1301,5,1,186,1131,193725,0,1.11785603055612e-08
1302,5,1,190,1077,221879,0,3.43680088087875e-08
1303,5,1,193,1119,277743,0,1.95642486220657e-07
1304,5,1,192,1094,209873,0,2.93562801916927e-08
1305,5,1,205,1120,219125,0,9.78773140760815e-09
1306,5,1,171,1115,274413,0,6.97608316108754e-09
1307,5,1,213,1153,225781,0,1.03048289651419e-08
1308,5,1,223,1151,264659,0,1.94142424130592e-08
1309,5,1,235,1161,240066,0,1.22997747231556e-07
1310,5,1,199,1106,250823,0,5.78666880264008e-09
1311,5,1,254,1159,248736,0,4.41032245638197e-09
1312,5,1,223,1200,207501,0,2.87149964917902e-07
1313,5,1,232,1150,222443,0,3.12135920491418e-09
1314,5,1,246,1056,273791,0,6.13053582652776e-09
1315,5,1,245,1063,389937,0,1.48942685217494e-06
1316,5,1,259,1109,201427,0,1.67468510331286e-07
1317,5,1,226,1161,199272,0,5.41462376124618e-09
1318,5,1,240,1173,187115,0,2.56336043731008e-08
1319,5,1,245,1157,195277,0,7.20286966015391e-09
1320,5,1,228,1094,163488,0,1.17741750599011e-08
1321,5,1,246,1172,221805,0,2.97245827852234e-08
1322,5,1,269,1108,241799,0,5.33939745975059e-07
1323,5,1,225,1146,220993,0,7.39218948854964e-09
1324,5,1,195,1129,189654,0,3.53371654458863e-08
1325,5,1,220,1090,191566,0,3.13302861115334e-08
1326,5,1,206,1134,205096,0,6.49724599780449e-09
1327,5,1,225,1103,176580,0,4.14859213002547e-08
1328,5,1,210,1155,145676,0,1.5391639744261e-07
1329,5,1,186,1124,260910,0,4.44085610263688e-08
1330,5,1,256,1146,161444,0,1.55900782443946e-08
1331,5,1,233,1173,161102,0,4.74376210895414e-09
1332,5,1,205,1096,164071,0,7.07335315964923e-09
1333,5,1,210,1150,171960,0,4.90111575330895e-07
1334,5,1,210,1185,203182,0,3.12722389696719e-09
1335,5,1,197,1143,199836,0,2.82124399976014e-09
1336,5,1,211,1136,208202,0,1.13722056420223e-08
1337,5,1,181,1166,266517,0,3.52416365604716e-08
1338,5,1,206,1156,238267,0,1.06730340598676e-08
1339,5,1,230,1092,325588,0,1.38003996865508e-08
1340,5,1,199,1132,328777,0,3.2615739442867e-08
1341,5,1,203,1137,248258,0,1.74436096961689e-08
1342,5,1,202,1140,245414,0,9.50612932945028e-08
1343,5,1,233,1120,255673,0,2.020303405515e-08
1344,5,1,210,1135,254502,0,8.05622979793755e-08
1345,5,1,211,1096,357212,0,4.643059177119e-07
1346,5,1,216,1121,343629,0,4.0808438734855e-09
1347,5,1,237,1108,427038,0,1.16771442472597e-08
1348,5,1,234,1103,381257,0,1.65054228282778e-07
1349,5,1,245,1119,295728,0,1.57989115705532e-08
1350,5,1,236,1114,340475,0,1.70339999461803e-08
1351,5,1,205,1096,234045,0,6.53765208806316e-09
1352,5,1,214,1111,267003,0,2.99727101502228e-08
1353,5,1,224,1115,265033,0,5.20269854243534e-08
1354,5,1,222,1126,365000,0,9.16037155747738e-08
1355,5,1,224,1187,197530,0,7.03322984423053e-09
1356,5,1,216,1067,159003,0,6.72713219314607e-09
1357,5,1,215,1139,177481,0,1.70726825685099e-07
1358,5,1,203,1157,154297,0,4.37321990204277e-09
1359,5,1,246,1112,201557,0,1.44390431622131e-08
1360,5,1,218,1101,190778,0,4.29687262447983e-08
1361,5,1,211,1095,233379,0,1.79411635998638e-08
1362,5,1,226,1129,240382,0,1.62708712370125e-08
1363,5,1,212,1113,279540,0,1.51854380233144e-08
1364,5,1,248,1159,344101,0,5.04263423033343e-08
1365,5,1,249,1096,234747,0,4.1104473153958e-08
1366,5,1,237,1108,200191,0,6.11772886641206e-09
1367,5,1,224,1122,183439,0,3.25829280004484e-09
1368,5,1,249,1122,220435,0,5.04600016572971e-09
1369,5,1,226,1162,184974,0,3.11496674460911e-08
1370,5,1,241,1149,200300,0,1.1277062419515e-08
1371,5,1,230,1167,214234,0,8.20540687495871e-08
1372,5,1,234,1148,343142,0,3.4008499188386e-09
1373,5,1,236,1082,386500,0,4.60212282451759e-09
1374,5,1,236,1148,241581,0,1.67012154512131e-07
1375,5,1,256,1073,285241,0,6.85139229857696e-09
1376,5,1,188,1138,200600,0,8.48346449035702e-09
1377,5,1,201,1118,203980,0,3.53797185612371e-08
1378,5,1,238,1187,366892,0,2.44390380657998e-08
1379,5,1,218,1114,302908,0,8.01603449241538e-08
1380,5,1,243,1153,220567,0,2.02910507398095e-08
1381,5,1,216,1126,216368,0,1.07788943410708e-07
1382,5,1,235,1143,199949,0,4.70429882528542e-08
1383,5,1,242,1157,142577,0,7.63123087122721e-09
1384,5,1,209,1183,202101,0,6.41746680962915e-09
1385,5,1,218,1117,151860,0,4.7542986210094e-09
1386,5,1,217,1169,162836,0,3.61670182530266e-07
1387,5,1,231,1160,173681,0,2.49284337348894e-08
1388,5,1,246,1137,166854,0,2.04048439592294e-08
1389,5,1,209,1113,224251,0,1.98938881131342e-08
1390,5,1,214,1082,273662,0,3.02553538442405e-08
1391,5,1,237,1150,293826,0,6.03060174417091e-08
1392,5,1,208,1124,209048,0,7.89143330371747e-09
1393,5,1,223,1100,306100,0,1.04103451975665e-08
1394,5,1,222,1123,430390,0,3.03706950976914e-08
1395,5,1,225,1143,316140,0,2.52871912528187e-08
1396,5,1,211,1188,269792,0,1.30369882931405e-08
1397,5,1,222,1067,261099,0,5.00276552206621e-08
1398,5,1,223,1144,226170,0,2.42541074665359e-08
1399,5,1,208,1121,269894,0,7.45453454195552e-09
1400,5,1,230,1117,306930,0,2.17783430211977e-08
1401,5,1,241,1091,523780,0,2.18690286118573e-08
1402,5,1,233,1076,316648,0,1.57842089424051e-07
1403,5,1,261,1174,300989,0,1.78583329564587e-08
1404,5,1,236,1145,282863,0,7.35257981907517e-09
1405,5,1,210,1130,368625,0,7.32089896096743e-09
1406,5,1,195,1104,377077,0,1.31560105969673e-08
1407,5,1,208,1130,270726,0,1.03127348515595e-08
1408,5,1,199,1116,210493,0,4.27478290022514e-09
1409,5,1,227,1106,184679,0,1.81057934842213e-08
1410,5,1,238,1089,211933,0,3.11199729706976e-08
1411,5,1,212,1123,182667,0,2.73766872498065e-08
1412,5,1,215,1150,174289,0,1.34070475682838e-08
1413,5,1,226,1174,158079,0,4.59473877891464e-08
1414,5,1,222,1128,197010,0,1.52580886817335e-08
1415,5,1,242,1126,253586,0,8.01394838346322e-08
1416,5,1,207,1126,164768,0,4.45173813925565e-08
1417,5,1,250,1118,130806,0,1.15095451601894e-07
1418,5,1,244,1166,148361,0,5.99687328829226e-09
1419,5,1,231,1193,152825,0,1.36040035843229e-08
1420,5,1,249,1145,173239,0,1.50828577770512e-07
1421,5,1,233,1122,223125,0,1.01248366510119e-07
1422,5,1,219,1147,232972,0,5.37820019717834e-08
1423,5,1,245,1105,216339,0,6.96438757400607e-09
1424,5,1,225,1116,193196,0,1.79060838979571e-07
1425,5,1,233,1154,160524,0,1.87605777830738e-08
1426,5,1,270,1149,185326,0,5.25621000872081e-09
1427,5,1,251,1194,158241,0,1.83563151571512e-08
1428,5,1,248,1163,129627,0,1.01861639366413e-08
1429,5,1,238,1157,116948,0,3.80758083644534e-09
1430,5,1,219,1126,157155,0,2.14884436468769e-08
1431,5,1,242,1184,188410,0,1.28528410069656e-08
1432,5,1,234,1159,125949,0,9.26917321875539e-08
1433,5,1,228,1138,147943,0,6.61756859155143e-08
1434,5,1,222,1110,287832,0,1.4705901642042e-08
1435,5,1,234,1115,259580,0,2.20564285262275e-08
1436,5,1,237,1107,195578,0,8.47524254485339e-08
1437,5,1,202,1124,237754,0,3.72803362669871e-08
1438,5,1,243,1101,243599,0,3.59281865311101e-08
1439,5,1,236,1102,234429,0,4.79440665201074e-07
1440,5,1,235,1130,263078,0,1.43460177164849e-08
1441,5,1,246,1103,230137,0,1.6879025362023e-08
1442,5,1,204,1117,215907,0,1.34634777103182e-08
1443,5,1,249,1175,241019,0,8.17298831947139e-08
1444,5,1,210,1131,229571,0,4.95263016172696e-09
1445,5,1,211,1092,229995,0,5.47495718532309e-09
1446,5,1,236,1100,316348,0,1.32056262034358e-08
1447,5,1,250,1092,441462,0,1.17525151168208e-06
1448,5,1,205,1093,420080,0,1.6967563767033e-08
1449,5,1,240,1102,263717,0,4.50922253838751e-07
1450,5,1,209,1095,373655,0,6.13851828061289e-09
1451,5,1,203,1108,343191,0,5.93645119648815e-09
1452,5,1,206,1090,436876,0,5.97931653458901e-09
1453,5,1,203,1093,464077,0,1.18304139044877e-08
1454,5,1,264,1116,572946,0,5.69454825483499e-07
1455,5,1,216,1138,588365,0,1.65057795998012e-08
1456,5,1,205,1122,482726,0,2.07711979593462e-09
1457,5,1,216,1129,306094,0,4.89738195052795e-09
1458,5,1,241,1135,341210,0,4.87455409747664e-08
1459,5,1,214,1145,319208,0,6.75803967180032e-09
1460,5,1,224,1130,272940,0,2.01381392795368e-08
1461,5,1,215,1133,253206,0,9.05705836938685e-08
1462,5,1,247,1129,289491,0,4.06949624440466e-08
1463,5,1,227,1082,320245,0,6.89209132944577e-09
1464,5,1,223,1124,329186,0,9.6281663297858e-09
1465,5,1,216,1119,230566,0,5.46569165284912e-08
1466,5,1,223,1093,208819,0,7.24553306764534e-09
1467,5,1,201,1098,210297,0,5.14453548345521e-08
1468,5,1,203,1079,262292,0,1.45394081957091e-08
1469,5,1,237,1107,263321,0,2.05136168512693e-08
1470,5,1,195,1136,363138,0,8.03801878333823e-07
1471,5,1,242,1136,309728,0,7.29925143280264e-08
1472,5,1,232,1121,231319,0,8.68859665117612e-09
1473,5,1,239,1127,253598,0,9.52328990678704e-08
1474,5,1,252,1132,197960,0,8.28774999968373e-08
1475,5,1,237,1142,233065,0,9.33024156747129e-09
1476,5,1,229,1161,204255,0,5.24589021690463e-08
1477,5,1,250,1128,192495,0,2.1944635967973e-07
1478,5,1,230,1142,237604,0,1.67587914812349e-08
1479,5,1,233,1100,217506,0,2.02020207418787e-08
1480,5,1,218,1106,299192,0,6.73505414308139e-09
1481,5,1,251,1106,281367,0,7.02819467716566e-09
1482,5,1,225,1112,271979,0,1.5681452036772e-09
1483,5,1,246,1101,380730,0,1.99251803750955e-08
1484,5,1,204,1085,342157,0,7.61871154128883e-09
1485,5,1,229,1122,309661,0,7.27553182358719e-09
1486,5,1,254,1103,286712,0,6.36787024721518e-09
1487,5,1,208,1097,271025,0,3.74040883575896e-08
1488,5,1,234,1129,252276,0,6.41927971341069e-08
1489,5,1,224,1142,165135,0,9.17689022608003e-08
1490,5,1,229,1101,239010,0,5.02046867003274e-08
1491,5,1,234,1125,160808,0,6.86581388236538e-09
1492,5,1,210,1162,174195,0,4.28178845307871e-07
1493,5,1,232,1105,244717,0,5.41429386428955e-08
1494,5,1,230,1135,236639,0,5.26443586575359e-08
1495,5,1,253,1113,281103,0,1.46077903410157e-08
1496,5,1,236,1144,212866,0,2.44751647112542e-08
1497,5,1,262,1078,150817,0,5.43144210847413e-08
1498,5,1,231,1089,167085,0,3.2346857824956e-09
1499,5,1,263,1120,158474,0,2.05355687035578e-08
1500,5,1,218,1109,197682,0,3.92211889921432e-09
1501,5,1,225,1197,131962,0,5.13020498390712e-08
1502,5,1,215,1126,181998,0,2.81267510997831e-07
1503,5,1,208,1095,170926,0,1.04720989589781e-07
1504,5,1,249,1132,171998,0,7.9692701292636e-09
1505,5,1,240,1118,168380,0,5.18587832952318e-08
1506,5,1,212,1085,194920,0,8.73474528451568e-08
1507,5,1,233,1098,278740,0,8.54917294369386e-09
1508,5,1,218,1128,273106,0,7.39354907969343e-09
1509,5,1,219,1074,399658,0,5.37313577660429e-06
1510,5,1,216,1115,312264,0,2.17743133154777e-08
1511,5,1,208,1096,174599,0,2.99841696601106e-08
1512,5,1,231,1148,220300,0,2.27140937630447e-08
1513,5,1,269,1126,209040,0,1.30533886952001e-07
1514,5,1,250,1143,179410,0,3.6103659760164e-09
1515,5,1,255,1136,194784,0,7.12099534629863e-08
1516,5,1,224,1114,188007,0,1.23530593991846e-08
1517,5,1,225,1142,189066,0,5.66193327615981e-09
1518,5,1,212,1178,218558,0,1.15960457797103e-08
1519,5,1,254,1113,252437,0,3.27642395776793e-09
1520,5,1,216,1119,293420,0,3.75288031755679e-09
1521,5,1,198,1128,220996,0,8.82814374548909e-08
1522,5,1,199,1154,228444,0,1.11475783350172e-07
1523,5,1,233,1086,164241,0,3.27977608036998e-09
1524,5,1,205,1101,129429,0,4.53127386861911e-09
1525,5,1,221,1125,133871,0,1.55829784446704e-08
1526,5,1,234,1147,113987,0,5.89415769833232e-09
1527,5,1,249,1159,128464,0,5.41179581697282e-08
1528,5,1,251,1130,130358,0,2.8628192147438e-08
1529,5,1,229,1147,195649,0,1.0816370579343e-07
1530,5,1,233,1122,148581,0,4.31482948616116e-07
1531,5,1,271,1153,153695,0,3.47340432885861e-08
1532,5,1,210,1137,186153,0,4.50748739912952e-08
1533,5,1,247,1126,248393,0,6.33879835980877e-09
1534,5,1,248,1125,176341,0,2.65909688478401e-08
1535,5,1,252,1179,127144,0,3.56316003016161e-09
1536,5,1,259,1161,134642,0,2.12730306178945e-08
1537,5,1,236,1171,142851,0,1.05402184434556e-07
1538,5,1,244,1163,127576,0,2.38601059435718e-08
1539,5,1,253,1117,151290,0,1.26713694541492e-08
1540,5,1,260,1112,213948,0,2.41138341268139e-08
1541,5,1,223,1131,171975,0,2.79093506835438e-08
1542,5,1,231,1122,160149,0,8.57418642368006e-08
1543,5,1,232,1123,133477,0,8.93491995285495e-08
1544,5,1,202,1129,137798,0,3.47545326444206e-08
1545,5,1,229,1133,172788,0,3.2013332321681e-08
1546,5,1,218,1151,111073,0,9.78593037347234e-09
1547,5,1,237,1122,121104,0,1.43865673007637e-08
1548,5,1,231,1142,118054,0,5.69235811040829e-09
1549,5,1,238,1136,110907,0,5.76909531051436e-08
1550,5,1,225,1134,94701,0,5.61531699735228e-07
1551,5,1,211,1098,111773,0,3.17692872569142e-08
1552,5,1,232,1121,100196,0,1.33178781248527e-08
1553,5,1,213,1124,127363,0,1.88959898351328e-07
1554,5,1,216,1163,96644,0,5.80424845604303e-08
1555,5,1,238,1106,109924,0,2.84715179277208e-07
1556,5,1,261,1108,114832,0,4.71141477441879e-08
1557,5,1,233,1096,111049,0,1.17001098085814e-08
1558,5,1,227,1107,123007,0,2.3922540742292e-08
1559,5,1,226,1088,173842,0,3.50208633326603e-08
1560,5,1,234,1124,214792,0,2.2199799773559e-08
1561,5,1,273,1063,232506,0,3.12603033089373e-09
1562,5,1,254,1118,165620,0,1.91364927033727e-08
1563,5,1,242,1129,175216,0,1.0236306309832e-08
1564,5,1,241,1115,194204,0,4.06273523441206e-08
1565,5,1,251,1136,157418,0,2.87074820300381e-08
1566,5,1,198,1148,156797,0,3.47622330741432e-08
1567,5,1,235,1166,135232,0,2.84284875228152e-08
1568,5,1,228,1113,194113,0,3.36952205315223e-09
1569,5,1,239,1154,170296,0,6.59884247142859e-08
1570,5,1,237,1144,159398,0,1.82697800525834e-07
1571,5,1,233,1189,194701,0,2.58862042427771e-07
1572,5,1,226,1095,209275,0,1.19030349906577e-07
1573,5,1,236,1158,174003,0,1.58128944819322e-08
1574,5,1,229,1084,151481,0,3.78708773792488e-07
1575,5,1,245,1117,124099,0,3.45834240560085e-08
1576,5,1,243,1174,118073,0,5.82367413435584e-09
1577,5,1,227,1136,97535,0,9.64092273570309e-09
1578,5,1,221,1104,130902,0,4.65528371861312e-07
1579,5,1,218,1146,126878,0,3.8805951124501e-09
1580,5,1,238,1111,100630,0,1.23134526146431e-07
1581,5,1,279,1137,123215,0,1.41633209514202e-08
1582,5,1,267,1190,138675,0,2.19209557591678e-08
1583,5,1,223,1133,125259,0,2.43904498297179e-09
1584,5,1,235,1176,126520,0,3.23745305688254e-08
1585,5,1,232,1176,145771,0,7.4002939181532e-08
1586,5,1,228,1164,125649,0,5.16057318301158e-07
1587,5,1,219,1101,125224,0,3.66191111489221e-08
1588,5,1,213,1139,155069,0,1.1404188192168e-08
1589,5,1,197,1134,138956,0,7.35492034585947e-08
1590,5,1,210,1093,145099,0,1.29940234467528e-08
1591,5,1,204,1132,129556,0,3.44270221546694e-08
1592,5,1,179,1137,145326,0,3.76248188133657e-09
1593,5,1,197,1145,135341,0,3.05810182198169e-08
1594,5,1,216,1042,165372,0,6.65272072882104e-09
1595,5,1,248,1118,199877,0,1.25271997348818e-08
1596,5,1,211,1132,192981,0,1.5646804538864e-08
1597,5,1,204,1151,196466,0,6.09919952550865e-09
1598,5,1,231,1194,178313,0,1.30296546610805e-08
1599,5,1,235,1119,139175,0,6.59294762602106e-07
1600,5,1,232,1083,194873,0,3.79183377398651e-08
1601,5,1,245,1142,170546,0,2.95166612131787e-09
1602,5,1,219,1146,147840,0,5.15092348448739e-09
1603,5,1,208,1160,124552,0,5.51988442844829e-09
1604,5,1,238,1131,131093,0,3.5461868746609e-08
1605,5,1,225,1165,155932,0,1.26325851830915e-08
1606,5,1,222,1110,147432,0,6.1796218708541e-08
1607,5,1,209,1108,212949,0,1.63655378174129e-07
1608,5,1,241,1080,187681,0,3.07252878363751e-09
1609,5,1,230,1108,145896,0,1.74362537317177e-07
1610,5,1,225,1142,173423,0,1.29584554169292e-08
1611,5,1,244,1131,207252,0,7.21186095046587e-09
1612,5,1,235,1118,188486,0,9.17268451325054e-08
1613,5,1,225,1123,137689,0,8.60907382369566e-08
1614,5,1,227,1118,182412,0,1.3474078639556e-08
1615,5,1,204,1067,155452,0,2.53521750550015e-08
1616,5,1,254,1163,135333,0,4.10593059014828e-09
1617,5,1,198,1115,141531,0,8.9764765669174e-09
1618,5,1,212,1101,170650,0,2.06561939172648e-08
1619,5,1,223,1149,210447,0,1.59319958263784e-08
1620,5,1,217,1134,159018,0,7.00645551128841e-09
1621,5,1,247,1139,139019,0,6.5469999593918e-08
1622,5,1,231,1100,149199,0,1.57628947631579e-08
1623,5,1,234,1137,122300,0,1.40687666546804e-07
1624,5,1,236,1129,141824,0,1.15874692509121e-07
1625,5,1,243,1034,152662,0,8.6000278706842e-09
1626,5,1,228,1106,200321,0,9.88535200265899e-09
1627,5,1,255,1098,186004,0,6.48182366326528e-09
1628,5,1,215,1075,135331,0,4.88519711498138e-08
1629,5,1,232,1122,158791,0,4.17378505359212e-07
1630,5,1,211,1114,153885,0,5.81060669112951e-08
1631,5,1,227,1131,181097,0,2.62060386499373e-08
1632,5,1,221,1150,220477,0,2.78747717814561e-08
1633,5,1,216,1148,226477,0,7.15311685997455e-09
1634,5,1,211,1116,263979,0,3.54165259867958e-08
1635,5,1,253,1147,241432,0,1.77232996013491e-08
1636,5,1,252,1077,204101,0,6.94638079405336e-07
1637,5,1,229,1127,145513,0,4.67581484768512e-09
1638,5,1,206,1131,185811,0,1.04964855282507e-08
1639,5,1,221,1104,166886,0,1.18816910206317e-08
1640,5,1,240,1087,194759,0,8.45952865261284e-09
1641,5,1,243,1100,212541,0,7.94254417450304e-08
1642,5,1,210,1134,239241,0,2.04362726050879e-08
1643,5,1,202,1164,217911,0,8.88303966201718e-09
1644,5,1,205,1043,267348,0,4.00112189794143e-08
1645,5,1,225,1126,325612,0,3.23634877426902e-06
1646,5,1,221,1134,359670,0,8.85618576130362e-09
1647,5,1,226,1116,328802,0,7.82031487113675e-08
1648,5,1,224,1136,259717,0,9.13921083696898e-09
1649,5,1,208,1087,212912,0,4.97354966840365e-09
1650,5,1,183,1156,275518,0,2.02310906605591e-08
1651,5,1,214,1124,272592,0,2.35605993854768e-08
1652,5,1,244,1139,291459,0,7.05641367702681e-09
1653,5,1,225,1144,239616,0,6.71044969453053e-09
1654,5,1,231,1175,217609,0,9.59650990723181e-08
1655,5,1,235,1129,285650,0,4.64741654813578e-08
1656,5,1,229,1138,207164,0,3.45767827847058e-09
1657,5,1,228,1156,237926,0,3.4447245535769e-08
1658,5,1,229,1088,333150,0,1.54613302371602e-08
1659,5,1,254,1165,286278,0,1.84589609511172e-07
1660,5,1,196,1123,222317,0,2.89234812447708e-08
1661,5,1,201,1110,274122,0,1.11594016981721e-08
1662,5,1,220,1121,288950,0,9.47149004241545e-09
1663,5,1,189,1138,201092,0,1.15146041411247e-08
1664,5,1,174,1092,164125,0,1.80125695875686e-08
1665,5,1,209,1082,209012,0,1.02751543832987e-08
1666,5,1,185,1080,202800,0,1.86399581006521e-08
1667,5,1,188,1124,195645,0,9.20633054063374e-09
1668,5,1,193,1074,205679,0,1.21802482294013e-07
1669,5,1,190,1098,194304,0,2.50669254699935e-08
1670,5,1,202,1135,166402,0,1.44800330312707e-08
1671,5,1,205,1103,210983,0,1.45201658099518e-08
1672,5,1,221,1139,166456,0,2.67946532013504e-07
1673,5,1,232,1132,148131,0,1.02988172965628e-08
1674,5,1,201,1071,185208,0,9.36087717110439e-08
1675,5,1,167,1065,160041,0,4.07319633012788e-07
1676,5,1,206,1114,187639,0,5.99136712144309e-09
1677,5,1,198,1097,168423,0,3.88448342208051e-09
1678,5,1,198,1090,175613,0,5.56126709816411e-08
1679,5,1,202,1116,194715,0,3.76676441208098e-08
1680,5,1,196,1146,153610,0,1.48123459705e-07
1681,5,1,208,1090,131112,0,3.99241799419869e-08
1682,5,1,226,1116,124766,0,7.65592627756358e-09
1683,5,1,224,1115,153671,0,1.6875120052172e-08
1684,5,1,209,1094,189965,0,1.34755432484222e-08
1685,5,1,195,1073,210173,0,2.90267010554568e-08
1686,5,1,178,1130,194705,0,8.09577780926573e-09
1687,5,1,218,1113,169245,0,5.11655671470756e-08
1688,5,1,201,1138,167390,0,3.25824784035539e-08
1689,5,1,179,1105,144836,0,1.12298417388793e-07
1690,5,1,203,1132,162656,0,1.39192843894721e-08
1691,5,1,190,1101,214516,0,2.23892138350694e-09
1692,5,1,237,1127,267546,0,3.19195108901816e-08
1693,5,1,189,1130,151122,0,1.47305546291852e-07
1694,5,1,223,1083,149034,0,5.70385716451566e-09
1695,5,1,216,1106,209860,0,2.90409077672379e-08
1696,5,1,198,1107,189293,0,3.43557227277771e-09
1697,5,1,231,1145,132335,0,2.56284889878803e-07
1698,5,1,235,1081,161770,0,3.85761100248085e-07
1699,5,1,213,1122,185156,0,1.26280153455715e-07
1700,5,1,228,1112,163468,0,2.05049528880831e-07
1701,5,1,205,1072,185326,0,6.71078918510061e-07
1702,5,1,200,1157,126694,0,2.40194606045355e-08
1703,5,1,196,1193,95950,0,7.53115995935965e-08
1704,5,1,239,1167,123604,0,1.05336587809705e-08
1705,5,1,269,1157,147834,0,1.63996304125211e-08
1706,5,1,249,1193,117987,0,8.83823995124439e-08
1707,5,1,247,1207,136706,0,8.6632090918686e-08
1708,5,1,252,1147,140165,0,2.1302293662532e-08
1709,5,1,198,1185,99782,0,1.45138415196479e-07
1710,5,1,198,1086,86238,0,2.21952056583995e-08
1711,5,1,236,1097,99143,0,3.58847321870353e-08
1712,5,1,227,1098,109677,0,3.07433567902018e-08
1713,5,1,225,1138,130943,0,1.60480723716754e-08
1714,5,1,234,1130,172462,0,6.93836255585498e-08
1715,5,1,237,1150,128293,0,2.73509855051142e-08
1716,5,1,220,1152,176523,0,8.00818437418968e-07
1717,5,1,222,1105,175074,0,2.27132743751694e-08
1718,5,1,240,1119,223622,0,9.10932192668052e-09
1719,5,1,229,1098,282774,0,2.25635103996517e-07
1720,5,1,202,1121,250485,0,1.28766076614149e-08
1721,5,1,218,1108,234442,0,2.33150461621336e-08
1722,5,1,239,1144,196734,0,1.14668262243598e-08
1723,5,1,223,1126,217850,0,1.66200161929498e-08
1724,5,1,204,1139,223354,0,1.0586457021581e-08
1725,5,1,223,1167,236121,0,2.19992009276497e-07
1726,5,1,241,1133,269304,0,5.19247935860665e-08
1727,5,1,209,1125,184757,0,1.25517767074214e-07
1728,5,1,226,1143,217954,0,1.62565655013216e-08
1729,5,1,264,1148,227092,0,9.76643092085889e-09
1730,5,1,253,1110,336056,0,1.77642878422905e-08
1731,5,1,230,1147,340377,0,1.48462248414633e-08
1732,5,1,244,1123,242435,0,1.22529551543066e-08
1733,5,1,230,1160,210884,0,2.34073216515966e-08
1734,5,1,242,1166,187586,0,1.66648698791607e-08
1735,5,1,254,1134,146187,0,4.19415393710524e-08
1736,5,1,245,1156,133152,0,6.39858736049148e-08
1737,5,1,237,1150,120711,0,3.38116817217068e-07
1738,5,1,199,1146,126431,0,9.38206331450741e-07
1739,5,1,204,1186,126587,0,1.66502258501534e-08
1740,5,1,218,1178,112776,0,2.519912850615e-08
1741,5,1,218,1113,146702,0,1.40304430763292e-08
1742,5,1,222,1126,183560,0,4.15258750728385e-08
1743,5,1,232,1175,189217,0,6.48481299628264e-09
1744,5,1,221,1190,187658,0,4.04229800732508e-08
1745,5,1,246,1142,214036,0,1.98252412423406e-08
1746,5,1,196,1135,210780,0,2.50261798822432e-08
1747,5,1,207,1103,198972,0,5.68646693499015e-09
1748,5,1,241,1159,171455,0,3.33975485779745e-09
1749,5,1,256,1127,170353,0,3.78804860674136e-09
1750,5,1,227,1163,136104,0,1.09782488652948e-07
1751,5,1,233,1159,180866,0,1.0549970080054e-07
1752,5,1,261,1122,104416,0,1.13366145526338e-08
1753,5,1,235,1102,130266,0,3.2038355548788e-09
1754,5,1,232,1134,151382,0,5.52186111226497e-08
1755,5,1,266,1135,136574,0,4.28976849984385e-06
1756,5,1,243,1134,98970,0,1.91763457140438e-07
1757,5,1,198,1118,98650,0,4.37295634011893e-09
1758,5,1,253,1211,101570,0,8.20692851106049e-09
1759,5,1,218,1138,109963,0,1.7326014726033e-08
1760,5,1,236,1134,94592,0,4.22471792274677e-09
1761,5,1,236,1157,94302,0,8.80789184298838e-09
1762,5,1,232,1099,133725,0,4.12919232458104e-08
1763,5,1,238,1185,158861,0,5.43333073367405e-08
1764,5,1,243,1149,183109,0,1.67541049650795e-07
1765,5,1,203,1158,176832,0,1.18936751930214e-08
1766,5,1,213,1152,189639,0,3.67821990887911e-08
1767,5,1,228,1143,145208,0,7.61361552975737e-09
1768,5,1,241,1144,138515,0,5.04066232894057e-08
1769,5,1,243,1145,128002,0,1.50689386948124e-08
1770,5,1,231,1151,138073,0,7.5316515278699e-09
1771,5,1,203,1126,165982,0,1.03101531274955e-08
1772,5,1,205,1131,176864,0,3.61443503814165e-07
1773,5,1,248,1134,143770,0,2.29960505759901e-07
1774,5,1,245,1171,132166,0,1.76343606184938e-08
1775,5,1,245,1147,179049,0,1.12435910985598e-08
1776,5,1,237,1181,174621,0,2.11902588386554e-08
1777,5,1,262,1144,242490,0,3.91362341307312e-09
1778,5,1,206,1155,173621,0,3.54767063528314e-07
1779,5,1,222,1198,173249,0,3.09822174314712e-08
1780,5,1,229,1096,188600,0,8.26980492299596e-09
1781,5,1,218,1090,174589,0,9.06324197603501e-07
1782,5,1,223,1149,175233,0,1.48844710323345e-07
1783,5,1,225,1165,182471,0,2.43664798084864e-07
1784,5,1,250,1161,212299,0,9.67197186748624e-08
1785,5,1,237,1135,209172,0,4.09696623155601e-08
1786,5,1,244,1149,238486,0,1.29301677441307e-07
1787,5,1,250,1119,203678,0,1.21852555020926e-08
1788,5,1,254,1081,181507,0,6.91241935840294e-08
1789,5,1,217,1113,161171,0,2.4326255646772e-06
1790,5,1,230,1188,155740,0,3.59223514370603e-07
1791,5,1,238,1111,156033,0,2.47177616296557e-07
1792,5,1,230,1175,113524,0,1.72316201648459e-08
1793,5,1,273,1156,122297,0,1.80674570499899e-08
1794,5,1,224,1152,145984,0,3.82162041045946e-09
1795,5,1,203,1109,128092,0,3.95421747652354e-08
1796,5,1,247,1112,118380,0,1.29766711945376e-08
1797,5,1,234,1156,142338,0,3.84041693443634e-08
1798,5,1,237,1155,153570,0,3.83007586646593e-09
1799,5,1,231,1152,186239,0,1.13835066095981e-08
1800,5,1,236,1122,141173,0,1.5912164155044e-07
1801,5,1,252,1118,113744,0,5.00935243237011e-09
1802,5,1,235,1169,107570,0,7.35339371911892e-08
1803,5,1,223,1163,148913,0,3.17092526129888e-08
1804,5,1,242,1138,128751,0,9.97480064808871e-08
1805,5,1,205,1110,134700,0,2.44918785118536e-08
1806,5,1,218,1120,149686,0,1.73093982148617e-08
1807,5,1,197,1109,98571,0,3.81084068834795e-08
1808,5,1,176,1066,107314,0,5.62381100816989e-08
1809,5,1,214,1158,127868,0,3.59944695254284e-08
1810,5,1,223,1133,154266,0,3.52439647423344e-09
1811,5,1,245,1185,162415,0,3.9044168946013e-08
1812,5,1,233,1165,95725,0,1.06222206097933e-08
1813,5,1,239,1176,136985,0,4.43934146144182e-09
1814,5,1,219,1180,128848,0,2.43423996357511e-07
1815,5,1,222,1166,107658,0,2.43304155498116e-08
1816,5,1,252,1136,142093,0,5.46539320759402e-09
1817,5,1,220,1170,135220,0,7.93043727115412e-08
1818,5,1,237,1150,180007,0,6.2893120945037e-08
1819,5,1,213,1157,155602,0,2.28409935191816e-07
1820,5,1,239,1166,155255,0,3.08377991173504e-08
1821,5,1,255,1154,111503,0,2.13788549498265e-08
1822,5,1,261,1149,164563,0,5.45678279192653e-07
1823,5,1,208,1115,146037,0,4.62196702060289e-09
1824,5,1,249,1164,172586,0,4.92770083431193e-08
1825,5,1,248,1179,130109,0,2.55788330146443e-08
1826,5,1,236,1156,152543,0,6.98752106553172e-09
1827,5,1,241,1151,126567,0,1.03231945515777e-07
1828,5,1,241,1154,211066,0,3.98392060317603e-07
1829,5,1,214,1140,141818,0,3.57310717083341e-09
1830,5,1,221,1174,175845,0,4.94867008226185e-07
1831,5,1,251,1169,224696,0,1.91675115352024e-06
1832,5,1,239,1170,198408,0,1.40638798429917e-08
1833,5,1,249,1122,168049,0,2.31397885603503e-08
1834,5,1,245,1123,164422,0,4.66112941135986e-09
1835,5,1,260,1144,147681,0,7.54847300144606e-09
1836,5,1,233,1132,141506,0,5.4496766862281e-06
1837,5,1,235,1156,176562,0,8.51652345302848e-08
1838,5,1,264,1168,214267,0,1.07742187000017e-08
1839,5,1,268,1172,245347,0,5.13043605851938e-09
1840,5,1,229,1139,216738,0,3.15354946680329e-07
1841,5,1,240,1152,220662,0,1.72000141080657e-07
1842,5,1,231,1110,339122,0,7.61501891755394e-09
1843,5,1,221,1162,265585,0,7.57148591703246e-09
1844,5,1,255,1148,266995,0,6.64457190342352e-09
1845,5,1,257,1166,231852,0,1.63191992144529e-08
1846,5,1,215,1136,244487,0,3.26428866445648e-08
1847,5,1,263,1215,225247,0,2.71133595890179e-08
1848,5,1,239,1151,294884,0,1.82587751502476e-08
1849,5,1,272,1104,282036,0,1.28082360120347e-07
1850,5,1,261,1093,302818,0,3.6251092921871e-09
1851,5,1,245,1115,329779,0,3.59103457114351e-08
1852,5,1,242,1076,321400,0,2.21998890362985e-08
1853,5,1,222,1149,301713,0,2.03843547900127e-07
1854,5,1,229,1135,253990,0,3.85470531989423e-08
1855,5,1,217,1168,263276,0,7.24667055208214e-08
1856,5,1,214,1133,339952,0,4.70392465188709e-07
1857,5,1,213,1083,338077,0,5.6099386127179e-09
1858,5,1,219,1140,308277,0,2.582604928209e-08
1859,5,1,263,1090,281330,0,1.36070994584232e-08
1860,5,1,249,1147,294121,0,6.09174172147118e-09
1861,5,1,232,1103,329923,0,1.38825526048986e-08
1862,5,1,264,1077,455099,0,1.97353925502971e-08
1863,5,1,210,1096,353854,0,1.49491798182599e-08
1864,5,1,232,1166,364001,0,3.86414300130547e-08
1865,5,1,216,1096,436539,0,2.57871014443534e-08
1866,5,1,224,1118,489326,0,5.22076274992921e-09
1867,5,1,206,1159,378837,0,1.21367235159246e-08
1868,5,1,253,1118,388489,0,4.70731802975732e-09
1869,5,1,230,1088,346793,0,1.49238827146308e-08
1870,5,1,249,1056,404772,0,3.05645953427104e-08
1871,5,1,235,1152,463994,0,1.29024905600385e-07
1872,5,1,247,1124,405585,0,1.09337919832118e-08
1873,5,1,222,1135,438321,0,1.51784371598448e-08
1874,5,1,225,1080,471436,0,1.24865701202947e-07
1875,5,1,242,1103,394341,0,1.03870149008777e-07
1876,5,1,195,1145,363663,0,8.34390667526355e-09
1877,5,1,203,1108,441258,0,2.38624466804746e-08
1878,5,1,233,1082,408628,0,1.83334858182564e-07
1879,5,1,238,1121,344699,0,3.18166487080839e-08
1880,5,1,223,1114,398833,0,1.31610127543956e-08
1881,5,1,209,1111,562752,0,3.2570820452218e-08
1882,5,1,236,1178,606330,0,9.16731239583798e-08
1883,5,1,232,1116,579390,0,1.83061157794172e-08
1884,5,1,252,1104,646659,0,2.65339686887203e-08
1885,5,1,225,1086,553322,0,2.19679016773326e-08
1886,5,1,200,1090,479316,0,3.6498126201941e-08
1887,5,1,211,1106,600238,0,1.07280200941438e-08
1888,5,1,255,1130,424175,0,2.73443957101695e-08
1889,5,1,229,1114,520885,0,1.35552784640575e-08
1890,5,1,214,1162,691046,0,9.56021518709791e-08
1891,5,1,214,1110,642877,0,1.11624491283655e-07
1892,5,1,230,1112,447992,0,2.08950597113315e-08
1893,5,1,201,1133,834526,0,8.23137247729984e-09
1894,5,1,222,1099,1106783,0,1.49819460000346e-08
1895,5,1,199,1136,555937,0,7.63819458199895e-09
1896,5,1,196,1140,503124,0,8.38775332444584e-09
1897,5,1,265,1180,568181,0,5.60517793433453e-08
1898,5,1,205,1167,456067,0,1.08150281715639e-08
1899,5,1,239,1133,365940,0,7.29415470405654e-08
1900,5,1,225,1049,319521,0,2.48900655636959e-09
1901,5,1,214,1100,474256,0,4.10942808325049e-09
1902,5,1,208,1144,601210,0,1.56460904593788e-08
1903,5,1,208,1127,623588,0,1.29723179298482e-07
1904,5,1,211,1091,571886,0,2.31970381855409e-08
1905,5,1,222,1123,598676,0,3.43147681983592e-08
1906,5,1,209,1179,515353,0,4.50123445615347e-08
1907,5,1,242,1093,505878,0,3.11627654394295e-08
1908,5,1,222,1145,348319,0,4.5932751256266e-09
1909,5,1,212,1147,462590,0,4.4799894461615e-09
1910,5,1,223,1186,468494,0,1.24934193393675e-08
1911,5,1,207,1151,398360,0,2.41843228008708e-09
1912,5,1,240,1118,413668,0,1.11840795601678e-06
1913,5,1,227,1110,377438,0,1.13614225072755e-07
1914,5,1,222,1128,477035,0,2.66142919830253e-08
1915,5,1,218,1131,421466,0,5.26365961608797e-07
1916,5,1,208,1157,457497,0,6.8686977617941e-09
1917,5,1,246,1128,388459,0,4.46855841213829e-09
1918,5,1,249,1115,414843,0,8.57754680252256e-07
1919,5,1,208,1105,452585,0,5.05031109691582e-08
1920,5,1,204,1086,379433,0,2.58129912392273e-08
1921,5,1,202,1078,404715,0,7.11772872333774e-09
1922,5,1,207,1104,564751,0,3.18644987994386e-06
1923,5,1,204,1105,415323,0,3.10794199700988e-08
1924,5,1,224,1058,424648,0,1.49998440531685e-08
1925,5,1,222,1130,329205,0,7.73079258286802e-09
1926,5,1,230,1138,234724,0,9.64800300107465e-09
1927,5,1,210,1066,226319,0,1.14627057282017e-08
1928,5,1,218,1127,235743,0,1.178907822776e-09
1929,5,1,205,1139,277953,0,1.12889035556479e-08
1930,5,1,241,1131,304909,0,2.62667770391128e-07
1931,5,1,211,1114,289198,0,1.12618439932487e-07
1932,5,1,227,1140,349459,0,1.81261859274922e-07
1933,5,1,228,1113,369638,0,1.01621726668086e-07
1934,5,1,206,1090,366846,0,1.03087833773546e-08
1935,5,1,227,1117,375406,0,7.52462099754288e-09
1936,5,1,210,1105,505828,0,1.96364569569839e-08
1937,5,1,245,1139,465431,0,2.2707777171418e-08
1938,5,1,213,1117,421606,0,1.08932092769408e-08
1939,5,1,245,1106,534456,0,3.37720777132687e-07
1940,5,1,242,1084,478836,0,1.14049919382411e-08
1941,5,1,222,1123,423329,0,9.73412665285451e-09
1942,5,1,224,1122,350847,0,8.66944566734969e-08
1943,5,1,196,1096,299633,0,1.34546627599491e-07
1944,5,1,217,1088,449463,0,4.23766187829602e-09
1945,5,1,226,1098,457564,0,1.72470017934323e-09
1946,5,1,211,1115,388161,0,2.79352785930267e-08
1947,5,1,215,1124,299100,0,9.78760409073475e-09
1948,5,1,220,1149,329979,0,1.92326772974582e-07
1949,5,1,224,1123,362381,0,2.80984748434156e-07
1950,5,1,204,1143,443149,0,4.16200232391167e-09
1951,5,1,236,1134,366293,0,5.56697907078479e-09
1952,5,1,219,1113,411198,0,6.84955308878118e-08
1953,5,1,175,1132,398876,0,1.39468808029156e-08
1954,5,1,227,1159,401288,0,1.85098998148123e-08
1955,5,1,206,1098,447681,0,4.55309021193363e-07
1956,5,1,223,1084,429202,0,7.07546200830719e-08
1957,5,1,251,1121,532408,0,1.22139291343686e-08
1958,5,1,250,1099,567393,0,1.68375930563712e-08
1959,5,1,253,1143,450473,0,3.14247068304347e-09
1960,5,1,257,1140,242908,0,6.12874817099268e-08
1961,5,1,238,1119,293418,0,2.25330698461508e-08
1962,5,1,214,1074,332505,0,1.01252604511346e-08
1963,5,1,222,1103,271253,0,1.66321216863632e-08
1964,5,1,193,1144,292307,0,1.83753210613374e-07
1965,5,1,220,1149,266934,0,7.25434893907518e-09
1966,5,1,220,1136,352376,0,2.39167411650727e-08
1967,5,1,228,1111,257211,0,1.30758504630698e-08
1968,5,1,227,1160,373091,0,2.07705972612116e-08
1969,5,1,245,1131,322664,0,1.08665100549625e-08
1970,5,1,226,1112,428143,0,2.66050849855937e-09
1971,5,1,221,1063,405729,0,1.34703304634536e-08
1972,5,1,232,1130,328497,0,3.44331653029045e-08
1973,5,1,229,1125,286031,0,3.05869920380702e-08
1974,5,1,215,1120,270431,0,5.03586296385091e-09
1975,5,1,229,1137,262285,0,6.99373135588866e-09
1976,5,1,202,1159,236355,0,2.65996376425405e-09
1977,5,1,237,1189,245092,0,4.46854314855744e-08
1978,5,1,233,1166,253275,0,6.50764420774039e-07
1979,5,1,258,1167,298904,0,1.80667560992641e-08
1980,5,1,277,1140,392411,0,7.66338070618983e-09
1981,5,1,272,1152,392015,0,4.68350533689903e-09
1982,5,1,244,1133,551919,0,1.30427895222708e-08
1983,5,1,228,1146,710353,0,8.96876416032142e-09
1984,5,1,225,1108,502400,0,7.42453196377336e-09
1985,5,1,236,1140,458599,0,1.54362817384629e-08
1986,5,1,208,1086,377741,0,2.27952707301409e-08
1987,5,1,213,1108,374151,0,1.28076598649474e-07
1988,5,1,198,1112,290965,0,2.51842988604936e-08
1989,5,1,183,1113,304928,0,8.06950308148204e-09
1990,5,1,164,1144,293921,0,5.84642557529573e-09
1991,5,1,210,1132,301481,0,1.35086981963578e-08
1992,5,1,224,1135,268004,0,3.51213596289074e-08
1993,5,1,272,1124,374057,0,3.80613559552841e-08
1994,5,1,234,1122,389527,0,1.245885393649e-09
1995,5,1,227,1072,300547,0,1.799320607872e-07
1996,5,1,233,1119,400882,0,1.93797387038746e-08
1997,5,1,199,1109,297833,0,1.06442109942872e-08
1998,5,1,214,1125,302138,0,2.04443058252066e-08
1999,5,1,207,1110,279999,0,2.00765782420617e-09
2000,5,1,209,1080,299464,0,1.41481316934034e-08
2001,5,1,215,1118,306426,0,1.80770330180104e-08
2002,5,1,194,1090,340773,0,7.31659202665674e-09
2003,5,1,209,1084,306984,0,5.77466222866929e-09
2004,5,1,177,1075,277778,0,1.65504446358414e-07
2005,5,1,221,1114,339006,0,2.38748888861203e-08
2006,5,1,208,1045,306882,0,2.23727973122698e-07
2007,5,1,186,1101,531360,0,8.10514759019482e-09
2008,5,1,187,1095,337766,0,1.33432577923488e-08
2009,5,1,180,1101,229790,0,1.19950793938231e-09
2010,5,1,178,1090,231404,0,1.67370752998965e-08
2011,5,1,191,1106,403987,0,1.51276429784438e-07
2012,5,1,185,1141,382631,0,4.1262440455721e-08
2013,5,1,216,1087,429628,0,1.43698227189375e-07
2014,5,1,200,1088,388768,0,1.64933035623227e-08
2015,5,1,188,1068,350880,0,2.05877929043371e-08
2016,5,1,184,1088,296491,0,1.33591963143528e-08
2017,5,1,229,1114,328519,0,5.82328228031231e-08
2018,5,1,208,1114,311446,0,2.04040765004128e-08
2019,5,1,244,1120,334614,0,1.02738577219591e-08
2020,5,1,225,1114,473752,0,7.95059475945895e-09
2021,5,1,206,1088,365823,0,2.60968661487921e-08
2022,5,1,191,1067,350140,0,8.32332203046273e-09
2023,5,1,207,1105,314513,0,1.62218210041057e-08
2024,5,1,210,1040,362489,0,2.32763728298872e-08
2025,5,1,176,1101,353958,0,4.11015298471233e-08
2026,5,1,214,1087,308993,0,1.0771033993529e-07
2027,5,1,183,1078,277945,0,9.29449425489917e-08
2028,5,1,209,1066,220789,0,4.42155112004573e-08
2029,5,1,175,1064,226564,0,1.90004873490582e-08
2030,5,1,209,1083,274514,0,4.62871738152859e-07
2031,5,1,206,1060,232198,0,7.47655344425766e-08
2032,5,1,183,1073,223214,0,9.65349820233409e-08
2033,5,1,192,1112,186578,0,5.06334325945492e-09
2034,5,1,209,1116,198223,0,8.70058976057757e-09
2035,5,1,172,1131,190336,0,4.20999233145752e-08
2036,5,1,179,1103,185043,0,1.89702078346552e-08
2037,5,1,188,1104,185932,0,1.9441253719028e-07
2038,5,1,207,1115,218902,0,1.8042505319396e-08
2039,5,1,176,1104,205580,0,4.46929712339713e-08
2040,5,1,185,1100,186672,0,7.78514045754297e-09
2041,5,1,183,1126,158444,0,1.09370162048259e-08
2042,5,1,183,1090,162460,0,1.47148465338828e-08
2043,5,1,205,1073,150154,0,9.29741447361729e-09
2044,5,1,232,1068,147081,0,1.5957517474219e-08
2045,5,1,186,1105,199453,0,2.02016857133306e-08
2046,5,1,203,1103,188643,0,2.17573261853368e-09
2047,5,1,265,1059,254102,0,8.63098031885175e-08
2048,5,1,227,1129,222706,0,2.22833910114397e-08
2049,5,1,215,1117,194390,0,3.84518022798298e-08
2050,5,1,215,1074,220381,0,3.01970617817275e-07
2051,5,1,197,1074,283473,0,1.39651415443984e-08
2052,5,1,224,1114,150054,0,1.6457800068478e-08
2053,5,1,197,1120,140608,0,1.36669068004322e-08
2054,5,1,219,1119,154864,0,1.21279413203421e-08
2055,5,1,213,1117,161795,0,1.56068118856379e-08
2056,5,1,231,1159,211616,0,2.5233814495389e-08
2057,5,1,237,1091,224741,0,3.36604474546139e-07
2058,5,1,249,1082,218512,0,4.96396647354484e-08
2059,5,1,257,1108,241500,0,6.92242905556767e-09
2060,5,1,241,1086,238603,0,1.8084740094172e-07
2061,5,1,188,1147,239420,0,2.32896956652289e-08
2062,5,1,224,1092,237282,0,4.56631025311493e-08
2063,5,1,287,1069,230171,0,2.71927864342109e-08
2064,5,1,239,1105,228503,0,1.3758619624156e-06
2065,5,1,213,1147,212132,0,2.68873959639821e-08
2066,5,1,188,1106,188954,0,7.14166734077388e-09
2067,5,1,191,1104,151489,0,4.23365143447028e-09
2068,5,1,183,1092,155685,0,2.8066913811035e-07
2069,5,1,198,1077,195179,0,5.46580897350569e-08
2070,5,1,181,1079,228466,0,1.01224885359482e-07
2071,5,1,198,1165,199054,0,1.32596588869312e-08
2072,5,1,226,1097,172650,0,4.88454479362965e-07
2073,5,1,165,1117,187588,0,1.821113598437e-08
2074,5,1,184,1102,209510,0,6.19060479027573e-08
2075,5,1,225,1122,188662,0,1.85706672775831e-07
2076,5,1,189,1067,204746,0,4.0107518386677e-09
2077,5,1,184,1109,140531,0,9.52621743938062e-09
2078,5,1,206,1060,168791,0,6.00292760267110e-09
2079,5,1,204,1136,183995,0,8.11724914294031e-09
2080,5,1,186,1127,222528,0,9.69644981913501e-09
2081,5,1,199,1052,210697,0,2.39622380386435e-07
2082,5,1,217,1111,270785,0,1.9855899277678e-08
2083,5,1,184,1059,268127,0,1.04806010221269e-07
2084,5,1,206,1068,236959,0,3.06932923003436e-07
2085,5,1,193,1115,172742,0,9.96518808256649e-09
2086,5,1,224,1086,220612,0,2.24915978572858e-08
2087,5,1,219,1118,214681,0,1.0427374990874e-06
2088,5,1,256,1128,286044,0,5.00434346080913e-09
2089,5,1,208,1139,276409,0,1.35419443778151e-08
2090,5,1,232,1117,237429,0,4.97699861295848e-07
2091,5,1,220,1155,254930,0,1.46140431030739e-07
2092,5,1,179,1073,211609,0,4.14020382101838e-09
2093,5,1,216,1118,190093,0,8.2630646477733e-09
2094,5,1,219,1138,159752,0,1.22351795766394e-08
2095,5,1,219,1165,184579,0,8.04623960891189e-08
2096,5,1,244,1171,187340,0,1.37865267807022e-08
2097,5,1,204,1147,155261,0,7.26670246994087e-08
2098,5,1,225,1080,186394,0,2.9698456956678e-08
2099,5,1,210,1103,154420,0,6.51942835799744e-08
2100,5,1,233,1153,164698,0,2.34643404946145e-08
2101,5,1,216,1125,194507,0,2.44000930073172e-08
2102,5,1,210,1140,209526,0,1.59208118718662e-08
2103,5,1,218,1114,172190,0,2.94485902311648e-08
2104,5,1,243,1139,176474,0,5.07876618222813e-07
2105,5,1,211,1173,176061,0,6.34471514406606e-09
2106,5,1,231,1035,192334,0,3.87130620973935e-06
2107,5,1,203,1143,200213,0,8.54772944690889e-08
2108,5,1,226,1099,187100,0,5.16319985915882e-09
2109,5,1,223,1070,130646,0,2.93079628746287e-08
2110,5,1,237,1079,155585,0,5.15482559331087e-09
2111,5,1,249,1121,152634,0,6.24045049649778e-09
2112,5,1,204,1113,134536,0,1.8989547256581e-08
2113,5,1,236,1142,123818,0,3.87021511365963e-08
2114,5,1,208,1090,133193,0,9.61103375664138e-09
2115,5,1,202,1100,172386,0,8.08931104959537e-09
2116,5,1,208,1138,156390,0,2.33810717707172e-09
2117,5,1,219,1160,150687,0,1.75929000214789e-08
2118,5,1,247,1120,174554,0,1.74707549463524e-07
2119,5,1,225,1109,186584,0,2.00882007578207e-08
2120,5,1,214,1135,174980,0,5.96948006415282e-09
2121,5,1,217,1155,216029,0,6.60961631701844e-09
2122,5,1,195,1136,216948,0,8.70524478347906e-09
2123,5,1,205,1118,281142,0,6.93712746559775e-09
2124,5,1,209,1160,238130,0,1.74284711364444e-08
2125,5,1,174,1104,251892,0,2.91114730875996e-08
2126,5,1,209,1096,254296,0,9.04739728459315e-09
2127,5,1,184,1079,179130,0,7.59245422602611e-08
2128,5,1,216,1131,201869,0,1.31065857274951e-06
2129,5,1,240,1159,143936,0,2.19641833271716e-08
2130,5,1,202,1123,175643,0,1.40119226137056e-08
2131,5,1,196,1075,212787,0,1.97002020246167e-08
2132,5,1,213,1086,258957,0,1.76978707265166e-08
2133,5,1,216,1083,197676,0,2.64853971731932e-08
2134,5,1,215,1083,190471,0,1.80108203016443e-09
2135,5,1,198,1108,194087,0,1.21583091849537e-08
2136,5,1,202,1092,164112,0,4.72579629560927e-08
2137,5,1,221,1128,163072,0,9.99258450054705e-09
2138,5,1,202,1128,171936,0,1.66113389704843e-08
2139,5,1,188,1086,183320,0,3.43114205562911e-08
2140,5,1,209,1113,161229,0,1.94015601319117e-08
2141,5,1,199,1114,154102,0,8.19411308310639e-09
2142,5,1,220,1132,179379,0,5.68582749160141e-09
2143,5,1,185,1106,152361,0,1.26587529411405e-08
2144,5,1,205,1105,180519,0,6.43956977112101e-09
2145,5,1,194,1105,177667,0,1.22670146560996e-08
2146,5,1,224,1110,210490,0,3.81823945625218e-08
2147,5,1,193,1017,187132,0,1.17088071550941e-08
2148,5,1,217,1074,213145,0,2.79455239315647e-06
2149,5,1,206,1090,215165,0,1.10640701542912e-08
2150,5,1,205,1126,158817,0,7.11251571462613e-09
2151,5,1,225,1140,165418,0,2.86303513848929e-08
2152,5,1,209,1149,162396,0,8.3682720172312e-09
2153,5,1,202,1108,235567,0,1.43611907668307e-08
2154,5,1,207,1129,265924,0,2.27175033160735e-07
2155,5,1,202,1120,263123,0,4.25910161731275e-05
2156,5,1,214,1122,221448,0,9.21734751135688e-09
2157,5,1,241,1081,205708,0,4.07989409545187e-07
2158,5,1,233,1120,183680,0,3.69450637549059e-08
2159,5,1,208,1090,193053,0,1.11191415983229e-08
2160,5,1,213,1072,178713,0,8.1378699249216e-09
2161,5,1,237,1132,124084,0,2.81307450518576e-09
2162,5,1,215,1091,188758,0,5.82752425594188e-09
2163,5,1,231,1126,132816,0,1.6067555536492e-08
2164,5,1,209,1084,156971,0,8.57600797567299e-08
2165,5,1,242,1122,170812,0,2.24827328914222e-08
2166,5,1,219,1118,188846,0,5.60786149882016e-09
2167,5,1,244,1072,283251,0,1.76678415384646e-07
2168,5,1,218,1132,331381,0,2.07248515020467e-08
2169,5,1,201,1142,291002,0,1.77452199945201e-08
2170,5,1,216,1085,307288,0,8.80019969103158e-09
2171,5,1,209,1086,319632,0,2.89216120495313e-08
2172,5,1,189,1085,243907,0,6.3428668862116e-09
2173,5,1,201,1120,328068,0,4.1404697723677e-09
2174,5,1,157,1105,324030,0,5.54946646791696e-09
2175,5,1,210,1149,295692,0,2.61022598589896e-08
2176,5,1,210,1114,320000,0,8.53397288056914e-09
2177,5,1,204,1110,299063,0,5.60440183059433e-08
2178,5,1,178,1073,335247,0,5.69909900447517e-09
2179,5,1,184,1122,306407,0,9.65098312113671e-09
2180,5,1,196,1098,254757,0,1.7503001949813e-08
2181,5,1,198,1106,268163,0,7.06871452741841e-09
2182,5,1,204,1094,220805,0,4.42084342039468e-09
2183,5,1,222,1081,239761,0,5.50823545363866e-09
2184,5,1,228,1088,294178,0,2.21663364350731e-08
2185,5,1,215,1097,312691,0,2.7152274756006e-08
2186,5,1,181,1109,317191,0,6.98122289985748e-09
2187,5,1,228,1124,260566,0,6.67699543288165e-08
2188,5,1,219,1157,265192,0,9.01486769707666e-09
2189,5,1,221,1104,185949,0,1.44967840467243e-08
2190,5,1,201,1117,158983,0,6.97431816668168e-09
2191,5,1,239,1131,191745,0,2.37164356826084e-08
2192,5,1,206,1115,207069,0,1.12463652005318e-08
2193,5,1,217,1159,280975,0,4.81008568694329e-08
2194,5,1,260,1131,215930,0,2.15610807146953e-08
2195,5,1,202,1144,179196,0,2.43507789630686e-08
2196,5,1,214,1123,172009,0,1.24295199989636e-08
2197,5,1,240,1117,200303,0,1.14557084594133e-07
2198,5,1,224,1095,219666,0,1.09198552149385e-07
2199,5,1,210,1130,217298,0,1.40554674611725e-07
2200,5,1,215,1128,195406,0,2.07074973785018e-05
2201,5,1,228,1148,189167,0,4.33125510972683e-08
2202,5,1,202,1090,246935,0,2.20419318657993e-08
2203,5,1,230,1090,276573,0,3.95348387420259e-08
2204,5,1,244,1077,253196,0,1.79700288295329e-08
2205,5,1,211,1105,259005,0,9.93692004670604e-08
2206,5,1,198,1117,161367,0,6.25186686995694e-09
2207,5,1,260,1111,173534,0,9.27875400252877e-09
2208,5,1,229,1163,208521,0,1.95142211075652e-08
2209,5,1,196,1108,216433,0,5.36984921875626e-08
2210,5,1,213,1112,272910,0,2.21172692488899e-07
2211,5,1,191,1103,247242,0,1.13620919138906e-08
2212,5,1,212,1126,266780,0,8.21288406129143e-09
2213,5,1,222,1133,183835,0,8.36366154577752e-09
2214,5,1,174,1121,190979,0,4.65741170288869e-08
2215,5,1,246,1090,203648,0,5.04487835475626e-08
2216,5,1,214,1128,172323,0,8.40184796205141e-08
2217,5,1,214,1116,236651,0,8.97349637842069e-08
2218,5,1,228,1057,195873,0,1.78065080907308e-08
2219,5,1,239,1110,192046,0,8.53672750510991e-09
2220,5,1,207,1150,180175,0,3.33623888455608e-08
2221,5,1,208,1154,198640,0,4.50402227891023e-08
2222,5,1,191,1122,203969,0,6.84954987857069e-09
2223,5,1,190,1135,199954,0,7.88141316929081e-09
2224,5,1,212,1142,148552,0,1.09411097069377e-08
2225,5,1,244,1138,204531,0,6.53565840761118e-09
2226,5,1,221,1124,167266,0,1.42927887344225e-07
2227,5,1,237,1111,157736,0,4.72850325404685e-09
2228,5,1,213,1119,191598,0,9.62471281202147e-08
2229,5,1,230,1120,210136,0,3.77140979755013e-09
2230,5,1,275,1145,191547,0,1.70843568670395e-08
2231,5,1,210,1154,163404,0,4.27006082248693e-09
2232,5,1,189,1122,160489,0,7.20249749387626e-08
2233,5,1,192,1146,174378,0,1.95373183608453e-08
2234,5,1,227,1150,184819,0,9.63108521320296e-09
2235,5,1,231,1109,182401,0,7.40483602173045e-09
2236,5,1,226,1168,195088,0,1.45186506290473e-08
2237,5,1,219,1134,195537,0,5.00619602979809e-09
2238,5,1,227,1114,196577,0,1.47815073194468e-07
2239,5,1,177,1082,161200,0,7.80809694738119e-09
2240,5,1,198,1140,160181,0,8.58719299824257e-09
2241,5,1,220,1118,156768,0,6.03477430400315e-08
2242,5,1,182,1132,136207,0,1.14881995427127e-08
2243,5,1,187,1132,159286,0,4.30800214575505e-08
2244,5,1,199,1118,228496,0,1.10999951164632e-08
2245,5,1,227,1092,175455,0,3.08769009384457e-08
2246,5,1,211,1119,195156,0,1.43934791760064e-08
2247,5,1,205,1123,198806,0,4.11000941527332e-08
2248,5,1,211,1116,172218,0,7.40875477346169e-09
2249,5,1,175,1103,171449,0,4.10349449584062e-09
2250,5,1,210,1098,175700,0,6.96592845845274e-09
2251,5,1,200,1103,182723,0,9.77413631465412e-09
2252,5,1,197,1042,162048,0,4.35280839030662e-08
2253,5,1,205,1119,158860,0,4.21826732194256e-08
2254,5,1,195,1111,177899,0,6.34555925552061e-09
2255,5,1,214,1128,198582,0,5.31632706301886e-09
2256,5,1,237,1090,162365,0,1.3128668663615e-08
2257,5,1,187,1110,148408,0,7.90340205219459e-09
2258,5,1,216,1116,167742,0,4.08024671791632e-08
2259,5,1,228,1058,176492,0,3.75723427222166e-08
2260,5,1,230,1072,154716,0,1.16244267854867e-06
2261,5,1,189,1011,159825,0,1.42245587754465e-07
2262,5,1,198,1068,197980,0,6.12358975668404e-09
2263,5,1,202,1120,220530,0,1.71968665345692e-08
2264,5,1,203,1113,229684,0,6.80487911038344e-09
2265,5,1,211,1101,240701,0,9.31262933552225e-08
2266,5,1,225,1102,226743,0,1.1703974072625e-08
2267,5,1,192,1073,255032,0,1.88360779219333e-08
2268,5,1,204,1045,188042,0,1.99646849615296e-08
2269,5,1,219,1048,247110,0,7.29640409082765e-08
2270,5,1,227,1077,281592,0,9.28353208777508e-09
2271,5,1,212,1060,231694,0,3.0013483046514e-09
2272,5,1,209,1074,228416,0,9.79017106766705e-09
2273,5,1,224,1112,236682,0,1.5988355404352e-08
2274,5,1,208,1089,203172,0,3.39163056232739e-09
2275,5,1,212,1087,210554,0,2.4865571432295e-08
2276,5,1,235,1091,251027,0,4.44357881660737e-08
2277,5,1,205,1065,263352,0,1.67282322648527e-07
2278,5,1,221,1100,230377,0,1.54190257313586e-08
2279,5,1,220,1078,329364,0,6.65172529068631e-08
2280,5,1,190,1081,286785,0,4.44983773005318e-08
2281,5,1,242,1108,228928,0,4.69954946247938e-09
2282,5,1,226,1094,235775,0,6.14845269559703e-08
2283,5,1,215,1089,247075,0,5.88837546394063e-08
2284,5,1,220,1077,286973,0,1.7866582722324e-07
2285,5,1,202,1071,331123,0,2.68242685312946e-07
2286,5,1,204,1036,285483,0,7.45480868548499e-08
2287,5,1,196,1082,247010,0,1.69897445168316e-08
2288,5,1,212,1099,217552,0,2.62412487456732e-09
2289,5,1,222,1089,220096,0,3.07820281882019e-08
2290,5,1,224,1076,234967,0,2.45917714719977e-07
2291,5,1,228,1113,280011,0,1.32086094938313e-07
2292,5,1,208,1118,242109,0,1.14579230105875e-07
2293,5,1,182,1120,236358,0,1.16993404727314e-07
2294,5,1,200,1083,307331,0,1.28946759328431e-07
2295,5,1,240,1065,396171,0,3.70045618444047e-07
2296,5,1,233,1102,329417,0,1.86017894594105e-08
2297,5,1,209,1125,274316,0,1.73255466379411e-06
2298,5,1,202,1065,241305,0,3.98768549096561e-07
2299,5,1,236,1097,287838,0,9.19058488469656e-09
2300,5,1,220,1069,334457,0,1.79989056923075e-08
2301,5,1,226,1110,307320,0,1.60879195662565e-09
2302,5,1,217,1106,330796,0,8.98760669195811e-09
2303,5,1,229,1095,323570,0,7.74682094190666e-08
2304,5,1,228,1084,327790,0,1.93702456825441e-06
2305,5,1,222,1152,325551,0,1.68547052432889e-08
2306,5,1,192,1066,337829,0,2.7507705945412e-08
2307,5,1,214,1069,268171,0,1.56396424736187e-08
2308,5,1,201,1116,299225,0,2.27479605371558e-08
2309,5,1,195,1108,261367,0,6.32399549118961e-09
2310,5,1,197,1147,267077,0,2.17825854853402e-08
2311,5,1,220,1062,401908,0,1.91201848598258e-08
2312,5,1,192,1062,384753,0,4.0733616647285e-08
2313,5,1,158,1102,343057,0,3.49306484500936e-08
2314,5,1,170,1079,332256,0,6.18541505292834e-09
2315,5,1,213,1084,276069,0,1.95894906581378e-08
2316,5,1,201,1046,308152,0,3.25507291422615e-09
2317,5,1,209,1036,470171,0,2.89684141694619e-08
2318,5,1,225,1055,616147,0,2.41342570089306e-08
2319,5,1,202,1065,592505,0,8.23576404172264e-09
2320,5,1,254,1110,460097,0,9.97597249801588e-08
2321,5,1,216,1098,534681,0,6.47182864167329e-08
2322,5,1,232,1104,460813,0,2.2917419989645e-08
2323,5,1,215,1085,375674,0,2.87670390566618e-08
2324,5,1,204,1093,327290,0,2.66709716528389e-08
2325,5,1,170,1065,325018,0,3.7558943866343e-09
2326,5,1,214,1067,359065,0,1.71002230103738e-07
2327,5,1,224,999,280961,0,8.09455400077622e-09
2328,5,1,190,1125,277603,0,7.40463661599821e-08
2329,5,1,196,1114,397587,0,4.67675723752855e-08
2330,5,1,206,1050,458725,0,4.01998248649266e-07
2331,5,1,217,1126,436978,0,2.03257282045329e-08
2332,5,1,187,1070,369116,0,8.42293706546567e-08
2333,5,1,220,1066,563095,0,1.24703648037911e-08
2334,5,1,169,1098,474796,0,2.17894913097487e-08
2335,5,1,169,1081,617569,0,4.09311299843726e-08
2336,5,1,184,1055,405013,0,3.40286629194538e-07
2337,5,1,175,1117,366190,0,8.04956154000214e-09
2338,5,1,191,1096,450248,0,6.42287263843415e-09
2339,5,1,202,1061,413104,0,1.01675572458493e-06
2340,5,1,187,1103,393154,0,2.0526204067985e-09
2341,5,1,200,1091,363800,0,9.3418934130718e-08
2342,5,1,184,1018,387760,0,4.03830952926113e-08
2343,5,1,213,1099,318680,0,2.07635755574868e-08
2344,5,1,204,1083,277484,0,5.8892187998398e-08
2345,5,1,228,1087,338720,0,5.68237709734443e-09
2346,5,1,226,1047,283249,0,1.48932758860071e-08
2347,5,1,215,1033,286385,0,4.09087707709224e-09
2348,5,1,228,1078,317635,0,4.04613483245441e-08
2349,5,1,189,1095,433418,0,2.02827174030721e-07
2350,5,1,210,1107,470899,0,5.47937023864585e-09
2351,5,1,211,1151,361689,0,1.17364042602551e-05
2352,5,1,232,1101,292868,0,8.35682344208237e-09
2353,5,1,186,1086,262134,0,1.13552787387513e-08
2354,5,1,229,1147,203065,0,1.64926352195362e-08
2355,5,1,227,1056,223730,0,6.76161914857714e-09
2356,5,1,198,1031,242778,0,1.08754201930607e-08
2357,5,1,167,1078,251695,0,1.64890071085573e-08
2358,5,1,172,1082,310553,0,7.35729727247325e-09
2359,5,1,190,1122,252408,0,3.00329202581362e-08
2360,5,1,179,1077,296572,0,5.96427519755816e-09
2361,5,1,214,1062,287572,0,3.64661241466728e-07
2362,5,1,215,1106,254114,0,8.92732876268737e-07
2363,5,1,227,1068,305083,0,5.98230300070065e-07
2364,5,1,183,1064,306640,0,5.4542041000961e-08
2365,5,1,232,1120,266021,0,8.21469761788393e-09
2366,5,1,202,1098,330327,0,2.3595873748493e-08
2367,5,1,204,1104,329955,0,7.86754095653774e-09
2368,5,1,215,1087,392481,0,3.40980615589881e-07
2369,5,1,184,1067,343890,0,4.69925057934687e-09
2370,5,1,214,1075,370442,0,6.86597678650777e-08
2371,5,1,182,1035,305583,0,4.39751918809799e-07
2372,5,1,223,1038,389442,0,9.61917976236002e-08
2373,5,1,234,1038,417364,0,4.83302209687258e-07
2374,5,1,238,1058,503601,0,4.32089652188695e-06
2375,5,1,205,1035,469501,0,1.52310152620686e-07
2376,5,1,231,1069,422151,0,4.29433885185553e-08
2377,5,1,229,1058,511244,0,1.0136686426699e-08
2378,5,1,204,1054,634393,0,2.20026677161325e-08
2379,5,1,188,1036,619798,0,1.79927605865438e-07
2380,5,1,173,1061,698898,0,7.13842729479205e-08
2381,5,1,193,1070,563299,0,1.50488844884753e-08
2382,5,1,195,1013,410650,0,6.24707675749988e-08
2383,5,1,210,1061,361049,0,2.62736597558797e-07
2384,5,1,215,1093,423976,0,2.77129053463917e-08
2385,5,1,244,1094,495484,0,4.47765091764994e-08
2386,5,1,220,1060,477316,0,1.72365472784564e-08
2387,5,1,231,1079,419376,0,3.04865857573223e-08
2388,5,1,224,1098,312824,0,1.27133140691724e-07
2389,5,1,223,1136,284612,0,7.33699511860011e-09
2390,5,1,200,1115,378202,0,1.55300553907819e-07
2391,5,1,195,1067,277890,0,2.55645718431749e-07
2392,5,1,242,1024,321270,0,1.35204232545402e-08
2393,5,1,229,1058,492009,0,4.7173378134997e-08
2394,5,1,211,1068,353769,0,7.01265310813961e-09
2395,5,1,201,1120,240731,0,7.50362608838368e-09
2396,5,1,232,1089,285616,0,3.79233642422353e-09
2397,5,1,195,1027,309098,0,3.93254019223302e-09
2398,5,1,204,1055,299509,0,1.17962032465712e-08
2399,5,1,213,1102,399474,0,8.30137410897549e-09
2400,5,1,231,1094,437772,0,1.23614289833936e-08
2401,5,1,252,1095,390956,0,9.93035127218717e-09
2402,5,1,165,1118,385675,0,7.57034647303994e-09
2403,5,1,215,1044,437253,0,5.04192366221653e-09
2404,5,1,217,1004,404821,0,8.5310783860858e-09
2405,5,1,193,1067,363416,0,6.83622385053134e-09
2406,5,1,201,1054,404110,0,3.61107397758828e-08
2407,5,1,169,1061,308746,0,2.98463914340119e-08
2408,5,1,154,1057,294493,0,1.91326646604357e-08
2409,5,1,220,1082,282088,0,2.18575584487714e-08
2410,5,1,166,1057,341894,0,6.11093680238631e-09
2411,5,1,205,1053,273144,0,1.68237471167702e-07
2412,5,1,216,1049,389951,0,3.24521311417149e-09
2413,5,1,192,1070,311509,0,1.0402122321222e-08
2414,5,1,169,1027,348044,0,9.39457646085295e-09
2415,5,1,182,1020,356526,0,1.20502790311953e-08
2416,5,1,206,1065,411210,0,2.30503494346903e-08
2417,5,1,227,1092,432515,0,3.72248314282592e-08
2418,5,1,192,1049,442358,0,3.8415368072825e-09
2419,5,1,218,1135,447716,0,3.37983537622004e-09
2420,5,1,203,1045,643194,0,2.8395002045013e-07
2421,5,1,194,1070,587174,0,3.81525453470965e-09
2422,5,1,228,1079,533018,0,1.07904616185642e-09
2423,5,1,192,1027,514462,0,1.57406319719423e-08
2424,5,1,189,1081,458317,0,2.61240528404514e-07
2425,5,1,220,1110,464315,0,3.13285614092732e-08
2426,5,1,204,1093,653322,0,1.35424513517542e-08
2427,5,1,228,1079,440254,0,5.99607239710012e-08
2428,5,1,220,1135,446401,0,2.96990736597937e-09
2429,5,1,222,1088,517139,0,1.32357550017217e-08
2430,5,1,200,1071,435199,0,8.21483419753542e-09
2431,5,1,220,1084,445835,0,2.45399538657477e-08
2432,5,1,190,1125,381421,0,1.97191468224553e-07
2433,5,1,232,1073,472804,0,6.89966697345171e-08
2434,5,1,233,1112,390030,0,1.59606021501725e-08
2435,5,1,195,1072,383883,0,3.31681303135699e-08
2436,5,1,188,1102,364786,0,7.52557633562765e-09
2437,5,1,234,1073,324248,0,8.49917009780567e-08
2438,5,1,213,1048,471555,0,1.77654792156938e-08
2439,5,1,230,1127,391670,0,7.47206591034793e-08
2440,5,1,233,1066,292961,0,2.55996632932834e-08
2441,5,1,245,1092,252726,0,6.23913183211635e-09
2442,5,1,219,1086,259886,0,1.99739579814028e-08
2443,5,1,203,1066,212771,0,9.93908587275503e-09
2444,5,1,200,1116,239777,0,4.97016473836361e-09
2445,5,1,221,1075,265122,0,8.47600040125676e-09
2446,5,1,192,1065,423838,0,1.11558163477169e-08
2447,5,1,194,1087,266768,0,9.61779545706082e-09
2448,5,1,195,1086,237334,0,9.55031465696933e-09
2449,5,1,218,1069,207621,0,1.61834243206215e-08
2450,5,1,224,1106,218947,0,3.48101792006212e-09
2451,5,1,229,1103,248509,0,3.85279404232678e-08
2452,5,1,209,1093,272147,0,5.38062565358298e-09
2453,5,1,222,1063,275460,0,1.03682433397381e-08
2454,5,1,197,1070,370158,0,2.46970313594716e-08
2455,5,1,224,1081,329559,0,1.09199788539809e-08
2456,5,1,228,1080,259366,0,4.98779101216455e-09
2457,5,1,195,1070,243149,0,1.95988983493186e-08
2458,5,1,204,1085,406500,0,6.07633943801403e-09
2459,5,1,215,1073,316242,0,1.83642225320924e-08
2460,5,1,220,1042,362036,0,5.1124610119635e-09
2461,5,1,179,1123,332052,0,2.44055056879234e-08
2462,5,1,190,1075,307875,0,2.97082092832807e-07
2463,5,1,225,1142,311893,0,5.29779771533317e-09
2464,5,1,210,1083,323057,0,1.97284648113892e-08
2465,5,1,218,1136,309662,0,9.40907813525663e-09
2466,5,1,194,1111,541514,0,1.14528756657625e-08
2467,5,1,239,1141,412893,0,5.82461162098496e-08
2468,5,1,198,1088,283375,0,3.61683820780198e-08
2469,5,1,233,1116,230496,0,7.29542855387198e-08
2470,5,1,176,1098,159095,0,4.89339838941382e-09
2471,5,1,194,1080,157135,0,8.63960907541679e-09
2472,5,1,193,1076,193771,0,7.15617231582341e-09
2473,5,1,193,1067,201823,0,1.3786653878618e-08
2474,5,1,210,1063,228399,0,5.95951883836141e-08
2475,5,1,196,1063,178068,0,5.62503431828902e-08
2476,5,1,194,1095,192195,0,9.06714273499472e-08
2477,5,1,222,1093,218024,0,1.62249256579162e-07
2478,5,1,232,1151,202854,0,1.38902606944062e-07
2479,5,1,254,1117,215655,0,1.10672233720146e-08
2480,5,1,203,1112,206659,0,1.57241651975126e-07
2481,5,1,242,1079,237255,0,7.82488426652754e-08
2482,5,1,212,1061,315260,0,7.4731468546113e-09
2483,5,1,216,1130,326251,0,6.2446821598526e-09
2484,5,1,223,1134,199170,0,5.39404172075138e-09
2485,5,1,173,1166,170102,0,1.72644582561483e-08
2486,5,1,180,1140,152190,0,1.5160138512566e-08
2487,5,1,217,1147,152143,0,4.72250656030184e-08
2488,5,1,216,1122,199372,0,2.34658891956921e-08
2489,5,1,186,1089,134728,0,8.70385295946505e-09
2490,5,1,183,1104,155831,0,1.9238667537335e-08
2491,5,1,181,1124,120758,0,1.04039012841266e-06
2492,5,1,189,1112,138017,0,1.06102268058492e-07
2493,5,1,202,1113,161703,0,1.60008689558027e-09
2494,5,1,214,1092,253672,0,9.527609835359e-09
2495,5,1,214,1136,210216,0,1.05839500345788e-08
2496,5,1,215,1094,284472,0,2.5831406805134e-07
2497,5,1,201,1152,219746,0,1.29410559696092e-08
2498,5,1,188,1100,278636,0,1.21004778555839e-07
2499,5,1,193,1075,220861,0,3.25546502405112e-08
2500,5,1,212,1105,209157,0,7.38796066992267e-08
2501,5,1,201,1032,296974,0,8.78716045316236e-09
2502,5,1,199,1113,298914,0,3.38254956824092e-08
2503,5,1,168,1108,241615,0,6.13412164267577e-09
2504,5,1,186,1092,248562,0,2.50033666367579e-08
2505,5,1,155,1077,225014,0,5.58783914871887e-09
2506,5,1,186,1095,186062,0,8.64281557084144e-09
2507,5,1,188,1139,242287,0,1.67517333682741e-06
2508,5,1,181,1073,239125,0,2.80331153954522e-08
2509,5,1,226,1066,246306,0,3.33439574289684e-08
2510,5,1,181,1077,192819,0,1.24976348196951e-08
2511,5,1,175,1113,247611,0,9.67410091282097e-09
2512,5,1,191,1124,184618,0,7.50182460550746e-09
2513,5,1,176,1090,162028,0,2.34156316322071e-08
2514,5,1,180,1119,163536,0,1.02873593017268e-08
2515,5,1,197,1133,217153,0,7.80694981404078e-08
2516,5,1,243,1079,195535,0,8.46375480831504e-08
2517,5,1,214,1052,212926,0,1.70401361544196e-08
2518,5,1,200,1058,228837,0,2.56366716961241e-07
2519,5,1,190,1055,301648,0,8.0143133967983e-09
2520,5,1,186,1083,333968,0,1.42230766781714e-07
2521,5,1,213,1111,231353,0,3.50291463123453e-08
2522,5,1,196,1118,217878,0,4.56103393493811e-09
2523,5,1,209,1119,227569,0,8.32306762147144e-09
2524,5,1,183,1079,217195,0,1.51724395140958e-08
2525,5,1,177,1088,385575,0,2.83100110710356e-07
2526,5,1,193,1085,395945,0,2.84914139257982e-07
2527,5,1,199,1121,229963,0,2.4319028581327e-08
2528,5,1,202,1102,210241,0,3.691255432506e-08
2529,5,1,164,1090,181105,0,1.15445685534663e-08
2530,5,1,186,1105,228714,0,3.85072259549385e-08
2531,5,1,212,1122,205541,0,5.57262516100879e-08
2532,5,1,157,1095,166546,0,3.51651778764839e-08
2533,5,1,212,1107,181233,0,1.5934175674637e-07
2534,5,1,192,1096,249502,0,7.47588477388751e-09
2535,5,1,227,1099,212258,0,2.79001812067001e-08
2536,5,1,222,1109,318864,0,1.46630868078908e-08
2537,5,1,207,1130,238591,0,2.26850444137186e-08
2538,5,1,206,1097,243632,0,6.18258054715603e-07
2539,5,1,177,1118,276569,0,5.98472401663524e-09
2540,5,1,192,1029,261686,0,2.14210815238658e-06
2541,5,1,199,1097,245877,0,1.4635027621678e-08
2542,5,1,185,1052,194910,0,1.01998400597416e-07
2543,5,1,194,1064,227266,0,4.83235645563328e-09
2544,5,1,198,1069,205838,0,1.80914172038836e-08
2545,5,1,208,1076,201916,0,5.76561743015244e-09
2546,5,1,215,1130,285969,0,5.23895556624348e-09
2547,5,1,225,1125,240853,0,1.20633100510091e-08
2548,5,1,216,1101,187257,0,2.11142558541885e-08
2549,5,1,196,1127,177010,0,3.68323263466874e-08
2550,5,1,215,1081,171360,0,2.20106520130325e-08
2551,5,1,177,1110,140090,0,1.12266623407794e-07
2552,5,1,158,1040,133691,0,6.36747370014382e-09
2553,5,1,173,1033,205785,0,1.0506821110834e-08
2554,5,1,210,1024,189925,0,5.48473433262326e-09
2555,5,1,212,1060,232157,0,2.03542673805842e-09
2556,5,1,193,1089,174022,0,1.66392930089946e-08
2557,5,1,231,1144,221450,0,1.12117742939369e-07
2558,5,1,225,1118,222073,0,5.99410018849674e-09
2559,5,1,201,1083,181379,0,8.89920051627794e-09
2560,5,1,218,1075,197239,0,1.10495703429727e-08
2561,5,1,203,1075,213295,0,4.37105193998865e-08
2562,5,1,197,1099,170556,0,2.67011380783885e-09
2563,5,1,198,1052,206450,0,8.25537721470392e-09
2564,5,1,180,1103,257360,0,1.68917520747614e-07
2565,5,1,218,1060,196491,0,2.88977471595763e-09
2566,5,1,197,1049,181202,0,4.92636917153477e-08
2567,5,1,192,1076,322511,0,7.75202251478118e-08
2568,5,1,230,1086,211283,0,2.53546065483618e-07
2569,5,1,224,1045,166428,0,5.72317803074618e-09
2570,5,1,222,1079,145208,0,1.58662240819862e-08
2571,5,1,207,1060,143298,0,4.75727985213352e-08
2572,5,1,211,1051,182943,0,1.70509107719635e-08
2573,5,1,211,1083,192418,0,1.28367484924091e-07
2574,5,1,173,1097,166821,0,6.50684345965641e-08
2575,5,1,202,1162,135467,0,9.4840118393885e-09
2576,5,1,249,1101,149347,0,2.71631667121262e-07
2577,5,1,216,1103,171634,0,7.27160038055744e-09
2578,5,1,252,1112,145167,0,5.65912465109008e-09
2579,5,1,237,1118,167595,0,1.13838811827433e-08
2580,5,1,193,1117,143178,0,3.16296394884846e-07
2581,5,1,164,1099,179452,0,1.20306477407593e-08
2582,5,1,192,1147,173145,0,5.02569591800701e-08
2583,5,1,182,1091,169069,0,3.51487206791542e-08
2584,5,1,211,1096,188859,0,1.12086536739266e-08
2585,5,1,198,1079,207511,0,8.22133052433748e-09
2586,5,1,218,1073,181760,0,3.40853777589004e-08
2587,5,1,217,1112,238361,0,4.1866392002854e-08
2588,5,1,198,1062,171538,0,8.88560500877836e-09
2589,5,1,211,1085,183564,0,5.13925088145214e-09
2590,5,1,195,1089,202613,0,1.0097308116655e-08
2591,5,1,205,1046,179542,0,1.6791914546603e-08
2592,5,1,222,1071,203116,0,2.18168154390217e-08
2593,5,1,218,1104,161369,0,4.21737668606874e-08
2594,5,1,226,1079,221708,0,2.80106999680458e-08
2595,5,1,205,1087,185402,0,5.22983488133719e-09
2596,5,1,165,1057,134837,0,2.2453765227221e-08
2597,5,1,213,1123,143848,0,3.17302427024839e-09
2598,5,1,199,1107,107966,0,5.05282930385727e-08
2599,5,1,210,1055,130426,0,1.96480838001461e-07
2600,5,1,205,1047,147944,0,6.61109964759602e-08
2601,5,1,226,1083,154528,0,7.29657341479917e-08
2602,5,1,182,1081,184463,0,3.71565362992476e-08
2603,5,1,216,1098,232545,0,1.63164267519669e-07
2604,5,1,195,1074,264248,0,3.21277360779396e-08
2605,5,1,215,1061,229225,0,2.45524212629638e-08
2606,5,1,235,1103,222993,0,2.04852690943764e-08
2607,5,1,210,1158,192250,0,7.9032067610926e-08
2608,5,1,238,1167,175607,0,1.79451612758361e-08
2609,5,1,226,1094,208149,0,6.17092433479383e-09
2610,5,1,241,1113,234308,0,9.80714516946884e-08
2611,5,1,219,1077,217829,0,2.8587604497397e-09
2612,5,1,192,1120,196487,0,7.03810864151923e-09
2613,5,1,173,1138,185199,0,6.718864806415e-09
2614,5,1,228,1098,175409,0,6.47270739693478e-08
2615,5,1,222,1144,164746,0,3.76006363739252e-08
2616,5,1,245,1098,152802,0,1.60972184330127e-08
2617,5,1,245,1090,212348,0,3.72003246291142e-06
2618,5,1,237,1075,256504,0,1.14940763931486e-08
2619,5,1,237,1123,165557,0,4.91147789418955e-09
2620,5,1,234,1106,231223,0,1.1781587916297e-08
2621,5,1,233,1102,218096,0,1.28681855399571e-08
2622,5,1,232,1129,164590,0,4.61613748439316e-09
2623,5,1,237,1136,172870,0,4.92917649623717e-09
2624,5,1,208,1127,171370,0,1.03888217945834e-08
2625,5,1,197,1120,214169,0,4.94827939205943e-08
2626,5,1,194,1110,231092,0,6.69850265818579e-09
2627,5,1,201,1136,247490,0,1.8183100962536e-07
2628,5,1,227,1118,173861,0,1.01854102081363e-07
2629,5,1,199,1116,120070,0,2.08092983419143e-08
2630,5,1,214,1118,144180,0,5.26145107409474e-08
2631,5,1,225,1110,185944,0,3.96955513080351e-08
2632,5,1,228,1095,144730,0,1.56387639669084e-07
2633,5,1,214,1126,123224,0,7.46625771860459e-06
2634,5,1,235,1170,135129,0,1.03276379047318e-07
2635,5,1,229,1145,152941,0,1.58024430531726e-08
2636,5,1,237,1103,169419,0,3.16456489282403e-09
2637,5,1,205,1146,146924,0,1.29230296085196e-08
2638,5,1,221,1156,145028,0,1.04334643686756e-08
2639,5,1,239,1139,199248,0,2.64989649207476e-08
2640,5,1,216,1127,162751,0,7.34913330484624e-09
2641,5,1,214,1110,171409,0,1.01542609649645e-08
2642,5,1,210,1105,175553,0,5.35186177432747e-09
2643,5,1,211,1122,136099,0,4.01322037941966e-08
2644,5,1,206,1102,148915,0,6.97150628278149e-09
2645,5,1,210,1111,126013,0,1.02865625722292e-08
2646,5,1,175,1067,145790,0,1.17340165668043e-08
2647,5,1,201,1160,173386,0,1.9729684803236e-08
2648,5,1,229,1149,195486,0,1.27213791748732e-08
2649,5,1,219,1124,205618,0,1.08230899939868e-08
2650,5,1,208,1126,171634,0,1.59614256293934e-08
2651,5,1,193,1086,181239,0,1.1319540867005e-08
2652,5,1,213,1101,210081,0,1.27256654181587e-08
2653,5,1,203,1081,250270,0,1.05337282265562e-08
2654,5,1,213,1073,196971,0,3.12019321956271e-08
2655,5,1,242,1110,178688,0,2.82502208760585e-07
2656,5,1,239,1136,320031,0,1.16967974162219e-08
2657,5,1,224,1082,240883,0,6.09162218733947e-08
2658,5,1,210,1081,250355,0,1.0720488756978e-08
2659,5,1,243,1095,308797,0,1.51699448349824e-08
2660,5,1,234,1114,234960,0,2.12395806121104e-07
2661,5,1,242,1099,215985,0,1.34389851103395e-08
2662,5,1,199,1138,193434,0,1.88313225235245e-07
2663,5,1,210,1112,218018,0,7.95274080565077e-09
2664,5,1,232,1121,244091,0,3.91153059603476e-09
2665,5,1,207,1086,230903,0,3.37593591931005e-08
2666,5,1,196,1125,205067,0,3.84746147674743e-08
2667,5,1,234,1116,168644,0,8.36675283461178e-09
2668,5,1,206,1121,169394,0,5.43247071514382e-08
2669,5,1,201,1121,148638,0,8.66173708647197e-08
2670,5,1,225,1091,144667,0,3.01322717126618e-07
2671,5,1,213,1107,189307,0,9.46189807634419e-08
2672,5,1,260,1089,195393,0,2.6060617130146e-08
2673,5,1,209,1068,152759,0,1.15325245225663e-07
2674,5,1,215,1056,180355,0,1.38979213174292e-08
2675,5,1,237,1081,201895,0,1.61348875023638e-08
2676,5,1,237,1080,248073,0,5.72377848079549e-08
2677,5,1,226,1067,189853,0,1.0231700145001e-08
2678,5,1,179,1101,251679,0,5.13191335289029e-08
2679,5,1,205,1064,425882,0,2.14727019265048e-08
2680,5,1,211,1074,218920,0,1.51890154394352e-08
2681,5,1,184,1054,161870,0,3.24393393999872e-09
2682,5,1,232,1116,139234,0,2.53283981789581e-08
2683,5,1,221,1097,144326,0,4.88041029187268e-08
2684,5,1,229,1108,157808,0,4.42538200807588e-08
2685,5,1,205,1084,175079,0,2.51735482266301e-08
2686,5,1,215,1098,169494,0,1.65469781792187e-08
2687,5,1,216,1079,187948,0,2.53805128441613e-08
2688,5,1,222,1059,188720,0,5.18647461924744e-09
2689,5,1,203,1061,212510,0,1.91207465306026e-07
2690,5,1,216,1092,237584,0,1.14673011926987e-08
2691,5,1,250,1074,228659,0,3.56227175363961e-08
2692,5,1,244,1160,173058,0,8.61707091648438e-08
2693,5,1,235,1130,197056,0,1.93950874761266e-07
2694,5,1,254,1109,163790,0,1.73040809465527e-09
2695,5,1,236,1105,158301,0,2.66790281110008e-08
2696,5,1,212,1077,205395,0,1.15924269115509e-07
2697,5,1,234,1142,180389,0,1.30978453425452e-08
2698,5,1,190,1098,211851,0,3.18721229808554e-08
2699,5,1,204,1089,228354,0,5.37602693916461e-09
2700,5,1,209,1101,210205,0,1.11563992206369e-08
2701,5,1,181,1114,274090,0,4.39124923530016e-09
2702,5,1,205,1052,245241,0,2.74154845712294e-08
2703,5,1,204,1066,177657,0,1.58737657712735e-08
2704,5,1,189,1102,164338,0,2.51749170789381e-08
2705,5,1,236,1018,158679,0,7.62352481397771e-09
2706,5,1,239,1140,161460,0,6.42418363736944e-09
2707,5,1,211,1116,185397,0,1.01187239731489e-08
2708,5,1,215,1054,213271,0,3.78745884678031e-08
2709,5,1,186,1093,198877,0,2.84815020497796e-09
2710,5,1,196,1038,155823,0,1.27999506399068e-08
2711,5,1,196,1117,235725,0,3.89753687153495e-08
2712,5,1,183,1040,220069,0,9.43321620918261e-09
2713,5,1,193,1066,213524,0,2.90920910494465e-08
2714,5,1,201,1111,216059,0,4.65064089339023e-09
2715,5,1,220,1066,181254,0,5.47192378931191e-08
2716,5,1,227,1081,186324,0,5.01469866592885e-09
2717,5,1,213,1103,210386,0,1.68516083100877e-07
2718,5,1,193,1098,188034,0,2.96969820171946e-08
2719,5,1,202,1135,215100,0,1.39625757685072e-08
2720,5,1,186,1131,195088,0,2.92560874807402e-08
2721,5,1,221,1125,194229,0,3.69183331604667e-08
2722,5,1,207,1071,250354,0,1.03812532205074e-06
2723,5,1,212,1087,194884,0,4.9149238013998e-09
2724,5,1,188,1094,182809,0,1.48141010780641e-08
2725,5,1,205,1134,255798,0,1.7362030939951e-08
2726,5,1,222,1070,207523,0,7.91667635765955e-09
2727,5,1,186,1066,133452,0,1.33469583884233e-08
2728,5,1,217,1050,146074,0,8.77362691258084e-08
2729,5,1,212,1105,104038,0,1.31296676355087e-08
2730,5,1,237,1147,160323,0,1.67839257181669e-08
2731,5,1,204,1103,168102,0,1.84375881570506e-08
2732,5,1,256,1144,167872,0,7.80014087019271e-09
2733,5,1,205,1140,145421,0,7.37332169783908e-09
2734,5,1,226,1071,183037,0,7.5982082599031e-09
2735,5,1,244,1090,363806,0,1.23600025126178e-07
2736,5,1,188,1047,202282,0,2.6800582136435e-07
2737,5,1,215,1056,165762,0,4.38580263327468e-08
2738,5,1,237,1094,166456,0,1.01361922544993e-08
2739,5,1,226,1137,180224,0,1.30934795293928e-06
2740,5,1,204,1115,165757,0,3.80693185884431e-08
2741,5,1,211,1113,168597,0,1.26093083712404e-09
2742,5,1,204,1106,160739,0,5.20973057918944e-09
2743,5,1,190,1105,175284,0,5.86387979337813e-07
2744,5,1,214,1100,192511,0,1.02997012160299e-08
2745,5,1,191,1071,248402,0,1.84498529531921e-08
2746,5,1,191,1062,211120,0,6.98728619479893e-09
2747,5,1,206,1037,241075,0,2.01401634575278e-08
2748,5,1,207,1067,237983,0,5.6821531686933e-07
2749,5,1,180,1060,142071,0,8.93852369187243e-09
2750,5,1,219,1090,129159,0,3.95672207792073e-09
2751,5,1,185,1038,149422,0,1.86382661309666e-07
2752,5,1,182,1082,122567,0,2.23216773241446e-08
2753,5,1,156,1079,150982,0,2.7069704038275e-08
2754,5,1,191,1091,149419,0,2.53179658168195e-08
2755,5,1,211,1087,109303,0,1.18004153933271e-07
2756,5,1,218,1111,101357,0,1.7494690335207e-07
2757,5,1,187,1135,105500,0,6.33253837506958e-07
2758,5,1,203,1077,110693,0,1.9867610749276e-07
2759,5,1,186,1101,109385,0,1.55101164933925e-08
2760,5,1,209,1117,107299,0,5.78929409934254e-09
2761,5,1,194,1115,128552,0,5.93599911269583e-08
2762,5,1,200,1115,112245,0,1.63711314768507e-08
2763,5,1,204,1124,104736,0,1.22904226755645e-08
2764,5,1,227,1094,113559,0,8.96988759265465e-08
2765,5,1,174,1063,110599,0,2.68475895230441e-08
2766,5,1,211,1097,137525,0,7.41509625566719e-09
2767,5,1,191,1058,145205,0,1.39083915271542e-08
2768,5,1,220,1117,159964,0,1.66301589131627e-08
2769,5,1,163,1144,169199,0,1.27250922315802e-08
2770,5,1,167,1098,157649,0,1.40866276966606e-08
2771,5,1,205,1119,250808,0,1.43821296150721e-08
2772,5,1,214,1129,222343,0,7.83276897504557e-09
2773,5,1,217,1084,212804,0,1.71426556099211e-08
2774,5,1,188,1087,163682,0,8.66265431831656e-08
2775,5,1,248,1088,136683,0,3.86074591525146e-08
2776,5,1,199,1070,114665,0,4.83556686637807e-07
2777,5,1,200,1081,177679,0,1.28758454998736e-08
2778,5,1,189,1077,210413,0,4.12775330198085e-08
2779,5,1,174,1050,190418,0,7.22510741934794e-09
2780,5,1,200,1076,187041,0,6.93436771828966e-08
2781,5,1,210,1114,174806,0,1.61401900636637e-07
2782,5,1,183,1035,188246,0,3.3462997330993e-08
2783,5,1,195,1037,167887,0,3.96739098121452e-07
2784,5,1,202,1063,211421,0,1.58476567829298e-08
2785,5,1,183,1083,216727,0,2.15698594771824e-08
2786,5,1,194,1084,179328,0,3.96977131090661e-08
2787,5,1,183,1100,192032,0,1.57192336905426e-08
2788,5,1,186,1072,177567,0,6.51974705874991e-07
2789,5,1,159,1057,240501,0,1.14234308156578e-08
2790,5,1,213,1101,258743,0,3.88590490513619e-08
2791,5,1,173,1095,246822,0,4.48499143787264e-09
2792,5,1,185,1016,208713,0,4.32945177770782e-08
2793,5,1,170,1112,211966,0,2.38174097611151e-07
2794,5,1,202,1055,235144,0,3.49227875287763e-09
2795,5,1,213,1111,267140,0,2.27926553829059e-08
2796,5,1,224,1078,247083,0,2.23752182004587e-08
2797,5,1,194,1093,221911,0,9.04728666346671e-08
2798,5,1,186,1115,173913,0,3.35690109483713e-08
2799,5,1,220,1044,146716,0,6.09263418796065e-08
2800,5,1,229,1098,160949,0,2.78599987218981e-07
2801,5,1,190,1151,164004,0,7.87980341734407e-08
2802,5,1,222,1074,177347,0,4.86090509834036e-08
2803,5,1,198,1092,138109,0,1.1554624670906e-06
2804,5,1,241,1105,173841,0,3.95911250091561e-08
2805,5,1,204,1074,157213,0,8.60542481228905e-08
2806,5,1,222,1097,158793,0,9.18842463245951e-08
2807,5,1,214,1113,157208,0,1.30019025794618e-07
2808,5,1,171,1090,113289,0,6.14397818961808e-09
2809,5,1,212,1111,124040,0,1.83015329542973e-08
2810,5,1,226,1096,136126,0,7.06908984741244e-08
2811,5,1,191,1052,140719,0,9.36992046569967e-09
2812,5,1,217,1067,154222,0,7.01091032456522e-09
2813,5,1,217,1119,155604,0,8.07837506330309e-09
2814,5,1,208,1114,110824,0,1.00410932810411e-08
2815,5,1,218,1099,167926,0,4.75450650361483e-08
2816,5,1,208,1085,176919,0,2.32264320075145e-08
2817,5,1,201,1171,141190,0,4.29839676526612e-08
2818,5,1,233,1126,156358,0,1.88650734247941e-08
2819,5,1,179,1092,183275,0,1.3584337030155e-07
2820,5,1,195,1086,144448,0,1.92079006257866e-08
2821,5,1,223,1091,130944,0,9.81956835714659e-09
2822,5,1,201,1078,139844,0,1.52289670699324e-07
2823,5,1,192,1090,186093,0,1.85252112493801e-08
2824,5,1,199,1070,220987,0,5.36791106844261e-06
2825,5,1,188,1144,215972,0,2.45145800040359e-07
2826,5,1,206,1020,207421,0,2.74307051524058e-08
2827,5,1,233,1140,180539,0,1.02901433773026e-08
2828,5,1,201,1066,198739,0,2.20495690236544e-08
2829,5,1,214,1108,211856,0,4.91002006154012e-08
2830,5,1,227,1016,185061,0,2.02652380294711e-08
2831,5,1,209,1086,174739,0,1.83827010238362e-08
2832,5,1,199,1079,199239,0,1.32616505913963e-08
2833,5,1,192,1087,312309,0,1.25328947973769e-08
2834,5,1,169,1096,280038,0,1.38692028508433e-08
2835,5,1,188,1075,317095,0,5.51842407019606e-08
2836,5,1,181,1027,323232,0,1.22897952149851e-07
2837,5,1,168,1076,209114,0,5.40952582888297e-08
2838,5,1,192,1064,187622,0,1.25303433988496e-08
2839,5,1,159,1067,191228,0,4.38728332958208e-08
2840,5,1,177,1058,287892,0,2.17716282709934e-08
2841,5,1,155,1088,185760,0,1.85901744091017e-08
2842,5,1,202,1071,242736,0,7.58470893990549e-08
2843,5,1,183,1035,221870,0,4.16431659995742e-09
2844,5,1,197,1036,193216,0,5.10165796124548e-08
2845,5,1,212,1050,218103,0,2.85241942658227e-08
2846,5,1,195,1061,200809,0,1.54908823221474e-08
2847,5,1,182,1099,175108,0,7.63700098884697e-08
2848,5,1,227,1061,201154,0,9.01074197093613e-09
2849,5,1,197,1099,209560,0,2.23031914508902e-09
2850,5,1,212,1104,144982,0,1.18765776702105e-07
2851,5,1,182,1104,154008,0,1.22391674851737e-08
2852,5,1,178,1121,132337,0,1.69196227222377e-08
2853,5,1,232,1108,131026,0,1.2885066432697e-07
2854,5,1,173,1107,160525,0,1.26292299133309e-08
2855,5,1,162,1075,166470,0,4.9407281661023e-08
2856,5,1,185,1044,202978,0,6.62701939893309e-09
2857,5,1,166,1071,171499,0,1.62454822363941e-08
2858,5,1,186,1084,223829,0,2.99599705457827e-08
2859,5,1,215,1095,236514,0,1.85106545187556e-06
2860,5,1,184,1019,242213,0,2.74031766041611e-08
2861,5,1,195,1048,235524,0,5.11403562518067e-09
2862,5,1,177,1025,450426,0,5.23515548128923e-09
2863,5,1,202,1039,345422,0,1.99339965399984e-08
2864,5,1,200,1071,251683,0,1.57802929746404e-08
2865,5,1,201,1063,259820,0,1.1659976710583e-07
2866,5,1,204,1023,318999,0,7.66797821567642e-09
2867,5,1,214,1075,358957,0,2.88939632548624e-09
2868,5,1,186,1034,288500,0,3.48124455541839e-08
2869,5,1,220,1047,312397,0,1.83056394585497e-08
2870,5,1,190,1039,272645,0,2.76649067168246e-08
2871,5,1,196,1061,228742,0,1.42019306825684e-08
2872,5,1,217,1061,220183,0,5.4648300224276e-09
2873,5,1,177,1095,190856,0,6.93843704907304e-09
2874,5,1,215,1044,214587,0,1.14540603416233e-07
2875,5,1,225,1093,177576,0,7.87113347395202e-08
2876,5,1,198,1048,181189,0,3.27869225911511e-08
2877,5,1,205,1125,181869,0,4.53351185513416e-08
2878,5,1,196,1062,198321,0,2.16518630055236e-08
2879,5,1,222,1071,214654,0,1.19508613498576e-08
2880,5,1,215,1051,211041,0,1.7563948010873e-07
2881,5,1,196,1079,203969,0,9.03873176985139e-09
2882,5,1,222,1079,192137,0,8.21991645003447e-08
2883,5,1,221,1067,218140,0,4.74974135519287e-08
2884,5,1,214,1063,200857,0,3.97830310620211e-09
2885,5,1,219,1078,127978,0,7.76172348056706e-07
2886,5,1,235,1069,162611,0,8.69838891120001e-09
2887,5,1,179,1021,187734,0,2.1176931738804e-08
2888,5,1,230,1065,182439,0,1.0777440775247e-08
2889,5,1,213,1010,174456,0,4.10230262181716e-09
2890,5,1,208,1027,163773,0,2.42522126190209e-08
2891,5,1,206,1005,226270,0,3.18410516231116e-09
2892,5,1,208,1073,302790,0,4.01228762813515e-09
2893,5,1,187,1056,218742,0,6.89600750542823e-08
2894,5,1,184,1045,194317,0,2.72033851730237e-09
2895,5,1,187,1067,224491,0,4.047150272193e-09
2896,5,1,186,1078,252462,0,1.44166325134919e-08
2897,5,1,176,1075,205392,0,3.50493862808831e-09
2898,5,1,197,1097,215851,0,3.52956322228355e-09
2899,5,1,187,1032,248596,0,2.53966055382564e-08
2900,5,1,193,1037,179657,0,1.0448480572725e-08
2901,5,1,182,1039,237005,0,1.68012978510156e-08
2902,5,1,217,1025,211649,0,3.08721334657572e-08
2903,5,1,201,1067,221901,0,3.49252301900957e-09
2904,5,1,188,1015,239820,0,1.47422052575542e-08
2905,5,1,173,1075,200724,0,4.06999912739299e-08
2906,5,1,192,1029,234333,0,6.22266326064974e-09
2907,5,1,173,1072,212246,0,1.94938786052223e-08
2908,5,1,166,1082,168335,0,1.16783370591113e-07
2909,5,1,178,1103,182392,0,1.10515758021445e-08
2910,5,1,187,1055,239907,0,3.05847042717818e-08
2911,5,1,190,1089,189607,0,1.71936245205962e-07
2912,5,1,158,1070,186500,0,7.81923585066543e-08
2913,5,1,183,1065,247128,0,2.01440591614154e-07
2914,5,1,205,1103,263944,0,1.35999766359358e-08
2915,5,1,186,1076,243697,0,6.90635946284337e-09
2916,5,1,208,1069,215340,0,1.09780785446099e-08
2917,5,1,243,1042,209284,0,1.74219173709213e-08
2918,5,1,204,1057,196101,0,2.22386264953478e-08
2919,5,1,214,1043,184853,0,4.16157298193566e-08
2920,5,1,218,1061,204364,0,8.54147645953639e-09
2921,5,1,228,1049,265640,0,3.63087924337111e-08
2922,5,1,209,1074,235807,0,2.04932371382073e-09
2923,5,1,222,1067,211917,0,2.25079703430887e-08
2924,5,1,215,1066,228683,0,9.64059502454917e-09
2925,5,1,219,1076,145977,0,8.35947018607776e-09
2926,5,1,211,1078,126743,0,9.1852158933524e-09
2927,5,1,165,1072,142307,0,8.02085528468264e-08
2928,5,1,191,1108,177768,0,3.16153826695948e-08
2929,5,1,206,1053,186867,0,8.19628220715887e-08
2930,5,1,230,1084,189222,0,1.33152688701627e-08
2931,5,1,211,1064,140863,0,3.47989941324702e-08
2932,5,1,185,1101,147046,0,3.43425377485682e-08
2933,5,1,192,1115,132164,0,3.8916591186595e-08
2934,5,1,202,1103,187201,0,8.35877102436403e-07
2935,5,1,225,1081,216867,0,6.54837428714026e-09
2936,5,1,196,1033,219113,0,1.60414941144959e-08
2937,5,1,184,1048,216574,0,3.5409689858194e-09
2938,5,1,196,1046,131229,0,1.3076998540469e-08
2939,5,1,170,1114,116629,0,1.70391054795545e-08
2940,5,1,185,1066,140885,0,3.2748064142447e-08
2941,5,1,188,1115,145739,0,2.4523256780017e-08
2942,5,1,181,1066,160228,0,9.51172885256172e-08
2943,5,1,170,1067,146738,0,6.01453587381096e-08
2944,5,1,161,1101,157151,0,9.86012531233527e-08
2945,5,1,193,1060,209499,0,1.13403461624549e-08
2946,5,1,180,1095,187501,0,2.97907365555841e-08
2947,5,1,201,1062,213047,0,4.60032173093289e-08
2948,5,1,186,1103,184150,0,6.95250452418661e-09
2949,5,1,182,1028,157695,0,2.0105758176173e-07
2950,5,1,198,1045,205694,0,1.40202686573957e-07
2951,5,1,190,1089,174891,0,7.54683951725881e-08
2952,5,1,189,1048,200238,0,2.07590922687237e-07
2953,5,1,203,1056,221103,0,2.35601273201055e-08
2954,5,1,176,1056,176788,0,3.57991320809525e-08
2955,5,1,188,1031,175381,0,3.4476571359281e-08
2956,5,1,174,1026,125287,0,1.42106602958959e-08
2957,5,1,185,1019,197871,0,4.01656134375881e-08
2958,5,1,159,1047,225058,0,1.57729136168056e-08
2959,5,1,183,1056,227518,0,7.78595206190516e-08
2960,5,1,153,1027,219805,0,8.63936482394596e-09
2961,5,1,179,1054,229488,0,2.97013215403276e-08
2962,5,1,171,1033,187361,0,1.3921484706482e-07
2963,5,1,149,1023,202105,0,5.77269649034573e-07
2964,5,1,132,979,188671,0,2.17404607749741e-08
2965,5,1,135,1009,248384,0,7.37364663602346e-09
2966,5,1,185,1020,234871,0,1.93681098422956e-08
2967,5,1,201,1017,274605,0,4.16757444602905e-08
2968,5,1,185,1055,215469,0,8.59021021308986e-08
2969,5,1,200,1000,206085,0,3.12867046516667e-08
2970,5,1,181,1042,200438,0,4.09413681203121e-08
2971,5,1,188,1033,315415,0,5.83848539189645e-09
2972,5,1,221,1078,195610,0,2.80377001187376e-09
2973,5,1,180,1049,247622,0,4.83321816555162e-08
2974,5,1,175,1065,302963,0,1.05910225005308e-07
2975,5,1,132,1018,299179,0,1.14882622341485e-08
2976,5,1,163,1052,230076,0,1.2383362186964e-06
2977,5,1,180,1062,218716,0,4.17286249841975e-09
2978,5,1,167,1057,228106,0,9.00543622350866e-09
2979,5,1,190,1067,273613,0,6.57123883825253e-07
2980,5,1,208,1020,197267,0,2.91298569541671e-09
2981,5,1,169,1010,278573,0,6.90950795172276e-09
2982,5,1,201,1054,271421,0,8.07507549276757e-09
2983,5,1,197,1015,277621,0,5.83150466047889e-09
2984,5,1,190,1005,318579,0,6.15591751857269e-08
2985,5,1,168,1005,278342,0,4.21141525947563e-09
2986,5,1,183,1052,309747,0,5.4506518271581e-08
2987,5,1,176,1041,269076,0,3.21929648696853e-08
2988,5,1,172,1043,286067,0,5.68844171115183e-08
2989,5,1,159,1072,196599,0,7.92682508560289e-08
2990,5,1,174,1078,206361,0,1.11961739335631e-08
2991,5,1,162,1051,265492,0,1.25081159321893e-07
2992,5,1,188,1060,253694,0,7.72443916719473e-09
2993,5,1,183,1055,209809,0,1.59104569579015e-08
2994,5,1,155,1085,197528,0,1.90164878762627e-07
2995,5,1,174,1070,379719,0,1.91841297984973e-08
2996,5,1,193,1069,351862,0,1.29064481283547e-08
2997,5,1,165,1026,291905,0,2.26947768584581e-08
2998,5,1,175,1058,343381,0,2.02973312397063e-08
2999,5,1,177,1091,310891,0,3.80414163106824e-08
3000,5,1,180,1043,241589,0,8.33647214900689e-09
3001,5,1,197,1077,222102,0,9.43304128554507e-09
3002,5,1,171,1061,245047,0,9.1855964009605e-09
3003,5,1,178,1082,241194,0,3.10583807554988e-08
3004,5,1,189,1084,293345,0,5.41331691853071e-08
3005,5,1,187,1049,266214,0,1.12617411807194e-08
3006,5,1,202,1073,315570,0,6.69685209274632e-09
3007,5,1,192,1066,297075,0,4.43932361042848e-08
3008,5,1,184,1072,299779,0,1.93573297360342e-08
3009,5,1,169,994,312238,0,2.32851681121927e-08
3010,5,1,173,1069,264464,0,5.11617203800525e-08
3011,5,1,176,1059,169941,0,1.97638151217097e-08
3012,5,1,200,1107,210506,0,7.7314981414738e-08
3013,5,1,175,1080,220858,0,3.73804987828332e-08
3014,5,1,187,1085,348882,0,1.16210384834042e-07
3015,5,1,190,1036,284379,0,1.05610826133905e-08
3016,5,1,177,1069,335260,0,4.36356607174817e-08
3017,5,1,199,1100,281265,0,4.68006385514392e-08
3018,5,1,199,1070,320533,0,5.27221767718131e-07
3019,5,1,220,1076,301577,0,3.33336172477594e-08
3020,5,1,181,1117,380232,0,7.22391170751526e-09
3021,5,1,189,1124,304963,0,1.80647442135452e-08
3022,5,1,186,1114,199676,0,1.00226291618067e-08
3023,5,1,191,1080,170911,0,8.23183353915778e-09
3024,5,1,175,1051,182143,0,1.35802014250366e-08
3025,5,1,193,1083,299340,0,5.59482196914055e-09
3026,5,1,224,1081,327231,0,3.8529821647222e-09
3027,5,1,205,1103,250430,0,1.08437555585335e-08
3028,5,1,197,1044,222868,0,8.14255442606596e-09
3029,5,1,192,1058,266140,0,1.94732887883391e-08
3030,5,1,214,1069,221001,0,6.56920563094709e-08
3031,5,1,215,1121,185301,0,1.27431776550761e-08
3032,5,1,219,1073,190239,0,3.04149855258973e-09
3033,5,1,236,1090,181528,0,5.61654309082112e-09
3034,5,1,233,1053,216465,0,6.50817103053368e-08
3035,5,1,205,1053,225799,0,3.76438974779319e-08
3036,5,1,237,1110,246738,0,3.16957050665923e-08
3037,5,1,207,1060,207385,0,5.19979877032398e-09
3038,5,1,224,1099,189724,0,2.68242901293016e-08
3039,5,1,222,1074,143980,0,5.95930878764325e-09
3040,5,1,237,1072,171581,0,1.03403726668274e-08
3041,5,1,194,1047,162226,0,2.52313583175171e-09
3042,5,1,206,1065,172672,0,7.19541080542348e-09
3043,5,1,217,1099,181148,0,7.85723125824236e-09
3044,5,1,212,1044,215793,0,6.36159754266294e-08
3045,5,1,207,1050,219035,0,9.62593758006503e-09
3046,5,1,213,1104,207380,0,1.34454264816268e-08
3047,5,1,180,1042,156526,0,8.27785798910438e-07
3048,5,1,252,1065,170311,0,5.89850325172805e-09
3049,5,1,212,1068,150848,0,9.43589945809227e-09
3050,5,1,217,1077,207208,0,5.46914583773471e-08
3051,5,1,225,1069,162421,0,1.30990435776032e-08
3052,5,1,221,1076,120236,0,3.25807874434037e-08
3053,5,1,243,1071,138379,0,1.95736375753494e-08
3054,5,1,206,1105,224517,0,8.60776323855243e-09
3055,5,1,192,1129,180823,0,3.50030271889214e-09
3056,5,1,212,1149,160119,0,1.08016462562268e-07
3057,5,1,222,1119,243277,0,1.93279267196913e-08
3058,5,1,213,1082,148791,0,1.05554858481072e-08
3059,5,1,222,1107,134567,0,1.5822103347428e-08
3060,5,1,253,1083,204900,0,3.08720583906699e-09
3061,5,1,219,1068,205853,0,4.28090097293726e-08
3062,5,1,221,1042,159749,0,8.92723792297327e-09
3063,5,1,194,1102,137956,0,2.37129003384856e-08
3064,5,1,210,1110,194694,0,2.36327243103519e-08
3065,5,1,211,1099,162810,0,9.23740580228174e-09
3066,5,1,209,1089,166806,0,3.99237033053767e-08
3067,5,1,196,1042,297083,0,1.10663941327104e-07
3068,5,1,168,1095,216334,0,2.7203207946584e-09
3069,5,1,218,1058,224355,0,5.11233612614163e-08
3070,5,1,236,1074,177544,0,1.23144529121064e-08
3071,5,1,202,1068,163750,0,2.30434262029533e-08
3072,5,1,186,1114,152807,0,1.01622707093058e-08
3073,5,1,208,1080,144871,0,4.40799201813224e-09
3074,5,1,207,1073,127210,0,1.31217883101338e-08
3075,5,1,239,1091,128954,0,5.68057482379796e-09
3076,5,1,203,1068,115425,0,2.84734025734371e-08
3077,5,1,215,1114,161735,0,1.81116445588913e-07
3078,5,1,225,1073,166890,0,1.11800285539326e-08
3079,5,1,199,1107,221882,0,6.95879061026383e-07
3080,5,1,225,1093,132491,0,1.66183940776086e-08
3081,5,1,214,1097,128887,0,1.34325584716189e-08
3082,5,1,213,1063,173087,0,6.91474626845527e-09
3083,5,1,213,1036,196286,0,1.90608969912513e-08
3084,5,1,205,1042,141438,0,1.97570822231609e-08
3085,5,1,205,1078,132345,0,2.10745504268226e-08
3086,5,1,209,1056,115354,0,1.05350199614956e-08
3087,5,1,198,1085,154341,0,5.46391792294066e-08
3088,5,1,184,1094,144053,0,1.81258752842468e-08
3089,5,1,203,1092,220227,0,2.65104348783622e-08
3090,5,1,221,1076,252307,0,7.53223243535705e-08
3091,5,1,215,1121,253350,0,1.08256166059312e-08
3092,5,1,202,1112,269991,0,7.90614287633118e-08
3093,5,1,178,1049,285905,0,1.82397537760257e-08
3094,5,1,216,1081,286028,0,2.16561230350595e-09
3095,5,1,203,1119,275518,0,4.94831788803676e-09
3096,5,1,205,1134,203143,0,3.19935884166427e-08
3097,5,1,185,1107,153908,0,3.92940291664274e-07
3098,5,1,212,1149,159596,0,5.37400962649319e-08
3099,5,1,218,1122,180383,0,2.8731169461384e-08
3100,5,1,210,1076,198759,0,1.10429830829623e-07
3101,5,1,208,1126,189986,0,1.07369481351332e-08
3102,5,1,178,1111,198915,0,1.04973542580038e-07
3103,5,1,220,1097,192044,0,3.96120230435883e-08
3104,5,1,187,1111,188292,0,2.74853802519569e-08
3105,5,1,188,1045,168287,0,2.44401575612535e-08
3106,5,1,203,1082,255662,0,4.6467616383363e-08
3107,5,1,218,1069,179271,0,1.96954838262332e-08
3108,5,1,192,1130,195895,0,8.83901015668682e-09
3109,5,1,206,1116,201061,0,3.9840717808507e-09
3110,5,1,204,1053,225789,0,6.63865063990542e-09
3111,5,1,204,1083,259726,0,1.14735886964918e-08
3112,5,1,207,1044,229292,0,4.86149288494662e-08
3113,5,1,213,1101,232203,0,1.34288834802899e-08
3114,5,1,181,1083,170277,0,2.78260011175541e-08
3115,5,1,197,1068,143685,0,3.25327459467444e-09
3116,5,1,176,1068,149796,0,2.80694499651525e-08
3117,5,1,170,1067,192396,0,3.33530834410703e-08
3118,5,1,188,1106,170146,0,1.54981608703369e-07
3119,5,1,186,1078,210676,0,5.5975508925201e-08
3120,5,1,190,1086,263377,0,2.64820586929246e-07
3121,5,1,184,1081,186457,0,9.49381479938581e-09
3122,5,1,192,1094,191568,0,9.76251752105115e-08
3123,5,1,210,1056,256314,0,1.1322986119914e-08
3124,5,1,199,1091,195943,0,7.83997107718084e-09
3125,5,1,219,1101,194399,0,1.72531649110534e-08
3126,5,1,217,1114,161931,0,1.2598465223295e-08
3127,5,1,198,1051,172971,0,2.17193836086631e-08
3128,5,1,198,1080,194204,0,2.02563702778042e-06
3129,5,1,206,1050,415787,0,2.76748289085539e-08
3130,5,1,203,1132,383141,0,1.57551127448662e-08
3131,5,1,224,1051,243504,0,1.32958627365831e-08
3132,5,1,208,1096,306404,0,1.3566131386445e-08
3133,5,1,218,1105,496697,0,1.46965095641927e-08
3134,5,1,211,1073,363475,0,4.96897547047208e-08
3135,5,1,184,1105,344121,0,1.19551298105074e-07
3136,5,1,173,1097,358760,0,7.25599322069466e-09
3137,5,1,185,1112,419633,0,4.17101599712705e-08
3138,5,1,187,1059,1002052,0,3.2958073040634e-08
3139,5,1,163,1091,504620,0,4.44408817868396e-08
3140,5,1,205,1019,405576,0,6.20893131721705e-09
3141,5,1,186,1040,317129,0,7.47579091555174e-09
3142,5,1,209,996,250993,0,1.23079232545957e-07
3143,5,1,211,1052,304166,0,5.04483598017411e-07
3144,5,1,202,1095,230988,0,2.05000396085416e-09
3145,5,1,190,1065,165234,0,1.03956657217134e-07
3146,5,1,184,1077,198519,0,2.90476532290849e-08
3147,5,1,177,1081,202325,0,1.8812181390862e-08
3148,5,1,189,1056,169612,0,5.69183967091379e-08
3149,5,1,215,1063,202295,0,1.59906035123476e-08
3150,5,1,190,1051,279487,0,2.52333429938724e-08
3151,5,1,182,1051,277168,0,1.4766129966566e-08
3152,5,1,186,1121,188976,0,3.19901539668505e-08
3153,5,1,185,1014,147462,0,8.0520343848919e-09
3154,5,1,173,1067,178328,0,5.220190717531e-09
3155,5,1,177,1060,221619,0,1.89014627210393e-08
3156,5,1,177,1050,204962,0,8.50355663352284e-09
3157,5,1,193,1003,209630,0,8.20062198835114e-07
3158,5,1,170,1009,177750,0,1.34990917161883e-08
3159,5,1,164,1010,202535,0,8.01102175315115e-09
3160,5,1,198,1087,211702,0,4.76419685966601e-08
3161,5,1,214,1062,199491,0,6.54833775400234e-09
3162,5,1,180,1082,216977,0,1.55393015766238e-08
3163,5,1,173,1063,297146,0,3.1550019766745e-08
3164,5,1,178,1088,242230,0,6.23072630082495e-08
3165,5,1,201,1101,241160,0,2.86085343768935e-09
3166,5,1,165,1067,270357,0,5.06137324053386e-09
3167,5,1,180,1105,325526,0,4.26196130653454e-08
3168,5,1,188,1143,333610,0,9.42044476939356e-08
3169,5,1,224,1082,581076,0,5.71542087000041e-09
3170,5,1,210,1113,374022,0,2.45322019210873e-08
3171,5,1,172,1063,284372,0,1.93556375167068e-08
3172,5,1,167,1082,241801,0,1.54596102319894e-08
3173,5,1,207,1083,241819,0,3.95972620219949e-08
3174,5,1,211,1115,241068,0,1.46954945731552e-08
3175,5,1,169,1114,244087,0,2.5758560820859e-08
3176,5,1,179,1133,232993,0,7.307110984371e-08
3177,5,1,206,1148,188246,0,1.19783918319093e-07
3178,5,1,187,1078,274908,0,5.82146373067428e-09
3179,5,1,162,1131,302890,0,1.36078780398454e-05
3180,5,1,203,1079,227629,0,1.07108633470754e-06
3181,5,1,199,1054,221120,0,8.3936421236474e-08
3182,5,1,181,1084,229734,0,2.06409053049623e-07
3183,5,1,195,1111,215484,0,2.37003879771334e-07
3184,5,1,235,1122,292908,0,3.47693184101681e-09
3185,5,1,201,1103,265810,0,3.81087751062809e-08
3186,5,1,187,1106,283592,0,1.15913184103534e-08
3187,5,1,200,1075,252486,0,1.10286010643171e-08
3188,5,1,208,1155,257792,0,6.87659292812118e-09
3189,5,1,172,1038,390338,0,3.61927509302007e-08
3190,5,1,174,1083,304224,0,1.07324781491989e-07
3191,5,1,218,1094,302581,0,4.88697079090144e-08
3192,5,1,191,1123,238859,0,1.68521614562172e-09
3193,5,1,200,1100,297402,0,9.89727798496318e-09
3194,5,1,190,1064,349619,0,2.1610497668931e-07
3195,5,1,199,1079,250279,0,8.77391204435986e-09
3196,5,1,206,1081,272185,0,6.37395398568296e-09
3197,5,1,200,1083,306179,0,1.61540357513948e-08
3198,5,1,211,1089,361583,0,7.03740113320883e-09
3199,5,1,206,1131,263931,0,4.21480366790495e-09
3200,5,1,205,1096,244453,0,6.08035660123163e-08
3201,5,1,231,1078,425624,0,2.90763900925383e-08
3202,5,1,200,1054,264117,0,3.33753104904873e-06
3203,5,1,200,1064,344348,0,5.33698933429946e-09
3204,5,1,175,1051,310356,0,1.20277988470431e-08
3205,5,1,168,1078,245900,0,1.79182513027014e-08
3206,5,1,187,1127,226886,0,1.04890795866367e-08
3207,5,1,200,1068,208390,0,5.35047827699807e-08
3208,5,1,200,1069,226233,0,1.94612522286838e-07
3209,5,1,222,1060,225610,0,1.17405045740337e-08
3210,5,1,204,1096,333209,0,5.64876325319993e-09
3211,5,1,170,1083,296248,0,1.09038251132323e-08
3212,5,1,227,1079,212382,0,3.42409079578814e-07
3213,5,1,193,1095,253466,0,8.36520874348125e-08
3214,5,1,199,1103,261969,0,4.17126522362738e-08
3215,5,1,217,1106,214353,0,5.74103859939423e-08
3216,5,1,198,1113,174721,0,4.35635807706426e-08
3217,5,1,190,1067,180788,0,1.47543125965469e-08
3218,5,1,183,1076,197488,0,1.07269127600945e-08
3219,5,1,199,1072,222490,0,6.66575196827438e-08
3220,5,1,203,1077,192371,0,1.72733985122334e-08
3221,5,1,213,1128,222504,0,2.93974605293755e-09
3222,5,1,201,1092,198162,0,2.18148349472558e-08
3223,5,1,208,1112,266420,0,2.37081561509998e-08
3224,5,1,196,1102,227928,0,2.04684013138737e-08
3225,5,1,214,1144,180289,0,1.6863986376588e-08
3226,5,1,179,1071,189585,0,6.25897620272109e-08
3227,5,1,209,1108,179932,0,1.54952706191389e-07
3228,5,1,216,1101,200021,0,2.84513879051619e-08
3229,5,1,198,1097,165647,0,1.98006756952823e-08
3230,5,1,214,1045,164208,0,1.1904040114125e-07
3231,5,1,196,1120,125960,0,6.49525064309011e-09
3232,5,1,203,1095,120097,0,1.11776052096768e-08
3233,5,1,196,1088,134836,0,1.11713833425966e-08
3234,5,1,210,1112,149826,0,5.66744089229142e-08
3235,5,1,206,1119,135027,0,9.66319018684476e-07
3236,5,1,228,1118,143843,0,2.64186178583279e-08
3237,5,1,211,1060,118259,0,4.59490113652091e-09
3238,5,1,196,1074,127718,0,3.56114053977201e-07
3239,5,1,181,1113,119926,0,6.18883860240996e-09
3240,5,1,206,1062,109301,0,2.65394909044702e-08
3241,5,1,179,1073,124413,0,9.87742360657933e-09
3242,5,1,199,1146,163157,0,2.9347092140566e-08
3243,5,1,201,1132,167816,0,7.86061889774306e-09
3244,5,1,201,1107,156998,0,2.50993182167167e-08
3245,5,1,201,1080,167044,0,3.35463421261603e-08
3246,5,1,186,1038,203500,0,2.07854000845879e-08
3247,5,1,211,1043,244986,0,7.434160048855e-09
3248,5,1,210,1021,277188,0,2.29699074709352e-08
3249,5,1,233,1110,203382,0,3.37819340152568e-08
3250,5,1,208,1114,198468,0,3.86751926100449e-08
3251,5,1,188,1107,152115,0,2.77944236516496e-08
3252,5,1,197,1109,154919,0,1.99063265414999e-08
3253,5,1,231,1040,129025,0,3.47400956767989e-08
3254,5,1,232,1109,153345,0,3.31054279474594e-07
3255,5,1,215,1069,188151,0,6.34186926504082e-05
3256,5,1,219,1056,168924,0,5.09228624534554e-08
3257,5,1,189,1116,150921,0,1.35977601337953e-07
3258,5,1,182,1119,162987,0,1.08367370125892e-08
3259,5,1,165,1096,190211,0,1.53220661110354e-07
3260,5,1,200,1079,219984,0,1.10553994794945e-08
3261,5,1,203,1107,182896,0,2.01048727441352e-08
3262,5,1,183,1075,199314,0,2.36264640731835e-08
3263,5,1,208,1108,195442,0,1.06208030554533e-08
3264,5,1,197,1044,256902,0,9.89892563680305e-08
3265,5,1,205,1110,224692,0,1.2684873367373e-08
3266,5,1,230,1090,307309,0,5.94885027739532e-08
3267,5,1,194,1080,219923,0,1.27562107168073e-07
3268,5,1,208,1072,209492,0,3.02944691769987e-08
3269,5,1,214,1077,256109,0,2.58923226533207e-09
3270,5,1,186,1059,156902,0,4.1632080313367e-08
3271,5,1,198,1041,165802,0,3.1475573633838e-07
3272,5,1,196,1062,154201,0,2.57482403758878e-08
3273,5,1,183,1047,160500,0,8.3930113758409e-08
3274,5,1,192,1042,166140,0,1.06958139722437e-08
3275,5,1,224,1097,155004,0,4.14050769646023e-08
3276,5,1,168,1045,122435,0,5.36371874315667e-07
3277,5,1,198,1082,154326,0,3.56755815114749e-08
3278,5,1,196,1038,162672,0,3.06630674989478e-08
3279,5,1,178,1066,150204,0,3.17586690176692e-08
3280,5,1,197,1106,199193,0,1.58445513650044e-08
3281,5,1,173,1122,170737,0,1.5832513088698e-08
3282,5,1,166,1072,171569,0,1.06489813747158e-08
3283,5,1,229,1091,210047,0,2.8052675075149e-08
3284,5,1,183,1101,236596,0,9.54769122784451e-09
3285,5,1,206,1090,279120,0,1.18014554125621e-08
3286,5,1,184,1108,257174,0,7.28666447848271e-09
3287,5,1,218,1083,216747,0,3.53190142558068e-08
3288,5,1,193,1100,233793,0,7.24723304922338e-06
3289,5,1,188,1087,220308,0,2.8392936316823e-08
3290,5,1,204,1091,235426,0,1.36698725553574e-08
3291,5,1,199,1100,278353,0,7.48837556025021e-08
3292,5,1,186,1087,293977,0,3.05085512271529e-09
3293,5,1,167,1111,297885,0,1.37670572856325e-06
3294,5,1,218,1062,340019,0,1.15115443768669e-08
3295,5,1,211,1068,312287,0,8.61160821209895e-07
3296,5,1,204,1145,261333,0,2.12829868694764e-08
3297,5,1,205,1108,248497,0,1.78951390667933e-07
3298,5,1,184,1089,250692,0,2.11061252510721e-07
3299,5,1,199,1064,235060,0,1.30212599705751e-08
3300,5,1,181,1101,216329,0,5.41943336907354e-07
3301,5,1,166,1058,240446,0,4.55185062744021e-08
3302,5,1,176,1090,270468,0,9.51236209199067e-08
3303,5,1,163,1093,323169,0,1.71048567493764e-07
3304,5,1,178,1114,234541,0,1.89901210376213e-08
3305,5,1,169,1107,228729,0,1.64623074217979e-08
3306,5,1,217,1060,292485,0,3.29764270804743e-08
3307,5,1,214,1135,306275,0,4.54573031667121e-09
3308,5,1,173,1088,315045,0,7.95343246358733e-08
3309,5,1,188,1064,359395,0,4.16523144641517e-07
3310,5,1,201,1053,483067,0,4.43406645644272e-09
3311,5,1,197,1054,373707,0,3.25710298728701e-09
3312,5,1,192,1083,474647,0,2.43307840781167e-07
3313,5,1,201,1040,489305,0,4.00701229985444e-09
3314,5,1,193,1055,579424,0,3.36877297311346e-08
3315,5,1,157,1000,399810,0,7.19593076941336e-07
3316,5,1,181,1057,469839,0,3.24998023412503e-07
3317,5,1,178,1031,446440,0,1.01043521553025e-07
3318,5,1,155,1002,500051,0,1.61326115301818e-08
3319,5,1,190,1047,714791,0,1.02981841001931e-08
3320,5,1,174,1047,515204,0,6.45883689186111e-08
3321,5,1,153,1031,458445,0,1.02832230087572e-08
3322,5,1,163,1049,411786,0,9.59725653111127e-07
3323,5,1,166,1034,440897,0,8.45642631862908e-09
3324,5,1,176,1050,433402,0,4.25435409970527e-08
3325,5,1,205,1098,335416,0,1.17308251943953e-08
3326,5,1,165,1105,316509,0,6.08832964958104e-08
3327,5,1,191,1098,303026,0,3.83194144750978e-08
3328,5,1,204,1050,417889,0,1.4457022315135e-08
3329,5,1,148,1068,414548,0,1.67040111399489e-08
3330,5,1,175,1086,558474,0,3.07514946710077e-08
3331,5,1,200,1080,491778,0,4.03180214186092e-07
3332,5,1,166,1119,396640,0,1.91653302201328e-08
3333,5,1,194,1099,381503,0,6.7763057921777e-09
3334,5,1,179,1105,370305,0,2.01640978193946e-08
3335,5,1,177,1101,451900,0,3.94571079681318e-08
3336,5,1,199,1075,405491,0,1.27220239959667e-08
3337,5,1,166,1075,404137,0,1.00470334555099e-08
3338,5,1,201,1033,388870,0,6.09950703889154e-09
3339,5,1,220,1062,442848,0,8.52549808811258e-09
3340,5,1,210,1084,454005,0,5.45666844327427e-09
3341,5,1,210,1072,261841,0,1.00029003347039e-08
3342,5,1,186,1104,338437,0,5.90924113953889e-07
3343,5,1,179,1145,326049,0,8.1054610262917e-08
3344,5,1,182,1094,344546,0,3.44137246415807e-08
3345,5,1,184,1088,408762,0,2.96650917152999e-07
3346,5,1,204,1099,294815,0,1.03513905465878e-08
3347,5,1,188,1023,334423,0,2.15333533424467e-08
3348,5,1,206,1068,413015,0,5.44220152578019e-08
3349,5,1,195,1033,363152,0,1.23943690882512e-08
3350,5,1,185,1023,341318,0,9.78075765707626e-08
3351,5,1,209,1048,391130,0,2.17382996062537e-08
3352,5,1,197,1065,348509,0,2.90276055277277e-08
3353,5,1,189,1064,332953,0,1.39798980004088e-06
3354,5,1,185,1054,307827,0,4.24146916079452e-07
3355,5,1,169,1011,278796,0,1.4669036537125e-07
3356,5,1,198,1073,302835,0,2.48969356812488e-08
3357,5,1,187,1060,368100,0,3.22016402859471e-08
3358,5,1,191,1053,360716,0,5.29747084474391e-08
3359,5,1,183,1079,520165,0,1.02096610254328e-08
3360,5,1,188,1107,449610,0,4.19546224411774e-08
3361,5,1,187,1087,575724,0,3.30249563180926e-08
3362,5,1,179,1076,576274,0,8.71144170304364e-08
3363,5,1,168,1107,671603,0,7.68228097296807e-08
3364,5,1,161,1098,570640,0,2.18764213392601e-08
3365,5,1,190,1071,606168,0,1.58471200280145e-08
3366,5,1,211,1051,682141,0,1.51590325445649e-08
3367,5,1,195,1114,532434,0,2.81433733808467e-08
3368,5,1,232,1083,651949,0,4.64458677444069e-08
3369,5,1,198,1092,888667,0,2.11119537327706e-08
3370,5,1,215,1118,932054,0,2.88199169202789e-08
3371,5,1,191,1088,842649,0,1.98729832239689e-08
3372,5,1,191,1108,736706,0,1.86150444950254e-08
3373,5,1,215,1062,657441,0,5.47897357033928e-09
3374,5,1,222,1057,599688,0,4.53109650391315e-08
3375,5,1,208,1056,645258,0,8.08485796046589e-08
3376,5,1,202,1137,498899,0,9.05708035592868e-08
3377,5,1,207,1133,549518,0,1.62435719899631e-08
3378,5,1,187,1112,563928,0,3.7669807484685e-07
3379,5,1,196,1123,592253,0,5.35351610948816e-08
3380,5,1,189,1117,416586,0,7.03640058788044e-09
3381,5,1,215,1141,430055,0,1.21651067282345e-07
3382,5,1,198,1117,481212,0,2.02641525042943e-08
3383,5,1,194,1109,461529,0,2.96308155079861e-09
3384,5,1,219,1094,457258,0,6.03590342664866e-08
3385,5,1,209,1123,464737,0,5.05319327016972e-08
3386,5,1,187,1100,454787,0,6.51695268290052e-08
3387,5,1,213,1112,649771,0,1.3565340003521e-07
3388,5,1,186,1148,453883,0,4.52146237694281e-08
3389,5,1,197,1106,350404,0,5.46498822466756e-08
3390,5,1,236,1112,272668,0,8.27923708128643e-08
3391,5,1,207,1086,313563,0,6.96826230337936e-08
3392,5,1,228,1079,325522,0,1.34485644607108e-08
3393,5,1,219,1044,361155,0,3.90277749527218e-09
3394,5,1,205,1094,263787,0,7.83972570097298e-08
3395,5,1,215,1072,258091,0,1.3555347653837e-07
3396,5,1,204,1063,319216,0,5.55507102932876e-08
3397,5,1,199,1060,238848,0,4.59691721466333e-09
3398,5,1,197,1070,216705,0,9.92470969898936e-09
3399,5,1,176,1089,215113,0,1.01648787633112e-08
3400,5,1,185,1082,209791,0,9.29390699526767e-09
3401,5,1,232,1079,209560,0,4.87533588481417e-08
3402,5,1,215,1119,204149,0,2.78374396216731e-08
3403,5,1,227,1074,217227,0,1.113150931939e-08
3404,5,1,193,1095,148422,0,3.84536673539591e-09
3405,5,1,221,1070,187818,0,1.35732750013965e-07
3406,5,1,231,1082,159269,0,6.89474548914297e-09
3407,5,1,246,1089,257262,0,1.01780214286457e-08
3408,5,1,233,1093,211927,0,1.36260544819474e-08
3409,5,1,191,1135,171043,0,1.45505321267577e-08
3410,5,1,184,1057,219799,0,5.07788640856491e-08
3411,5,1,192,1087,200037,0,6.61455525501024e-09
3412,5,1,210,1131,130806,0,4.73021529418421e-08
3413,5,1,205,1072,131986,0,2.67076676381831e-08
3414,5,1,224,1117,190140,0,4.7187327934072e-09
3415,5,1,258,1108,265609,0,1.12308097357568e-08
3416,5,1,222,1082,250023,0,8.05187726989705e-09
3417,5,1,241,1106,153325,0,6.01948247507554e-08
3418,5,1,203,1061,129573,0,1.53593501136092e-08
3419,5,1,216,1087,205674,0,1.8223344878055e-07
3420,5,1,201,1081,157857,0,6.23441654297201e-09
3421,5,1,195,1064,127694,0,2.74803698560488e-08
3422,5,1,179,1092,155593,0,3.72315544166992e-08
3423,5,1,205,1082,158375,0,7.63316036983668e-08
3424,5,1,200,1068,273777,0,9.23350493128303e-09
3425,5,1,199,1068,161640,0,3.94070950535882e-08
3426,5,1,206,1124,129811,0,1.25903645461611e-08
3427,5,1,217,1100,162374,0,5.93096551810301e-07
3428,5,1,197,1034,267080,0,3.63498749396143e-07
3429,5,1,209,1101,172421,0,1.09546217799398e-08
3430,5,1,228,1063,218906,0,5.6951090657915e-09
3431,5,1,193,1087,190861,0,3.76634629328109e-07
3432,5,1,192,1107,185524,0,3.95865096919621e-08
3433,5,1,223,1132,232274,0,8.87044471098611e-09
3434,5,1,188,1123,200566,0,1.03647065375511e-08
3435,5,1,205,1091,216456,0,1.62393682751877e-08
3436,5,1,214,1123,218898,0,4.47709917434745e-08
3437,5,1,200,1103,248698,0,3.49137401559105e-08
3438,5,1,197,1063,212450,0,1.15081189105757e-08
3439,5,1,179,1060,197559,0,4.18149194293537e-08
3440,5,1,192,1107,205490,0,2.34732805268743e-08
3441,5,1,188,1067,212415,0,3.49623953767459e-08
3442,5,1,172,1080,277974,0,1.49185987376959e-05
3443,5,1,210,1073,289114,0,2.37691734227597e-08
3444,5,1,166,1049,319792,0,9.78435081809078e-08
3445,5,1,198,1095,260182,0,6.58156953418566e-09
3446,5,1,183,1079,255049,0,1.34168060721328e-08
3447,5,1,191,1124,219491,0,6.09776010790364e-09
3448,5,1,202,1102,191859,0,6.37683229671807e-08
3449,5,1,185,1094,226993,0,2.02320857697702e-08
3450,5,1,192,1071,240170,0,9.19970449584756e-09
3451,5,1,187,1059,241050,0,5.91882374971177e-08
3452,5,1,187,1103,264115,0,2.58030713844024e-09
3453,5,1,201,1024,239186,0,4.59796619531404e-08
3454,5,1,190,1105,260179,0,1.38034346751208e-07
3455,5,1,204,1078,281138,0,8.20026617132708e-09
3456,5,1,234,1075,317225,0,2.19284359153367e-07
3457,5,1,220,1055,249359,0,7.59789940076381e-08
3458,5,1,202,1093,224054,0,2.43990211214665e-08
3459,5,1,220,1128,187146,0,1.1618821949332e-08
3460,5,1,198,1104,241012,0,1.06783254644538e-08
3461,5,1,198,1097,253691,0,4.3267366757623e-08
3462,5,1,160,1062,230323,0,6.16737646312709e-06
3463,5,1,184,1111,230970,0,9.23270029937842e-09
3464,5,1,203,1112,226458,0,7.98981197965801e-07
3465,5,1,203,1058,241467,0,4.66253264401948e-08
3466,5,1,172,1063,220565,0,2.01340049321716e-06
3467,5,1,217,1065,243270,0,2.01671851566739e-08
3468,5,1,203,1057,235425,0,1.16217828840997e-07
3469,5,1,193,1053,239169,0,1.88719740842135e-07
3470,5,1,213,1061,264523,0,2.24465793924795e-08
3471,5,1,193,1043,302128,0,7.12082611680956e-08
3472,5,1,197,1055,280038,0,3.61048987415129e-08
3473,5,1,191,1056,304629,0,2.82108874208573e-08
3474,5,1,205,1094,242198,0,1.22069441044103e-08
3475,5,1,162,1056,265104,0,4.2621012973872e-08
3476,5,1,167,1060,253639,0,2.19983411360614e-08
3477,5,1,181,1057,270487,0,7.7708623678477e-09
3478,5,1,217,1093,263608,0,1.19422141400144e-08
3479,5,1,189,1064,175042,0,6.78927668440568e-09
3480,5,1,192,1120,169380,0,1.18269675399236e-08
3481,5,1,210,1093,157305,0,3.02413246424032e-09
3482,5,1,229,1057,227105,0,2.51542932057313e-06
3483,5,1,173,1093,171723,0,4.34325554940156e-09
3484,5,1,204,1051,164738,0,1.18828218686526e-08
3485,5,1,181,1073,150924,0,2.42998827856163e-08
3486,5,1,202,1051,195855,0,2.31758764902029e-08
3487,5,1,241,1067,245824,0,4.07576992677208e-09
3488,5,1,217,1075,264818,0,1.11677730621761e-08
3489,5,1,217,1116,194082,0,4.09803161646532e-09
3490,5,1,210,1087,222239,0,1.57929806999654e-08
3491,5,1,214,1018,209922,0,3.60864372616281e-08
3492,5,1,195,1077,185420,0,4.27682702487923e-09
3493,5,1,213,1027,145430,0,9.0014528963974e-09
3494,5,1,212,1126,169855,0,4.16763435251607e-08
3495,5,1,207,1057,142653,0,4.80103792211474e-08
3496,5,1,226,1119,150791,0,5.41952719534125e-08
3497,5,1,205,1111,136720,0,4.52844863296795e-08
3498,5,1,214,1060,159468,0,3.68389548657952e-08
3499,5,1,216,1087,142660,0,1.21692802013864e-08
3500,5,1,201,1132,149236,0,1.05633420084565e-07
3501,5,1,208,1110,149969,0,3.11578010004319e-08
3502,5,1,224,1029,167539,0,5.1590293121863e-08
3503,5,1,222,1081,127205,0,4.48327619867385e-08
3504,5,1,215,1057,144735,0,1.8118209151332e-08
3505,5,1,196,1119,137016,0,1.56236939763475e-07
3506,5,1,205,1037,151175,0,7.92512849525159e-09
3507,5,1,198,1054,165358,0,7.96942164857949e-09
3508,5,1,224,1119,153072,0,6.39473795690289e-08
3509,5,1,208,1069,152621,0,2.23509942080339e-09
3510,5,1,209,1141,133800,0,1.32078171745718e-07
3511,5,1,188,1103,122342,0,5.01811118076403e-08
3512,5,1,179,1147,122096,0,1.15881019777337e-08
3513,5,1,183,1121,125389,0,8.06673458940298e-08
3514,5,1,223,1119,122737,0,7.68901178428833e-09
3515,5,1,242,1105,165914,0,3.25337816274458e-08
3516,5,1,224,1111,137803,0,7.54194483186698e-09
3517,5,1,206,1049,153038,0,7.17451080373038e-09
3518,5,1,241,1117,141363,0,6.85446638782299e-07
3519,5,1,216,1066,144647,0,1.93919791736908e-08
3520,5,1,196,1088,120307,0,2.74080716103741e-08
3521,5,1,229,1135,98463,0,9.61872177710756e-08
3522,5,1,216,1080,130205,0,1.25383160487464e-07
3523,5,1,226,1109,140344,0,1.65716005173048e-07
3524,5,1,217,1098,181637,0,3.86217221756107e-08
3525,5,1,208,1090,207559,0,3.68170499073643e-09
3526,5,1,214,1102,140431,0,1.41382528588392e-08
3527,5,1,215,1106,141953,0,7.10886750420852e-09
3528,5,1,210,1113,156417,0,3.212655513519e-07
3529,5,1,219,1075,154829,0,1.11503108647752e-06
3530,5,1,228,1109,126573,0,8.99293322344356e-09
3531,5,1,209,1094,149769,0,3.13769122745688e-08
3532,5,1,212,1138,134817,0,4.6973380981098e-08
3533,5,1,181,1140,145897,0,5.15639699510573e-08
3534,5,1,192,1106,139840,0,9.76673143275198e-08
3535,5,1,209,1098,143883,0,4.02888861377809e-08
3536,5,1,163,1079,178813,0,1.93885677105006e-08
3537,5,1,216,1108,154946,0,1.11913154841402e-08
3538,5,1,208,1150,205315,0,2.40551062815747e-08
3539,5,1,188,1094,160649,0,3.88073720054101e-09
3540,5,1,227,1071,166618,0,4.15409371822289e-08
3541,5,1,233,1131,225970,0,1.02469341323268e-08
3542,5,1,198,1089,225935,0,1.44331350656596e-08
3543,5,1,198,1106,192953,0,3.14815982660398e-08
3544,5,1,177,1094,220847,0,5.10609202774708e-07
3545,5,1,195,1087,303562,0,4.53859900428542e-07
3546,5,1,199,1057,425164,0,4.74988650237735e-08
3547,5,1,219,1082,249228,0,8.44982435948388e-08
3548,5,1,178,1125,211868,0,2.20855558575644e-08
3549,5,1,214,1114,235666,0,2.0368355035343e-09
3550,5,1,208,1067,233990,0,1.04936212202552e-07
3551,5,1,209,1068,241176,0,2.14539106818229e-08
3552,5,1,220,1093,239694,0,7.21616625799715e-09
3553,5,1,221,1083,264635,0,2.24972159787113e-07
3554,5,1,197,1128,277445,0,2.65897320411567e-08
3555,5,1,181,1092,305801,0,1.00657355830632e-08
3556,5,1,186,1093,250978,0,8.63782944761258e-08
3557,5,1,196,1123,290623,0,1.92596073212893e-08
3558,5,1,201,1126,179336,0,2.87452423861855e-08
3559,5,1,205,1134,207439,0,3.86646050219451e-06
3560,5,1,193,1086,250515,0,4.2514162545261e-08
3561,5,1,191,1158,353276,0,4.87352709012436e-09
3562,5,1,215,1096,319999,0,3.22728438246764e-08
3563,5,1,173,1074,235411,0,1.3424273990114e-08
3564,5,1,222,1102,289853,0,3.06111061125524e-08
3565,5,1,229,1072,248292,0,5.85994608613754e-09
3566,5,1,223,1087,327993,0,1.25469574330576e-08
3567,5,1,201,1119,283385,0,5.36878877367558e-09
3568,5,1,210,1134,292176,0,2.88974186511481e-09
3569,5,1,194,1046,357672,0,2.45229874899938e-08
3570,5,1,188,1150,231099,0,3.2820341179363e-08
3571,5,1,194,1082,289976,0,8.58406600289388e-09
3572,5,1,206,1125,305412,0,1.34737063333941e-07
3573,5,1,229,1128,257503,0,1.92410727336975e-06
3574,5,1,185,1085,263559,0,2.85878632555775e-08
3575,5,1,224,1073,305495,0,7.71974393870437e-09
3576,5,1,200,1092,290174,0,2.25285253087522e-08
3577,5,1,208,1051,245245,0,4.02752963113060e-09
3578,5,1,214,1131,208504,0,2.44377975293976e-08
3579,5,1,215,1073,220848,0,5.0126690677732e-08
3580,5,1,210,1130,190064,0,1.65356128033977e-06
3581,5,1,200,1057,241886,0,1.86112886827943e-08
3582,5,1,209,1110,187543,0,4.76588846631876e-09
3583,5,1,189,1108,178101,0,1.67400642829665e-06
3584,5,1,181,1090,247286,0,7.04527600878527e-08
3585,5,1,221,1134,243400,0,1.20088284400237e-08
3586,5,1,233,1056,220873,0,2.23351042435346e-08
3587,5,1,239,1064,210858,0,2.73636327423631e-08
3588,5,1,210,1074,226748,0,2.64649929626709e-08
3589,5,1,217,1072,212691,0,7.23997194411793e-08
3590,5,1,209,1079,201640,0,6.53291553940051e-09
3591,5,1,237,1088,186097,0,1.15854826960334e-07
3592,5,1,200,1120,159420,0,2.18500538468308e-08
3593,5,1,176,1040,271465,0,2.97388326258925e-08
3594,5,1,230,1082,191637,0,2.80415953017081e-08
3595,5,1,196,1101,270072,0,4.68057969779342e-08
3596,5,1,193,1112,218043,0,4.60373339189269e-09
3597,5,1,191,1074,151177,0,3.1028863861146e-08
3598,5,1,176,1091,149556,0,3.78348357889095e-08
3599,5,1,178,1056,135223,0,1.99262776123404e-08
3600,5,1,168,1055,134718,0,5.67722077098424e-08
3601,5,1,205,1080,134557,0,1.98467615698742e-08
3602,5,1,198,1089,212685,0,1.10422375215152e-08
3603,5,1,203,1114,320483,0,2.09183550243149e-09
3604,5,1,213,1095,183931,0,1.55706351026055e-08
3605,5,1,200,1087,140387,0,4.05903082172443e-08
3606,5,1,173,1095,114469,0,8.77734311725039e-08
3607,5,1,166,1066,138380,0,1.6612226148934e-08
3608,5,1,154,1081,155795,0,1.51452678857963e-08
3609,5,1,168,1104,146584,0,1.94774338169587e-08
3610,5,1,172,1119,131687,0,3.36450562823325e-08
3611,5,1,170,1063,145542,0,2.42043489612247e-09
3612,5,1,211,1081,158124,0,4.32662200683772e-08
3613,5,1,171,1147,172590,0,3.74598450506672e-09
3614,5,1,224,1143,152240,0,3.00875017198801e-08
3615,5,1,214,1049,159891,0,3.12366764971017e-08
3616,5,1,237,1102,185258,0,5.96605069460802e-07
3617,5,1,240,1092,111675,0,4.97861408793554e-09
3618,5,1,238,1042,142619,0,8.7948852900129e-08
3619,5,1,172,1116,168556,0,7.74943509712041e-09
3620,5,1,202,1121,126484,0,2.66495556317348e-08
3621,5,1,218,1087,121302,0,1.22132767041144e-08
3622,5,1,216,1096,136828,0,2.29566375680425e-08
3623,5,1,211,1066,147567,0,1.10572084738998e-07
3624,5,1,209,1051,190766,0,1.1399050740243e-08
3625,5,1,202,1102,144485,0,4.07411239700185e-09
3626,5,1,221,1090,186459,0,2.77799958530977e-09
3627,5,1,230,1118,181766,0,1.7610250977842e-08
3628,5,1,191,1102,125449,0,1.89517639098752e-09
3629,5,1,261,1102,147974,0,1.53012304922043e-08
3630,5,1,204,1089,152902,0,5.47840927636649e-08
3631,5,1,197,1047,175113,0,7.39431976850573e-09
3632,5,1,211,1105,158499,0,1.33674919537271e-08
3633,5,1,194,1068,162441,0,2.66737182826458e-08
3634,5,1,186,1072,134036,0,1.09029121876279e-08
3635,5,1,193,1060,134014,0,2.17065408732733e-08
3636,5,1,170,1097,115407,0,3.5505213515259e-08
3637,5,1,197,1076,144605,0,5.05166926437027e-08
3638,5,1,227,1102,121333,0,2.4577594628365e-08
3639,5,1,253,1078,129424,0,2.4571642818049e-07
3640,5,1,224,1107,167698,0,6.65976217921828e-09
3641,5,1,212,1082,167338,0,1.4501717966647e-08
3642,5,1,202,1087,155396,0,1.55284304534711e-08
3643,5,1,243,1113,140060,0,1.80188122305543e-07
3644,5,1,186,1114,186490,0,3.28456933093399e-08
3645,5,1,220,1131,134189,0,2.38933727598901e-07
3646,5,1,223,1114,157121,0,1.01202711517489e-08
3647,5,1,228,1103,145804,0,1.27366241935522e-08
3648,5,1,212,1081,142374,0,1.11100696779114e-08
3649,5,1,207,1094,160990,0,1.38352775626021e-08
3650,5,1,218,1111,155665,0,2.20162645774621e-08
3651,5,1,203,1128,149390,0,1.00200266637143e-07
3652,5,1,204,1098,126694,0,3.02086686259975e-09
3653,5,1,183,1053,163034,0,2.89388936733993e-07
3654,5,1,213,1093,160938,0,1.55681211482411e-08
3655,5,1,236,1075,199056,0,6.96735051480882e-08
3656,5,1,231,1063,155610,0,4.39959225524235e-08
3657,5,1,208,1087,167711,0,2.57979789740933e-08
3658,5,1,235,1076,153182,0,4.22596096801575e-09
3659,5,1,190,1059,164988,0,2.28655437571291e-08
3660,5,1,224,1080,177601,0,3.35637904662875e-09
3661,5,1,233,1100,241375,0,6.75459162744664e-09
3662,5,1,210,1049,200977,0,3.1081796609199e-08
3663,5,1,242,1085,224518,0,1.51775002941488e-08
3664,5,1,234,1065,210917,0,7.68653934002646e-09
3665,5,1,238,1081,188843,0,3.76413459022483e-07
3666,5,1,232,1005,221308,0,2.74892890379441e-07
3667,5,1,242,1104,214319,0,1.82146704847209e-08
3668,5,1,251,1092,255726,0,5.62869364945571e-08
3669,5,1,229,1062,226764,0,6.37019768627521e-06
3670,5,1,223,1061,211080,0,6.46481919367258e-08
3671,5,1,194,1071,170819,0,1.89147169696926e-07
3672,5,1,239,1081,219237,0,1.14054018445849e-08
3673,5,1,254,1051,237087,0,2.51688563374107e-07
3674,5,1,238,1116,180244,0,3.87703374641334e-08
3675,5,1,241,1154,175736,0,2.08999946792802e-08
3676,5,1,270,1113,243161,0,4.65984290150765e-09
3677,5,1,242,1106,330451,0,2.55125695727652e-08
3678,5,1,215,1130,249465,0,1.61008883112328e-08
3679,5,1,223,1152,277605,0,7.82217311811754e-09
3680,5,1,250,1110,448845,0,1.0712115307644e-07
3681,5,1,178,1057,486275,0,5.03223422835467e-08
3682,5,1,210,1065,325376,0,5.38191500925089e-08
3683,5,1,223,1114,335893,0,3.84622043794639e-09
3684,5,1,224,1019,310313,0,1.92164174720197e-08
3685,5,1,235,1078,259899,0,5.01037650114781e-08
3686,5,1,209,1061,276210,0,6.9940177229564e-08
3687,5,1,203,1049,375795,0,5.95989116787105e-09
3688,5,1,201,1051,399618,0,1.8006260028396e-08
3689,5,1,221,1073,303167,0,1.45292088082436e-08
3690,5,1,248,1036,363627,0,5.99140793759971e-09
3691,5,1,190,1073,260143,0,1.96886238332797e-07
3692,5,1,219,1050,192015,0,6.74268233388328e-08
3693,5,1,239,1115,224186,0,5.84153714598839e-08
3694,5,1,217,1111,217739,0,1.44884835035172e-08
3695,5,1,222,1044,254317,0,7.49504210842333e-09
3696,5,1,218,1079,272707,0,1.00308950361715e-08
3697,5,1,207,1068,277708,0,4.8382670040623e-08
3698,5,1,206,1105,228511,0,1.35673192524404e-08
3699,5,1,217,1098,202712,0,1.0813929379527e-08
3700,5,1,203,1078,209257,0,8.70045048473539e-09
3701,5,1,189,1079,198034,0,1.70234775922538e-08
3702,5,1,214,1084,208987,0,1.10940770536146e-08
3703,5,1,214,1094,194283,0,1.51734418880192e-08
3704,5,1,240,1071,209091,0,7.40433977722079e-09
3705,5,1,215,1119,237380,0,1.41000528988135e-07
3706,5,1,234,1123,300191,0,5.82459193667169e-08
3707,5,1,197,1092,237364,0,4.92355930639018e-08
3708,5,1,271,1119,226271,0,4.02091481515664e-08
3709,5,1,218,1145,216418,0,2.11583969795508e-06
3710,5,1,214,1094,189690,0,7.74322945743778e-08
3711,5,1,221,1089,245832,0,4.09485717172603e-07
3712,5,1,243,1098,278054,0,4.73228665303839e-09
3713,5,1,201,1136,254242,0,3.05932698468457e-09
3714,5,1,215,1154,168263,0,1.80222034238186e-06
3715,5,1,194,1071,128267,0,8.85507000931404e-08
3716,5,1,234,1122,182624,0,4.77084603490877e-08
3717,5,1,258,1110,200173,0,5.77948154389622e-08
3718,5,1,228,1081,155264,0,3.03871010294767e-08
3719,5,1,205,1110,137931,0,1.24733303577451e-08
3720,5,1,235,1099,124953,0,5.61570494296148e-07
3721,5,1,195,1131,115388,0,9.81742299666912e-07
3722,5,1,200,1107,131993,0,1.35683303081184e-08
3723,5,1,243,1102,156266,0,1.41831146928597e-07
3724,5,1,236,1084,177943,0,3.74626402773349e-08
3725,5,1,189,1038,133381,0,1.33881620695263e-07
3726,5,1,263,1101,243813,0,1.21592175900679e-07
3727,5,1,235,1085,184873,0,2.53505916055755e-08
3728,5,1,212,1110,200976,0,2.00368061016731e-08
3729,5,1,206,1112,203529,0,1.23206507745859e-08
3730,5,1,187,1038,194950,0,1.33621378312699e-06
3731,5,1,219,1081,201291,0,1.22201140331341e-08
3732,5,1,216,1097,190995,0,5.32849193935115e-08
3733,5,1,199,1076,252155,0,1.80141365749391e-08
3734,5,1,189,1055,248137,0,2.34183023176145e-08
3735,5,1,193,1097,202251,0,2.93679378186749e-08
3736,5,1,201,1085,193045,0,1.03843135635306e-08
3737,5,1,182,1072,208358,0,1.64115746538824e-08
3738,5,1,213,1062,170077,0,2.25086440927924e-08
3739,5,1,197,1089,145971,0,2.02304215128305e-08
3740,5,1,214,1065,171339,0,1.31743851642793e-08
3741,5,1,195,1040,180027,0,6.00294175035253e-08
3742,5,1,215,1049,328690,0,1.95505490167789e-08
3743,5,1,235,1055,201079,0,8.55460049018757e-09
3744,5,1,178,988,197611,0,4.05845985368271e-09
3745,5,1,188,1059,229725,0,1.1099104827274e-07
3746,5,1,227,1057,176982,0,2.7702916222421e-08
3747,5,1,206,1053,198143,0,6.10589364517872e-08
3748,5,1,239,1064,268764,0,6.122437018689e-08
3749,5,1,234,1106,252213,0,1.69252633947236e-08
3750,5,1,202,1048,263256,0,1.90595795450222e-08
3751,5,1,210,1080,226758,0,1.8379555954937e-08
3752,5,1,205,1021,224179,0,1.33890202693525e-08
3753,5,1,229,1050,230401,0,1.14861574348353e-08
3754,5,1,232,1037,281502,0,5.20854642021696e-08
3755,5,1,225,1074,342762,0,3.063146926898e-08
3756,5,1,195,1066,207189,0,1.06311360225734e-08
3757,5,1,203,1081,331542,0,2.77053455296852e-08
3758,5,1,217,1085,268406,0,3.58179832879126e-08
3759,5,1,228,1086,224948,0,1.38162378456768e-08
3760,5,1,210,1017,228788,0,1.66089707126884e-08
3761,5,1,211,1071,202667,0,8.07485925996732e-07
3762,5,1,216,1070,207302,0,1.14952201073919e-08
3763,5,1,229,1031,173185,0,1.56544524731666e-07
3764,5,1,205,1066,153394,0,4.37853659947823e-09
3765,5,1,190,1031,302618,0,4.83275775608054e-09
3766,5,1,189,994,329248,0,2.98533367972478e-08
3767,5,1,228,1056,185800,0,4.55595397974766e-09
3768,5,1,238,1011,183221,0,3.11768112000168e-08
3769,5,1,208,1090,255689,0,1.15463463147336e-07
3770,5,1,228,1049,237452,0,4.3415560774968e-09
3771,5,1,231,1106,222067,0,9.70386051342455e-08
3772,5,1,208,1088,232376,0,1.48636484896349e-09
3773,5,1,220,1069,199337,0,3.4213345137263e-09
3774,5,1,214,1090,210448,0,1.19430307643032e-08
3775,5,1,227,1093,235219,0,4.77236414995056e-08
3776,5,1,222,1057,278236,0,3.87408461023907e-08
3777,5,1,217,1085,198771,0,3.30279256284248e-08
3778,5,1,236,1070,176809,0,7.95713021638674e-09
3779,5,1,232,1140,216648,0,3.19000398939068e-09
3780,5,1,201,1096,241232,0,4.59083132953202e-08
3781,5,1,236,1124,284718,0,2.57077563104293e-09
3782,5,1,232,1108,318447,0,8.19795546932322e-07
3783,5,1,221,1049,257496,0,3.19672493455654e-08
3784,5,1,226,1033,191443,0,8.90458470552369e-09
3785,5,1,190,1092,216365,0,1.97807808889544e-08
3786,5,1,195,1049,227986,0,1.62118349917454e-08
3787,5,1,217,1084,233969,0,2.06608369004985e-08
3788,5,1,216,1089,216009,0,3.70241303492587e-08
3789,5,1,191,1128,207705,0,5.19444449360569e-09
3790,5,1,202,1076,216683,0,3.86293187542976e-07
3791,5,1,207,1086,309921,0,4.42730814468889e-09
3792,5,1,201,1064,251567,0,1.79875788207068e-08
3793,5,1,163,1068,277794,0,1.31897633585347e-08
3794,5,1,181,1114,305370,0,5.63171639281577e-09
3795,5,1,172,1085,270539,0,4.97197646472223e-07
3796,5,1,220,1109,377224,0,5.1039655695038e-09
3797,5,1,189,1124,310202,0,6.15188235072192e-08
3798,5,1,183,1100,305741,0,1.48227853089944e-08
3799,5,1,188,1091,296150,0,2.568703098037e-08
3800,5,1,211,1028,208115,0,1.44428188933716e-07
3801,5,1,175,1082,195129,0,2.88004976903195e-08
3802,5,1,194,1102,198259,0,2.91385354968528e-06
3803,5,1,194,1045,172215,0,9.88631803982477e-08
3804,5,1,203,1078,220591,0,1.1010306670015e-08
3805,5,1,208,1054,191785,0,4.63993476514463e-08
3806,5,1,239,1110,166851,0,2.53208426104325e-08
3807,5,1,251,1089,214529,0,2.80493625119035e-08
3808,5,1,224,1076,195542,0,1.07599874283882e-08
3809,5,1,244,1107,273722,0,7.32254185680235e-08
3810,5,1,232,1091,350105,0,5.65875825805748e-08
3811,5,1,217,1119,243238,0,4.43163755319681e-09
3812,5,1,212,1129,163570,0,1.40025608641316e-08
3813,5,1,238,1115,149058,0,2.08074417992775e-08
3814,5,1,223,1151,174106,0,3.87153681543325e-09
3815,5,1,244,1130,194549,0,7.76836030952885e-09
3816,5,1,219,1102,246363,0,1.64637151259725e-08
3817,5,1,217,1065,203178,0,9.47609717656566e-08
3818,5,1,211,1086,354306,0,4.49586290965873e-09
3819,5,1,216,1023,480952,0,4.58096541183501e-08
3820,5,1,211,1056,313042,0,3.64894902194507e-08
3821,5,1,188,1107,224400,0,5.51304316450388e-08
3822,5,1,242,1069,291953,0,1.71179276998037e-08
3823,5,1,215,1063,244020,0,3.3354430025616e-09
3824,5,1,227,1083,256652,0,8.08303527265376e-07
3825,5,1,228,1071,228690,0,1.01609531417556e-07
3826,5,1,251,1102,269201,0,5.71780695157509e-09
3827,5,1,240,1133,189414,0,3.40887324730929e-08
3828,5,1,257,1071,183165,0,6.12942848932023e-07
3829,5,1,238,1100,170850,0,1.52887067415649e-08
3830,5,1,229,1067,168802,0,1.10919459407072e-08
3831,5,1,210,1143,141847,0,1.47662651979159e-08
3832,5,1,212,1076,156326,0,2.78157501295427e-08
3833,5,1,247,1095,172963,0,5.95824949651406e-09
3834,5,1,238,1096,200566,0,1.74580271377125e-08
3835,5,1,213,1091,179265,0,9.07368616783137e-09
3836,5,1,218,1082,175074,0,3.10577428364574e-08
3837,5,1,237,1114,182527,0,3.35899737956157e-09
3838,5,1,227,1098,127008,0,4.3969492795391e-08
3839,5,1,217,1150,136979,0,7.42320754559943e-08
3840,5,1,211,1134,224691,0,2.40986246706064e-08
3841,5,1,251,1117,261374,0,6.12740042417455e-08
3842,5,1,222,1112,197385,0,8.41880411343783e-09
3843,5,1,249,1063,202170,0,5.08500739727689e-07
3844,5,1,223,1094,282144,0,1.15668832398885e-08
3845,5,1,224,1116,237718,0,4.92311227785029e-08
3846,5,1,236,1119,158257,0,3.17813810899407e-08
3847,5,1,228,1142,239744,0,6.45835049715574e-08
3848,5,1,253,1066,192149,0,1.63403353811055e-07
3849,5,1,231,1103,202129,0,4.67309510666081e-09
3850,5,1,237,1081,155046,0,3.55022902554925e-08
3851,5,1,247,1089,159100,0,2.50605431859817e-08
3852,5,1,239,1073,153716,0,2.38661516324879e-08
3853,5,1,194,1079,160329,0,4.92894731123e-09
3854,5,1,208,1098,115223,0,4.69140940903788e-09
3855,5,1,211,1100,136634,0,1.25882884067646e-08
3856,5,1,207,1074,185473,0,5.68896231302534e-08
3857,5,1,251,1056,221244,0,4.84126947097397e-08
3858,5,1,180,1076,159001,0,1.32845897250928e-08
3859,5,1,164,1072,186731,0,1.84471077178578e-08
3860,5,1,207,1142,201511,0,3.07450212652241e-08
3861,5,1,186,1099,240109,0,1.81560179949025e-09
3862,5,1,169,1069,270231,0,3.46752398834212e-08
3863,5,1,211,1054,340664,0,3.41536687984961e-08
3864,5,1,218,1040,516924,0,3.29736998066175e-08
3865,5,1,186,998,360552,0,2.17499253103825e-08
3866,5,1,222,1066,270142,0,2.16370749892716e-09
3867,5,1,196,1107,242966,0,3.26085983843934e-08
3868,5,1,183,1066,230302,0,2.10208947898325e-08
3869,5,1,205,1088,200797,0,1.2586913009497e-08
3870,5,1,232,1089,232679,0,1.61897230208119e-08
3871,5,1,200,1090,240398,0,4.91985311303472e-08
3872,5,1,227,1104,199093,0,1.09885581098388e-08
3873,5,1,237,1091,261076,0,5.95313195646542e-08
3874,5,1,232,1088,366143,0,2.99880028516773e-08
3875,5,1,231,1114,242276,0,2.8855822694264e-08
3876,5,1,200,1131,180051,0,2.76188365881168e-08
3877,5,1,216,1080,180500,0,4.07447255138411e-09
3878,5,1,222,1128,235966,0,1.47570058120481e-08
3879,5,1,224,1075,229550,0,1.0906706011137e-08
3880,5,1,212,1063,215796,0,1.21834342424361e-08
3881,5,1,195,1058,170905,0,1.8491606243131e-08
3882,5,1,207,1098,181766,0,4.33307102887775e-08
3883,5,1,263,1070,156779,0,6.5891438298369e-09
3884,5,1,199,1098,183496,0,4.64955536912997e-09
3885,5,1,226,1070,244125,0,3.90247909258826e-07
3886,5,1,231,1087,255085,0,1.68743964038147e-08
3887,5,1,225,1094,251420,0,1.91875400972295e-08
3888,5,1,254,1054,233524,0,5.46446024613583e-07
3889,5,1,269,1101,321138,0,1.54065672372527e-08
3890,5,1,228,1081,343346,0,1.17351415010858e-07
3891,5,1,199,1104,298489,0,1.33223748788814e-08
3892,5,1,201,1106,251374,0,1.9020853123554e-08
3893,5,1,211,1097,202356,0,6.64460292122281e-09
3894,5,1,241,1082,344049,0,2.11684500557599e-08
3895,5,1,248,1113,176369,0,1.5990415766335e-07
3896,5,1,236,1161,165881,0,2.20397264139036e-08
3897,5,1,237,1118,203614,0,1.89018796992705e-08
3898,5,1,232,1103,309888,0,2.79497555093997e-08
3899,5,1,189,1084,212429,0,6.94698643052852e-09
3900,5,1,210,1085,319259,0,1.69094394137017e-05
3901,5,1,174,1090,211569,0,2.8088642186011e-09
3902,5,1,211,1133,169859,0,6.99921913590002e-09
3903,5,1,168,1067,210433,0,8.94216406482252e-09
3904,5,1,201,1098,278064,0,2.22739127814783e-08
3905,5,1,206,1118,228178,0,4.28153817514265e-08
3906,5,1,221,1102,282233,0,1.01334337139725e-07
3907,5,1,227,1063,309800,0,1.08351998230303e-07
3908,5,1,192,1112,247479,0,2.57222685696854e-08
3909,5,1,209,1082,194707,0,3.04248938263264e-09
3910,5,1,206,1080,183237,0,1.2941634617836e-08
3911,5,1,253,1099,269771,0,5.29378701408475e-09
3912,5,1,199,1099,219554,0,4.23442334055764e-08
3913,5,1,223,1104,218716,0,2.12504180289701e-08
3914,5,1,213,1121,186196,0,1.37117244260686e-07
3915,5,1,207,1063,200782,0,2.9437226566013e-08
3916,5,1,224,1073,209855,0,6.36369066478028e-09
3917,5,1,230,1077,204300,0,4.3405905429539e-08
3918,5,1,216,1101,235526,0,1.87596905090043e-09
3919,5,1,228,1101,238099,0,3.02533966613465e-08
3920,5,1,210,1090,290489,0,5.60055132380802e-08
3921,5,1,191,1097,248226,0,2.55933866945203e-08
3922,5,1,228,1119,327853,0,4.33983691295083e-09
3923,5,1,198,1110,249715,0,1.45588440824044e-07
3924,5,1,197,1121,215010,0,7.91267208270711e-08
3925,5,1,191,1128,207713,0,5.11792230871236e-09
3926,5,1,212,1070,308298,0,7.65390993935247e-08
3927,5,1,228,1092,401189,0,9.48823997025416e-08
3928,5,1,206,1111,328559,0,1.40126817940835e-07
3929,5,1,170,1076,245426,0,1.30104177586037e-08
3930,5,1,193,1091,177960,0,4.74810795567139e-09
3931,5,1,180,1097,195441,0,6.48731866179886e-09
3932,5,1,188,1095,421687,0,3.34960249718022e-09
3933,5,1,239,1097,414464,0,2.60242504782857e-07
3934,5,1,204,1087,271733,0,5.50760914379528e-08
3935,5,1,182,1083,252643,0,3.05286298452604e-08
3936,5,1,195,1106,281980,0,1.41198519907715e-08
3937,5,1,209,1107,272002,0,1.25466369547167e-05
3938,5,1,215,1080,233365,0,1.81354425932783e-08
3939,5,1,222,1057,246619,0,1.77400885136645e-08
3940,5,1,247,1136,187227,0,7.65868281865276e-09
3941,5,1,248,1078,370616,0,6.10672225063243e-08
3942,5,1,222,1110,378588,0,9.19076069065172e-08
3943,5,1,233,1129,353907,0,1.34709298597423e-08
3944,5,1,201,1091,287153,0,4.28005920582633e-08
3945,5,1,219,1099,303558,0,1.01791415883696e-08
3946,5,1,223,1079,488518,0,2.96148538906475e-08
3947,5,1,216,1099,334943,0,2.38651455052005e-07
3948,5,1,252,1108,316492,0,5.43111848322479e-08
3949,5,1,246,1125,322375,0,1.56307965572842e-07
3950,5,1,202,1085,421431,0,9.98431122008668e-09
3951,5,1,210,1100,318954,0,8.5675302885792e-09
3952,5,1,205,1036,334676,0,1.24116665874008e-08
3953,5,1,209,1101,267451,0,3.31836952883524e-09
3954,5,1,185,1048,309549,0,4.63611863743623e-08
3955,5,1,222,1055,305680,0,8.46333296871564e-08
3956,5,1,192,1112,237037,0,1.10732173750549e-07
3957,5,1,224,1070,348381,0,8.62064924864586e-09
3958,5,1,198,1098,349617,0,2.62079727373494e-09
3959,5,1,204,1042,393778,0,1.06413054124811e-08
3960,5,1,199,1048,321024,0,7.34630095363301e-08
3961,5,1,203,1068,264044,0,1.04927897765144e-07
3962,5,1,226,1072,272914,0,1.48308020894894e-08
3963,5,1,191,1080,270641,0,1.12456272719748e-08
3964,5,1,207,1064,224088,0,4.01377298224549e-08
3965,5,1,214,1054,237336,0,4.92114813766316e-08
3966,5,1,220,1074,217505,0,2.84171825058029e-08
3967,5,1,227,1115,354234,0,6.15985418190339e-09
3968,5,1,184,1062,215848,0,1.46713942455533e-08
3969,5,1,195,1084,195656,0,1.28067767924791e-08
3970,5,1,208,1061,175032,0,1.01035042778863e-07
3971,5,1,212,1097,172897,0,1.20323170168715e-08
3972,5,1,172,1100,216822,0,8.4364553227591e-09
3973,5,1,210,1055,232962,0,3.8785208409601e-08
3974,5,1,176,1070,194177,0,1.30214618989103e-07
3975,5,1,215,1100,233617,0,8.70138794083233e-08
3976,5,1,211,1107,340987,0,3.74717839321171e-08
3977,5,1,210,1053,281023,0,6.5181721783629e-08
3978,5,1,252,1085,378326,0,4.59275657858552e-09
3979,5,1,214,997,548590,0,1.89350398006408e-08
3980,5,1,214,1053,508373,0,3.21216841840509e-09
3981,5,1,185,1038,341128,0,1.1280006125015e-06
3982,5,1,184,1063,327691,0,1.52904805167584e-08
3983,5,1,205,963,389886,0,4.71299757856493e-09
3984,5,1,201,1039,325073,0,5.7378614702135e-09
3985,5,1,196,1049,379317,0,2.28391367163961e-08
3986,5,1,188,1034,481484,0,2.25034002738422e-09
3987,5,1,188,1028,487852,0,4.23360332861586e-09
3988,5,1,162,1082,380044,0,1.27919183490821e-08
3989,5,1,197,1041,383413,0,2.37896524902285e-07
3990,5,1,200,1054,327553,0,3.98364489937704e-08
3991,5,1,206,1062,391799,0,2.97227987358392e-08
3992,5,1,236,1046,286429,0,1.40700508144824e-08
3993,5,1,240,1111,205864,0,9.80440550416815e-09
3994,5,1,196,1055,220693,0,1.21502501102703e-08
3995,5,1,211,1084,227186,0,6.94116541021195e-09
3996,5,1,223,1062,232364,0,1.51201973771023e-08
3997,5,1,219,1098,197301,0,4.00698101637201e-09
3998,5,1,218,1062,296863,0,1.24780618651182e-08
3999,5,1,183,1054,238286,0,2.73592177069085e-08
4000,5,1,195,993,424001,0,1.67227305655976e-08
4001,5,1,220,1056,342099,0,1.97906029336689e-08
4002,5,1,214,1106,241736,0,5.36769740155917e-09
4003,5,1,232,1086,267500,0,6.2231822547852e-09
4004,5,1,210,1128,278684,0,4.56176711216157e-08
4005,5,1,224,1056,243861,0,4.37353172108928e-09
4006,5,1,193,1109,271666,0,4.56937492275706e-09
4007,5,1,224,1092,350793,0,4.91972446262664e-08
4008,5,1,218,1097,337610,0,1.42532999650537e-07
4009,5,1,192,1045,323930,0,1.16238666529191e-08
4010,5,1,214,1064,361313,0,4.47957033830765e-08
4011,5,1,208,1080,297387,0,8.13700862893054e-09
4012,5,1,236,1098,339011,0,3.58473730524143e-08
4013,5,1,236,1098,249500,0,4.64981116164244e-08
4014,5,1,210,1057,264024,0,1.38291935092364e-07
4015,5,1,206,1127,267142,0,2.28769078348177e-09
4016,5,1,243,1094,323049,0,4.13294045226776e-08
4017,5,1,213,1099,293638,0,8.2701892304697e-09
4018,5,1,204,1081,267547,0,5.21980885964816e-08
4019,5,1,209,1096,306811,0,1.56550903680246e-06
4020,5,1,207,1032,435945,0,2.49589706498387e-08
4021,5,1,236,1055,338142,0,3.20200698168506e-08
4022,5,1,235,1083,402331,0,2.41605329998574e-08
4023,5,1,224,1038,575627,0,2.32039647755989e-09
4024,5,1,216,1062,410385,0,2.71080862300473e-08
4025,5,1,225,1052,383694,0,8.09574066658688e-08
4026,5,1,195,1048,405674,0,7.6942033361058e-08
4027,5,1,233,1067,439097,0,1.93807779901956e-08
4028,5,1,236,1086,383682,0,1.16493318569798e-08
4029,5,1,169,1055,312416,0,5.18967079060334e-09
4030,5,1,180,1075,290618,0,5.04277367248868e-08
4031,5,1,187,1020,311488,0,5.13206896941983e-08
4032,5,1,193,1064,326191,0,2.38547027317217e-08
4033,5,1,212,1063,260536,0,1.61724559394184e-08
4034,5,1,179,1083,207779,0,1.40982304198343e-08
4035,5,1,212,1038,279340,0,1.85415562745084e-08
4036,5,1,158,1039,298273,0,3.39744851588343e-08
4037,5,1,169,1090,358496,0,1.12925909890395e-08
4038,5,1,181,1082,336783,0,2.2503918858249e-08
4039,5,1,206,1017,272625,0,9.75561187506159e-09
4040,5,1,217,1066,302663,0,5.44672242287938e-08
4041,5,1,166,1058,314518,0,1.13852905546392e-08
4042,5,1,198,1094,248623,0,1.42591054382593e-08
4043,5,1,218,1086,294287,0,2.60946945371703e-09
4044,5,1,225,1070,249866,0,2.80583925582248e-08
4045,5,1,207,1119,274738,0,8.85021699450493e-08
4046,5,1,183,1037,359953,0,1.39253957300773e-09
4047,5,1,215,1122,315292,0,5.03062726543355e-08
4048,5,1,237,1102,271585,0,5.16228109159652e-08
4049,5,1,222,1128,266265,0,2.85371373045044e-08
4050,5,1,240,1126,326907,0,5.6291672586997e-09
4051,5,1,212,1091,317828,0,4.59762666771826e-08
4052,5,1,193,1033,370609,0,2.56224330334333e-08
4053,5,1,225,1068,441925,0,5.13138587814649e-09
4054,5,1,233,1104,390168,0,2.11842293294764e-08
4055,5,1,209,1044,389478,0,4.02604406150849e-08
4056,5,1,199,1108,271814,0,2.39759767992098e-08
4057,5,1,251,1069,337234,0,2.99876077954422e-08
4058,5,1,230,1113,216391,0,3.64507633465418e-09
4059,5,1,219,1094,320875,0,3.54378372526113e-09
4060,5,1,223,1065,319355,0,7.36012082336053e-08
4061,5,1,225,1049,311635,0,5.41151907974628e-08
4062,5,1,206,1020,340597,0,1.54286037090759e-07
4063,5,1,238,1082,328259,0,7.39545766028519e-09
4064,5,1,206,1038,272236,0,3.2241883811746e-08
4065,5,1,237,1124,211499,0,1.21675232864719e-08
4066,5,1,191,1024,347699,0,6.46054674593511e-09
4067,5,1,239,1077,379085,0,8.59688201475022e-09
4068,5,1,234,1084,332023,0,4.91829447810484e-08
4069,5,1,257,1085,321463,0,5.92852720373139e-08
4070,5,1,245,1124,349310,0,4.04969917270259e-09
4071,5,1,202,1072,320559,0,1.21369996422685e-07
4072,5,1,226,1102,338957,0,1.76082154810434e-08
4073,5,1,213,1065,340627,0,4.80126786973759e-08
4074,5,1,214,1048,308104,0,6.71757045160828e-08
4075,5,1,190,1040,268851,0,9.78978462794962e-08
4076,5,1,226,1036,339808,0,9.33408513934526e-09
4077,5,1,205,1065,345482,0,2.62922873894716e-08
4078,5,1,209,1059,351483,0,5.69279854070812e-08
4079,5,1,203,1063,640978,0,7.61183948265908e-09
4080,5,1,186,1112,342680,0,4.01431592554574e-08
4081,5,1,197,1114,295497,0,1.47742174404451e-07
4082,5,1,191,1093,236643,0,5.32269796528577e-09
4083,5,1,232,1072,264262,0,1.81652266519758e-08
4084,5,1,201,1119,239255,0,4.68910070123803e-09
4085,5,1,227,1088,237580,0,5.69582494308139e-08
4086,5,1,184,1067,270977,0,1.22559651226617e-08
4087,5,1,202,1050,248692,0,1.72384642011978e-08
4088,5,1,226,1068,205021,0,1.38435983334503e-07
4089,5,1,240,1094,269690,0,6.76933789562126e-08
4090,5,1,214,1126,278312,0,2.87792694120644e-08
4091,5,1,170,1106,282813,0,3.37060295840777e-07
4092,5,1,206,1061,305449,0,1.29307858027811e-08
4093,5,1,228,1049,313460,0,4.5599919944e-08
4094,5,1,208,1023,308235,0,4.9778910857419e-08
4095,5,1,210,1057,309220,0,3.46235417682767e-09
4096,5,1,218,1057,279427,0,2.53498059422568e-08
4097,5,1,255,1061,284397,0,2.34691340773009e-08
4098,5,1,242,1049,350476,0,5.26061818648205e-08
4099,5,1,215,1108,254455,0,3.00845741009029e-08
4100,5,1,213,1079,326569,0,4.08768975282652e-09
4101,5,1,216,1120,252843,0,1.23299456394576e-08
4102,5,1,198,1086,265243,0,1.34451447051748e-07
4103,5,1,232,1160,219415,0,1.93112376179189e-09
4104,5,1,235,1139,277676,0,1.16887490758777e-08
4105,5,1,206,1083,320945,0,8.61975686164161e-09
4106,5,1,246,1100,342134,0,1.06226512949793e-07
4107,5,1,211,1126,394341,0,4.20351932369157e-08
4108,5,1,193,1134,320430,0,2.89697132531696e-08
4109,5,1,218,1156,275128,0,2.45386316886592e-09
4110,5,1,217,1063,331462,0,2.0783447316366e-07
4111,5,1,213,1095,328091,0,6.95052082950857e-09
4112,5,1,207,1073,310676,0,1.29289049077925e-07
4113,5,1,210,1031,389072,0,1.53345728216701e-08
4114,5,1,215,1099,328725,0,1.99438210657498e-08
4115,5,1,235,1096,310614,0,8.07449546363156e-09
4116,5,1,202,1089,299567,0,1.62540275468488e-08
4117,5,1,233,1090,317553,0,3.59167998739654e-07
4118,5,1,224,1052,289924,0,1.2089322516835e-07
4119,5,1,252,1110,344710,0,1.74179542603032e-08
4120,5,1,242,1129,335207,0,3.87137169178215e-09
4121,5,1,193,1085,252861,0,1.61335119725421e-09
4122,5,1,208,1093,248449,0,4.63046654956881e-07
4123,5,1,244,1109,259243,0,8.96033562768213e-09
4124,5,1,191,1108,249620,0,3.87331881690133e-09
4125,5,1,238,1047,452456,0,1.13773418783601e-07
4126,5,1,212,1089,278217,0,4.19326484594034e-09
4127,5,1,215,1088,281210,0,1.7386808301472e-08
4128,5,1,239,1094,341258,0,4.35123928103119e-08
4129,5,1,228,1101,267139,0,3.02353712801384e-08
4130,5,1,180,1088,204272,0,6.0047021895844e-08
4131,5,1,211,1107,179675,0,1.06967653493016e-08
4132,5,1,202,1122,250487,0,2.84208864030088e-09
4133,5,1,193,1115,249295,0,1.00920814912743e-07
4134,5,1,222,1142,234457,0,1.36539064752998e-08
4135,5,1,217,1088,230925,0,2.54892046985878e-08
4136,5,1,246,1136,233623,0,7.60965808210526e-09
4137,5,1,225,1101,223359,0,1.08399585286536e-07
4138,5,1,214,1061,163252,0,4.36873926159918e-08
4139,5,1,211,1056,211007,0,6.80836765372429e-08
4140,5,1,255,1089,231837,0,3.69965270625459e-09
4141,5,1,244,1117,163165,0,1.82125755613406e-08
4142,5,1,202,1124,215437,0,2.48704165174797e-09
4143,5,1,203,1119,177957,0,5.08664545589541e-08
4144,5,1,207,1135,225118,0,2.70354081839443e-08
4145,5,1,185,1101,290433,0,2.99403547758778e-08
4146,5,1,168,1064,246989,0,2.30013035712231e-09
4147,5,1,200,1133,211802,0,7.95622523226454e-09
4148,5,1,150,1104,207948,0,2.18438473700679e-06
4149,5,1,211,1121,242442,0,1.07095622798539e-08
4150,5,1,195,1083,166076,0,4.43988581165195e-08
4151,5,1,219,1070,208594,0,3.12465483204256e-09
4152,5,1,229,1100,260223,0,1.79894605827652e-09
4153,5,1,257,1096,350618,0,2.57325858111259e-08
4154,5,1,226,1059,358273,0,1.12620482137745e-08
4155,5,1,239,1061,307664,0,1.50393043992938e-08
4156,5,1,245,1119,349718,0,1.93135393635395e-08
4157,5,1,214,1086,435890,0,9.00735882517235e-08
4158,5,1,223,1075,403109,0,1.32944118009296e-07
4159,5,1,199,1129,351515,0,2.56857230805811e-08
4160,5,1,251,1082,346983,0,5.33606017959886e-08
4161,5,1,237,1120,275162,0,3.09944401030538e-08
4162,5,1,241,1145,356598,0,3.73089308964196e-08
4163,5,1,215,1106,276097,0,8.22410210883119e-09
4164,5,1,214,1091,418967,0,2.79865147822891e-08
4165,5,1,252,1129,369214,0,7.48588498300277e-09
4166,5,1,249,1063,336279,0,1.58738212238182e-08
4167,5,1,212,1094,291027,0,6.88430475629091e-09
4168,5,1,228,1105,326202,0,6.54774250082435e-08
4169,5,1,243,1127,302983,0,5.97150524754726e-09
4170,5,1,228,1084,234345,0,1.31261617820206e-08
4171,5,1,227,1084,301525,0,3.07228163146745e-09
4172,5,1,215,1090,386676,0,1.61446907521198e-08
4173,5,1,216,1104,297561,0,4.07233379552234e-09
4174,5,1,237,1078,296999,0,6.16584191435143e-08
4175,5,1,212,1077,297208,0,2.00054101882556e-08
4176,5,1,191,1110,364977,0,1.14750469039855e-08
4177,5,1,229,1119,323222,0,3.73051946969305e-08
4178,5,1,218,1079,247665,0,3.43988113450927e-08
4179,5,1,204,1095,295954,0,9.62802926913935e-09
4180,5,1,191,1122,275452,0,4.59210686563876e-08
4181,5,1,230,1069,291460,0,1.12553981248969e-08
4182,5,1,236,1083,313527,0,2.77999695941267e-08
4183,5,1,217,1068,410525,0,5.13859075368324e-09
4184,5,1,199,1072,391513,0,3.71429709211047e-09
4185,5,1,218,1060,512976,0,1.41812678369744e-08
4186,5,1,208,1102,328060,0,7.30351837877095e-09
4187,5,1,242,1132,377191,0,8.9156591185138e-09
4188,5,1,222,1119,420653,0,5.25413787431309e-08
4189,5,1,254,1097,347562,0,1.39701536936047e-08
4190,5,1,198,1087,352429,0,7.33247171887785e-09
4191,5,1,237,1094,344656,0,2.6293919570496e-08
4192,5,1,227,1084,413625,0,4.14337380060529e-08
4193,5,1,201,1108,323939,0,5.1756991280688e-08
4194,5,1,240,1098,279571,0,7.08585940259563e-09
4195,5,1,219,1069,182934,0,1.47139785386891e-08
4196,5,1,233,1123,195939,0,7.75591111651902e-09
4197,5,1,184,1030,185065,0,3.041301036054e-08
4198,5,1,201,1105,221275,0,2.44534701550933e-08
4199,5,1,213,1139,189224,0,1.42850768708535e-08
4200,5,1,182,1098,177315,0,3.40248763226923e-08
4201,5,1,235,1143,247076,0,6.12278886036407e-08
4202,5,1,231,1104,270153,0,6.00346430551457e-07
4203,5,1,172,1126,226092,0,5.31540169768314e-09
4204,5,1,198,1082,268265,0,4.3063867556861e-08
4205,5,1,245,1125,283320,0,2.15085890731567e-08
4206,5,1,231,1085,267455,0,1.43567017253553e-05
4207,5,1,204,1106,233118,0,4.66537673378708e-09
4208,5,1,169,1166,202324,0,1.63511079082261e-08
4209,5,1,204,1119,172500,0,3.02030557291353e-07
4210,5,1,207,1152,238439,0,2.29607041401415e-08
4211,5,1,220,1091,220516,0,2.17963270200033e-09
4212,5,1,187,1134,225528,0,4.95261524165857e-08
4213,5,1,226,1096,221678,0,7.42432348039779e-09
4214,5,1,249,1141,243641,0,1.61969871763174e-08
4215,5,1,228,1116,294399,0,5.34961835392627e-09
4216,5,1,190,1123,206236,0,7.30637605590125e-09
4217,5,1,190,1115,201835,0,2.8858110158018e-08
4218,5,1,196,1143,323095,0,6.72144586735325e-09
4219,5,1,231,1161,298394,0,1.58746976249683e-07
4220,5,1,205,1101,234420,0,2.29881698996595e-06
4221,5,1,217,1073,189962,0,2.19190247098716e-08
4222,5,1,193,1101,220395,0,5.95575854125294e-09
4223,5,1,210,1095,305771,0,3.55154426459208e-08
4224,5,1,249,1058,395700,0,2.90138020320734e-08
4225,5,1,230,1098,367917,0,5.29600766972889e-08
4226,5,1,241,1083,406367,0,2.03702380752477e-08
4227,5,1,201,1109,289568,0,6.96470095127886e-09
4228,5,1,214,1151,246997,0,1.62412338396287e-08
4229,5,1,204,1154,223518,0,1.77085414752398e-09
4230,5,1,205,1122,307752,0,4.53585580052631e-06
4231,5,1,180,1091,332467,0,3.82565559363989e-08
4232,5,1,187,1075,285489,0,1.48539966341054e-08
4233,5,1,170,1118,287784,0,3.93318789164722e-09
4234,5,1,206,1078,315445,0,6.04480122859999e-09
4235,5,1,190,1119,352937,0,2.69467578995693e-07
4236,5,1,224,1079,324461,0,6.62405893597583e-09
4237,5,1,189,1137,345194,0,2.69311726485034e-08
4238,5,1,182,1083,385249,0,3.25762698779208e-08
4239,5,1,238,1111,443081,0,6.06221904765504e-09
4240,5,1,208,1068,383148,0,7.40292942250675e-09
4241,5,1,175,1049,370303,0,1.81621247025327e-08
4242,5,1,198,1097,317551,0,1.84984830411759e-06
4243,5,1,190,1076,346563,0,7.12891788636184e-09
4244,5,1,182,1121,347938,0,2.0398171432201e-07
4245,5,1,212,1031,386393,0,2.11063439188994e-08
4246,5,1,210,1090,457535,0,9.70335530523376e-08
4247,5,1,209,1085,294145,0,6.07796006136786e-09
4248,5,1,219,1126,276915,0,3.27650707317774e-09
4249,5,1,192,1032,415226,0,4.28662078127604e-07
4250,5,1,196,1105,623746,0,7.68037933707995e-09
4251,5,1,174,1102,288338,0,6.48427113973136e-09
4252,5,1,214,1081,223227,0,6.07881475559586e-09
4253,5,1,234,1064,216356,0,6.50297878778414e-09
4254,5,1,213,1116,269301,0,1.46643256146856e-08
4255,5,1,195,1098,259652,0,1.82998782391552e-08
4256,5,1,191,1086,213844,0,8.64140155542029e-08
4257,5,1,183,1098,197552,0,1.77860225652639e-08
4258,5,1,189,1041,236055,0,1.0040866580603e-08
4259,5,1,187,1069,233318,0,8.2919062683667e-09
4260,5,1,177,1101,256709,0,5.3001075381491e-09
4261,5,1,197,1065,210423,0,8.84220383790231e-09
4262,5,1,188,1071,221191,0,3.86827732738814e-08
4263,5,1,222,1066,215491,0,1.9959992238405e-08
4264,5,1,192,1083,225549,0,2.27511151625478e-08
4265,5,1,199,1080,276850,0,7.97646596991696e-09
4266,5,1,170,1094,263557,0,2.79057119274297e-08
4267,5,1,239,1087,265395,0,7.20241496108146e-09
4268,5,1,178,1066,252088,0,1.68421216702645e-08
4269,5,1,203,1095,277277,0,2.62121552867944e-07
4270,5,1,208,1089,239608,0,1.2220395429529e-08
4271,5,1,184,1053,169983,0,1.2080716243192e-08
4272,5,1,216,1018,220343,0,1.51912466682715e-08
4273,5,1,234,1107,270988,0,4.56249529323729e-09
4274,5,1,222,1078,243461,0,4.26439844060296e-07
4275,5,1,183,1081,362948,0,1.66961895844746e-08
4276,5,1,216,1071,366115,0,2.86477068809074e-08
4277,5,1,200,1065,370687,0,2.53882895892388e-07
4278,5,1,228,1123,297881,0,7.9339412729584e-09
4279,5,1,217,1100,346678,0,1.24528035805431e-08
4280,5,1,194,1117,316436,0,8.14277426208562e-09
4281,5,1,222,1082,424559,0,7.55226739466307e-08
4282,5,1,238,1078,359483,0,3.91450659739812e-09
4283,5,1,234,1083,296538,0,7.6284026374251e-09
4284,5,1,221,1088,254514,0,6.79015968291356e-09
4285,5,1,212,1055,307607,0,1.7253296356589e-09
4286,5,1,192,1098,309161,0,1.21688485030655e-08
4287,5,1,203,1091,311116,0,6.30076437768774e-08
4288,5,1,228,1031,300279,0,2.24611622361212e-08
4289,5,1,193,1085,318941,0,1.45702448362001e-08
4290,5,1,194,1108,292133,0,1.06272095958185e-07
4291,5,1,202,1107,282262,0,7.72660784384363e-09
4292,5,1,199,1077,310649,0,1.78009863519547e-08
4293,5,1,194,1068,221529,0,4.16684655573882e-08
4294,5,1,198,1043,411758,0,1.8581056671927e-08
4295,5,1,207,1072,440498,0,1.8699914500281e-08
4296,5,1,199,1022,258730,0,4.50093333274924e-09
4297,5,1,220,1046,283951,0,8.54518117369148e-09
4298,5,1,239,1048,427928,0,8.81656357987721e-06
4299,5,1,223,1092,309320,0,9.09748144904696e-09
4300,5,1,247,1054,511317,0,2.14778775528362e-07
4301,5,1,217,1089,348905,0,8.04892491998083e-09
4302,5,1,258,1033,351334,0,2.93882010169539e-08
4303,5,1,223,1076,298468,0,3.75420090095357e-07
4304,5,1,260,1080,263208,0,6.69341588991375e-08
4305,5,1,238,1058,314001,0,4.81291585628365e-08
4306,5,1,236,1092,210302,0,3.88756298896261e-08
4307,5,1,238,1094,159459,0,2.13618558732656e-08
4308,5,1,231,1092,113434,0,4.12017748815103e-08
4309,5,1,198,1101,110405,0,1.40802660329238e-08
4310,5,1,240,1078,123375,0,3.05684567171594e-08
4311,5,1,225,1111,145409,0,1.41349166804688e-08
4312,5,1,225,1109,134652,0,9.95438912609665e-08
4313,5,1,242,1088,148078,0,5.45189343817096e-08
4314,5,1,212,1106,198769,0,3.13190318305978e-08
4315,5,1,242,1061,175189,0,9.89401380891254e-09
4316,5,1,219,1088,231502,0,3.19339667636899e-08
4317,5,1,212,1114,247497,0,3.0514117811416e-08
4318,5,1,207,1076,202426,0,4.33461602030591e-09
4319,5,1,209,1084,972091,0,1.85048013711563e-09
4320,5,1,208,1050,227315,0,2.37713718392436e-07
4321,5,1,212,1114,188127,0,3.4858710218931e-08
4322,5,1,172,1056,132925,0,1.07364700883873e-08
4323,5,1,194,1065,146466,0,5.47473850714779e-08
4324,5,1,240,1095,137671,0,3.18184073157771e-08
4325,5,1,214,1074,139179,0,3.55391804787083e-08
4326,5,1,216,1071,172869,0,2.7176221356871e-09
4327,5,1,177,1073,184656,0,3.3214560689887e-08
4328,5,1,172,1070,165827,0,4.79056251994902e-08
4329,5,1,211,1075,166622,0,1.31640731530415e-08
4330,5,1,208,1066,208800,0,5.52221357756159e-09
4331,5,1,230,1078,283228,0,4.93928466422514e-09
4332,5,1,213,1045,274092,0,2.40322287026825e-09
4333,5,1,224,1036,363722,0,4.96188215379017e-09
4334,5,1,237,1096,333423,0,2.73964221245157e-08
4335,5,1,226,1060,381201,0,2.01876575463032e-08
4336,5,1,237,1052,302327,0,1.21460921723638e-08
4337,5,1,238,1077,290398,0,3.90976744365119e-08
4338,5,1,228,1076,294014,0,4.7970237288793e-08
4339,5,1,245,1058,265540,0,2.06469409523818e-08
4340,5,1,202,1026,269135,0,4.78491904316958e-09
4341,5,1,248,1097,257315,0,3.04931501487221e-07
4342,5,1,260,1069,230283,0,1.80308025309987e-08
4343,5,1,239,1055,220757,0,1.59495566512782e-08
4344,5,1,201,1095,283696,0,2.92149064308063e-08
4345,5,1,224,1035,317903,0,3.30366445833054e-08
4346,5,1,204,1040,282892,0,1.89589465079595e-08
4347,5,1,213,1086,345070,0,4.96434687635107e-08
4348,5,1,195,1021,296798,0,9.75194161980742e-09
4349,5,1,221,1076,191461,0,2.75964199720339e-08
4350,5,1,225,1076,191245,0,1.39825203530469e-08
4351,5,1,209,1089,228813,0,2.44670255788783e-06
4352,5,1,209,1063,213279,0,2.14519853378223e-08
4353,5,1,218,1117,184757,0,1.47105506198365e-08
4354,5,1,219,1077,164501,0,4.0356029267739e-08
4355,5,1,245,1094,166762,0,2.54414068994039e-08
4356,5,1,257,1059,205047,0,8.62877055790073e-07
4357,5,1,209,1042,187068,0,1.26864321434474e-08
4358,5,1,246,1088,158523,0,8.68043385184571e-08
4359,5,1,222,1041,167347,0,3.2015222293113e-09
4360,5,1,211,1131,169714,0,1.86250650319985e-08
4361,5,1,224,1089,154224,0,7.55018359349194e-07
4362,5,1,223,1092,143534,0,9.01410582404459e-09
4363,5,1,223,1036,200275,0,6.23611739944823e-09
4364,5,1,217,1073,175974,0,2.49599828756585e-07
4365,5,1,229,1076,183117,0,2.52135101766431e-08
4366,5,1,225,1076,199978,0,6.07473026202647e-08
4367,5,1,196,1055,230572,0,8.36588117588369e-09
4368,5,1,175,1077,146254,0,1.01216068731206e-08
4369,5,1,192,1076,157246,0,3.02057585988488e-08
4370,5,1,212,1122,162518,0,4.81440756595231e-09
4371,5,1,202,1024,203011,0,3.35950736186055e-08
4372,5,1,202,1076,199648,0,3.35025375001733e-08
4373,5,1,210,1108,216888,0,3.50432841684598e-08
4374,5,1,236,1084,215614,0,9.92594553983492e-09
4375,5,1,223,1096,198441,0,4.26889575049944e-09
4376,5,1,250,1105,163659,0,1.72359271677407e-08
4377,5,1,242,1066,189953,0,1.73154537233695e-07
4378,5,1,260,1108,180531,0,5.25190428184337e-08
4379,5,1,201,1092,179919,0,7.8938844314375e-08
4380,5,1,222,1114,149344,0,2.78085707270816e-07
4381,5,1,205,1102,180589,0,2.90829716617657e-08
4382,5,1,214,1093,126724,0,3.90147560458756e-09
4383,5,1,219,1111,186170,0,1.18902693793528e-08
4384,5,1,240,1076,173696,0,2.24656377327113e-08
4385,5,1,215,1103,258834,0,1.87633443851179e-09
4386,5,1,224,1114,247350,0,8.42431335387795e-08
4387,5,1,227,1105,259325,0,2.37532534946184e-09
4388,5,1,225,1098,256598,0,1.9167382834852e-08
4389,5,1,224,1058,289514,0,1.50008356177852e-08
4390,5,1,254,1091,289611,0,9.67780547331932e-09
4391,5,1,202,1127,230606,0,1.82117753259233e-07
4392,5,1,250,1098,277574,0,3.53594837004013e-07
4393,5,1,243,1071,210003,0,1.37832292276869e-08
4394,5,1,213,1070,202881,0,7.1091376931118e-09
4395,5,1,230,1069,171467,0,5.99774985659919e-08
4396,5,1,245,1107,194619,0,1.35107796779175e-08
4397,5,1,228,1063,152260,0,2.68308879865849e-08
4398,5,1,222,1064,192543,0,4.32382317313827e-09
4399,5,1,201,1051,238188,0,1.19790731304866e-08
4400,5,1,226,1081,240141,0,2.89699223806472e-08
4401,5,1,207,1077,241163,0,1.7147514440634e-07
4402,5,1,219,1061,236904,0,5.20930755732614e-09
4403,5,1,240,1050,195593,0,1.64570413063172e-08
4404,5,1,229,1113,195426,0,1.32801472905069e-08
4405,5,1,219,1096,380082,0,1.06199148764994e-08
4406,5,1,209,1048,265141,0,1.36515601864433e-08
4407,5,1,234,1072,288827,0,2.98843913044715e-09
4408,5,1,214,1116,314791,0,1.37814598347131e-08
4409,5,1,224,1126,324194,0,4.26500600369982e-09
4410,5,1,228,1112,271155,0,3.56860392373754e-08
4411,5,1,244,1095,196529,0,1.89535374347041e-08
4412,5,1,242,1104,191557,0,9.74386818850472e-09
4413,5,1,204,1119,182702,0,1.33605411462449e-08
4414,5,1,224,1025,233184,0,2.17158121706561e-08
4415,5,1,196,1105,218665,0,9.72600854247968e-08
4416,5,1,197,1137,307167,0,9.69128056802388e-09
4417,5,1,220,1077,201529,0,3.46885150223693e-08
4418,5,1,218,1099,194459,0,1.08081004770912e-08
4419,5,1,202,1130,249986,0,6.0697337229265e-09
4420,5,1,209,1105,217530,0,1.66375580491599e-08
4421,5,1,187,1088,255093,0,6.32396288003509e-09
4422,5,1,186,1061,275382,0,1.11904774900811e-07
4423,5,1,221,1073,299684,0,4.38060161992453e-09
4424,5,1,250,1050,328740,0,1.45309961145383e-08
4425,5,1,215,1060,329977,0,2.39516271357211e-08
4426,5,1,188,1035,358150,0,2.13137312216858e-09
4427,5,1,205,1058,370838,0,6.43375159266002e-09
4428,5,1,220,1067,338752,0,1.38630422395595e-08
4429,5,1,215,1107,315235,0,9.81394689093244e-09
4430,5,1,246,1127,330696,0,9.06508755649856e-09
4431,5,1,191,1103,298373,0,1.88895063086657e-08
4432,5,1,184,1059,269958,0,4.28568306042861e-08
4433,5,1,220,1060,359687,0,1.50791859043839e-07
4434,5,1,228,1077,400775,0,3.85280345901826e-07
4435,5,1,221,1088,290866,0,8.46542998260007e-09
4436,5,1,211,1044,355163,0,2.73152035652734e-08
4437,5,1,195,1063,375171,0,2.80404226679592e-08
4438,5,1,229,1096,349335,0,3.18892471029376e-08
4439,5,1,199,1080,449684,0,1.69448124904066e-08
4440,5,1,223,1069,334107,0,3.9682519651236e-08
4441,5,1,233,1064,450937,0,2.99861159827796e-08
4442,5,1,205,1046,513144,0,2.21984473202628e-07
4443,5,1,210,1121,612538,0,1.71481403658021e-08
4444,5,1,244,1066,496852,0,4.2647232971991e-07
4445,5,1,202,1091,318697,0,2.10404812416961e-06
4446,5,1,208,1031,337459,0,2.2611470532959e-09
4447,5,1,186,1070,261394,0,7.03712157497679e-08
4448,5,1,201,1043,330330,0,2.54647599047739e-08
4449,5,1,243,1045,300955,0,4.20344481912466e-08
4450,5,1,231,1125,254607,0,1.28313889052995e-08
4451,5,1,235,1096,276073,0,1.26415226624741e-08
4452,5,1,265,1073,234102,0,3.39943478951041e-08
4453,5,1,208,1079,253167,0,4.9371490069383e-08
4454,5,1,206,1083,324696,0,6.49186603467417e-09
4455,5,1,196,1082,325821,0,2.19212313675373e-08
4456,5,1,228,1080,311965,0,9.84020098958068e-09
4457,5,1,226,1064,218906,0,2.09643831941344e-08
4458,5,1,219,1109,240564,0,2.4425992577421e-08
4459,5,1,156,1034,277691,0,2.12112899155443e-08
4460,5,1,195,1065,216672,0,5.88784547450943e-08
4461,5,1,177,1050,222449,0,2.36393971641675e-08
4462,5,1,168,1019,268759,0,2.34401898991142e-07
4463,5,1,170,1058,293689,0,4.73684200333741e-08
4464,5,1,198,1051,192832,0,1.10046968669207e-07
4465,5,1,194,1064,197107,0,2.25920366371566e-09
4466,5,1,189,1047,177793,0,2.77319890409424e-08
4467,5,1,196,1073,176191,0,7.29188664485751e-09
4468,5,1,200,1063,169419,0,3.7521530528836e-09
4469,5,1,175,1034,254327,0,4.5596078045868e-08
4470,5,1,170,1100,297739,0,3.79487048331262e-08
4471,5,1,227,1083,283963,0,5.30210844968342e-09
4472,5,1,195,1059,314371,0,4.15135672065503e-08
4473,5,1,209,1065,239396,0,1.05603716741512e-08
4474,5,1,208,1052,233332,0,1.24810276425278e-07
4475,5,1,209,1090,214569,0,2.51278880981753e-09
4476,5,1,206,1097,269871,0,3.66123367744889e-08
4477,5,1,207,1061,259545,0,8.14018501119996e-09
4478,5,1,200,1019,220040,0,2.42657489732724e-08
4479,5,1,218,1009,218417,0,1.42443721246276e-08
4480,5,1,231,1044,220518,0,7.35300724579194e-08
4481,5,1,155,1070,197733,0,1.43821099922503e-08
4482,5,1,212,1097,217598,0,2.69870410888999e-09
4483,5,1,189,1054,234378,0,2.13609326159929e-08
4484,5,1,230,1077,205665,0,3.23605832493688e-08
4485,5,1,205,1046,200736,0,1.25172621030752e-06
4486,5,1,238,1074,239623,0,6.41536706037139e-09
4487,5,1,211,1030,223926,0,7.14930473835295e-08
4488,5,1,216,1061,251683,0,9.01608796082486e-08
4489,5,1,241,1067,223939,0,2.14353009759552e-08
4490,5,1,214,1065,249687,0,1.16469745842737e-08
4491,5,1,216,1052,224048,0,6.51940321365353e-09
4492,5,1,202,1020,258251,0,6.80781986535972e-09
4493,5,1,208,1030,328048,0,3.35976657406501e-09
4494,5,1,223,1048,226867,0,1.04799305544466e-08
4495,5,1,195,1035,269208,0,6.17996089135117e-08
4496,5,1,199,1040,260612,0,5.50633067238103e-08
4497,5,1,216,1069,260000,0,3.80553561105766e-08
4498,5,1,232,1067,355212,0,4.48650908695095e-09
4499,5,1,226,1125,250696,0,1.15134918082039e-08
4500,5,1,250,1065,257132,0,5.9980772294904e-08
4501,5,1,264,1047,209750,0,8.11463400493375e-09
4502,5,1,220,1052,286689,0,1.14787384349174e-05
4503,5,1,227,1104,255397,0,6.20858918327212e-09
4504,5,1,220,1094,207661,0,2.32544806850496e-08
4505,5,1,204,1138,221720,0,2.01836293190428e-08
4506,5,1,172,1060,158255,0,7.12550292343614e-09
4507,5,1,190,1123,217826,0,1.52683749661786e-08
4508,5,1,215,1155,246072,0,2.38886475066678e-08
4509,5,1,195,1077,243056,0,3.4370664548395e-08
4510,5,1,223,1087,271181,0,1.93962996555054e-08
4511,5,1,206,1062,332466,0,2.10880306511639e-08
4512,5,1,188,1086,282715,0,2.28878013438931e-08
4513,5,1,208,1083,246090,0,3.98765786981473e-09
4514,5,1,204,1074,250444,0,2.3579738191488e-09
4515,5,1,211,1024,198247,0,2.25894437588623e-08
4516,5,1,194,1042,178110,0,1.67371177693579e-08
4517,5,1,176,1094,187891,0,8.77735443240264e-09
4518,5,1,195,1109,198842,0,5.04047920876529e-06
4519,5,1,205,1113,221898,0,1.33267997677561e-08
4520,5,1,189,1088,219420,0,3.61025614335739e-09
4521,5,1,213,1042,265514,0,5.98160889085385e-09
4522,5,1,191,1116,243698,0,5.88780581371961e-08
4523,5,1,199,1097,204753,0,1.48791333959763e-08
4524,5,1,214,1098,200275,0,3.56550427731488e-08
4525,5,1,227,1077,221777,0,5.50668028768182e-08
4526,5,1,212,1067,162158,0,7.43210711418137e-07
4527,5,1,203,1073,168324,0,3.55033791736167e-09
4528,5,1,223,1088,163226,0,1.02507867326487e-07
4529,5,1,246,1105,158597,0,2.88261035546792e-08
4530,5,1,214,1057,212752,0,3.13250930134725e-07
4531,5,1,194,1047,201006,0,6.53623253956376e-09
4532,5,1,201,1013,187770,0,1.16195659861577e-08
4533,5,1,178,1053,170521,0,6.69058815746904e-09
4534,5,1,218,1087,188982,0,7.47046786391057e-09
4535,5,1,211,1094,247023,0,9.87969930315817e-08
4536,5,1,232,1083,241533,0,3.59235883133301e-09
4537,5,1,211,1080,237277,0,2.47329481715811e-07
4538,5,1,207,1079,224464,0,1.68550780330555e-08
4539,5,1,223,1080,282139,0,4.29906006427219e-09
4540,5,1,238,1066,175032,0,8.10811812682986e-08
4541,5,1,216,1081,163520,0,2.28064165521808e-06
4542,5,1,201,1137,185773,0,3.97946114406197e-08
4543,5,1,211,1088,171497,0,6.30478027890208e-09
4544,5,1,225,1063,274538,0,9.70169444818407e-08
4545,5,1,226,1111,219963,0,3.01582830129345e-08
4546,5,1,233,1060,177480,0,4.84522386390567e-08
4547,5,1,236,1111,176490,0,3.95705611633805e-09
4548,5,1,211,1122,177066,0,5.38359488224896e-08
4549,5,1,216,1076,158772,0,2.01680152807353e-09
4550,5,1,220,1081,190291,0,6.98082417671189e-09
4551,5,1,177,1050,183384,0,1.0232577094482e-08
4552,5,1,213,1111,177147,0,4.85303092175591e-08
4553,5,1,222,1043,201252,0,4.89733217741283e-09
4554,5,1,203,1051,224096,0,1.12006032617786e-08
4555,5,1,229,1113,201184,0,7.93390930371554e-09
4556,5,1,208,1115,206835,0,1.52007909230238e-06
4557,5,1,217,1121,245271,0,6.09725972993642e-09
4558,5,1,210,1131,228470,0,5.96914997930276e-08
4559,5,1,235,1042,228395,0,9.4299780952859e-09
4560,5,1,242,1070,204944,0,3.90250699907604e-08
4561,5,1,242,1077,200308,0,5.43926861782744e-08
4562,5,1,220,1084,204223,0,2.39371850877595e-08
4563,5,1,239,1107,203089,0,5.20436514977089e-09
4564,5,1,202,1142,163030,0,6.1451314833867e-08
4565,5,1,238,1054,309669,0,1.47363592190893e-09
4566,5,1,232,1128,227739,0,1.21011663687576e-08
4567,5,1,219,1044,265061,0,1.47525335418842e-08
4568,5,1,221,1045,208542,0,1.82673929691803e-07
4569,5,1,256,1090,186622,0,2.23562379847478e-08
4570,5,1,232,1071,204079,0,9.27553005387633e-09
4571,5,1,229,1087,234853,0,3.34624076145826e-08
4572,5,1,238,1100,165555,0,1.39848441102912e-07
4573,5,1,219,1079,150189,0,2.9685435009048e-07
4574,5,1,222,1107,142539,0,1.12883934055073e-08
4575,5,1,189,1086,178971,0,8.12372196734519e-09
4576,5,1,202,1040,177148,0,1.29159539867537e-08
4577,5,1,215,1073,181455,0,5.63758473193682e-08
4578,5,1,221,1091,200131,0,3.53999145340707e-08
4579,5,1,251,1065,174060,0,4.52819172775942e-08
4580,5,1,199,1128,158987,0,4.49166271405703e-08
4581,5,1,210,1148,165894,0,6.27937741845343e-07
4582,5,1,212,1076,278170,0,1.61586800154344e-08
4583,5,1,216,1072,303412,0,2.2754017402049e-08
4584,5,1,211,1047,291459,0,6.92377568726374e-09
4585,5,1,198,1111,235115,0,3.12859119519783e-09
4586,5,1,250,1078,316095,0,7.07360183273592e-08
4587,5,1,237,1082,281443,0,1.4187068068533e-08
4588,5,1,233,1107,336226,0,4.80352270907183e-08
4589,5,1,199,1119,258981,0,9.07113771964419e-09
4590,5,1,198,1084,186141,0,7.25339271354012e-09
4591,5,1,213,1052,154429,0,1.60528546589184e-08
4592,5,1,219,1069,190702,0,2.85696327660992e-08
4593,5,1,227,1073,178976,0,5.3366740911663e-09
4594,5,1,278,1036,158202,0,1.01922886184623e-08
4595,5,1,239,1129,194639,0,3.81445248832126e-08
4596,5,1,229,1118,192401,0,7.53247909145526e-09
4597,5,1,254,1096,176689,0,7.71313636839477e-09
4598,5,1,200,1108,202825,0,3.09009111239262e-09
4599,5,1,242,1072,201905,0,1.02650281902687e-08
4600,5,1,262,1113,179247,0,3.72208100975715e-08
4601,5,1,251,1112,200101,0,5.66229519902475e-08
4602,5,1,239,1101,149902,0,2.81354667288181e-08
4603,5,1,238,1098,250894,0,1.08002798911747e-08
4604,5,1,218,1092,223034,0,2.88763263967311e-07
4605,5,1,225,1043,234033,0,2.33929987959881e-09
4606,5,1,248,1134,180397,0,2.99665383029595e-08
4607,5,1,206,1103,146276,0,5.50770365467964e-08
4608,5,1,222,1122,177983,0,3.3221923783302e-08
4609,5,1,245,1094,156178,0,5.46792026784698e-09
4610,5,1,218,1158,132928,0,1.12549384663246e-07
4611,5,1,216,1121,158067,0,2.24127474572481e-09
4612,5,1,221,1121,197839,0,1.37804942732775e-08
4613,5,1,224,1101,243003,0,1.1447910189761e-08
4614,5,1,199,1071,213891,0,2.5181171762665e-07
4615,5,1,202,1087,214487,0,1.76336728740192e-09
4616,5,1,188,1087,203566,0,1.34416689587492e-08
4617,5,1,203,1074,200643,0,5.47415367008872e-09
4618,5,1,200,1101,209301,0,6.96325103013215e-08
4619,5,1,204,1064,297664,0,4.13747749444119e-08
4620,5,1,222,1117,346651,0,4.47372642529865e-08
4621,5,1,184,1138,291589,0,1.40919906616792e-08
4622,5,1,224,1143,201341,0,1.02401099110898e-08
4623,5,1,204,1040,255114,0,2.40429471651977e-07
4624,5,1,184,1047,245031,0,3.22952249429576e-08
4625,5,1,175,1006,246319,0,3.42306718474103e-08
4626,5,1,176,1092,206009,0,3.40226449761828e-08
4627,5,1,169,1101,182958,0,1.83276602463748e-08
4628,5,1,187,1104,182149,0,1.54249787576542e-08
4629,5,1,219,1122,192379,0,5.35923264897739e-08
4630,5,1,192,1133,160658,0,1.63612901367305e-08
4631,5,1,239,1118,161594,0,8.9802836653724e-09
4632,5,1,219,1113,209209,0,1.77424714755004e-07
4633,5,1,200,1107,198661,0,7.99237765973e-09
4634,5,1,230,1075,168014,0,2.94484505363336e-06
4635,5,1,213,1130,233906,0,5.40495745129123e-09
4636,5,1,236,1072,322197,0,6.18654044138394e-09
4637,5,1,240,1103,395170,0,6.58366754220528e-09
4638,5,1,242,1085,265205,0,2.25768514625814e-08
4639,5,1,240,1058,255487,0,7.77763802211701e-09
4640,5,1,225,1089,225004,0,5.17632427211139e-08
4641,5,1,262,1076,226907,0,8.57900523632447e-09
4642,5,1,203,1090,333595,0,7.82576956351671e-08
4643,5,1,215,1114,235643,0,3.58297296209045e-08
4644,5,1,212,1038,261410,0,3.88741258201106e-09
4645,5,1,253,1083,261194,0,3.46658873360111e-08
4646,5,1,231,1075,286681,0,1.11388194803424e-07
4647,5,1,235,1106,251946,0,2.64493446966635e-08
4648,5,1,217,1062,212947,0,1.38484759744743e-08
4649,5,1,249,1095,214620,0,2.32945150845275e-08
4650,5,1,240,1096,229291,0,1.12689576836696e-08
4651,5,1,239,1107,191155,0,9.22018807259638e-08
4652,5,1,233,1078,163560,0,4.64329948928357e-08
4653,5,1,236,1069,164138,0,2.22065968512222e-07
4654,5,1,230,1048,270244,0,2.55404201625165e-09
4655,5,1,225,1063,136573,0,3.7664025931885e-09
4656,5,1,215,1044,142807,0,1.18557390766049e-07
4657,5,1,223,1025,154137,0,6.91868841653473e-09
4658,5,1,210,1148,171175,0,4.86737350309238e-09
4659,5,1,237,1067,220408,0,9.02584334173585e-08
4660,5,1,206,1063,192541,0,6.40043957747999e-09
4661,5,1,216,1098,180487,0,2.33590849158376e-08
4662,5,1,222,1084,120830,0,8.11287128773244e-09
4663,5,1,199,1095,130197,0,6.37110476669875e-08
4664,5,1,213,1100,153505,0,3.42359968848465e-08
4665,5,1,218,1087,181187,0,5.30436225153017e-08
4666,5,1,167,1049,200868,0,4.03866830814098e-07
4667,5,1,234,1113,180222,0,5.35766753175453e-08
4668,5,1,206,1057,137044,0,1.54857620873565e-08
4669,5,1,203,1070,216204,0,2.47159519769511e-08
4670,5,1,252,1095,181563,0,3.12242762445122e-08
4671,5,1,225,1091,210226,0,1.41070033210822e-08
4672,5,1,220,1116,179719,0,1.07406442956181e-07
4673,5,1,243,1096,158262,0,9.98360219929316e-08
4674,5,1,229,1083,136316,0,2.36032169742985e-08
4675,5,1,225,1114,155385,0,5.70716092076407e-08
4676,5,1,193,1156,138759,0,2.59759013519245e-08
4677,5,1,229,1089,153986,0,6.45979510305272e-08
4678,5,1,232,1125,138363,0,1.29531094606284e-08
4679,5,1,215,1123,164233,0,2.46529012669159e-08
4680,5,1,229,1123,188282,0,1.501639145925e-08
4681,5,1,223,1117,168674,0,2.65208557867486e-08
4682,5,1,240,1150,180188,0,8.34110757570467e-08
4683,5,1,250,1112,164316,0,1.23775694106918e-07
4684,5,1,234,1115,152021,0,3.63040625537145e-08
4685,5,1,206,1105,157660,0,8.76501969228441e-08
4686,5,1,211,1074,184173,0,6.88739474501627e-09
4687,5,1,230,1087,129887,0,2.07754361110128e-08
4688,5,1,248,1132,145009,0,4.19417836973e-08
4689,5,1,265,1096,185591,0,1.85260800594573e-07
4690,5,1,210,1100,239968,0,3.05681969897379e-09
4691,5,1,224,1089,142572,0,2.11925885633833e-08
4692,5,1,202,1098,152872,0,1.03911185625929e-07
4693,5,1,228,1039,223521,0,9.38955184255254e-09
4694,5,1,227,1087,199908,0,1.19476340987926e-08
4695,5,1,236,1083,178678,0,3.02335564146098e-09
4696,5,1,223,1142,213818,0,2.1967611540075e-08
4697,5,1,238,1162,255115,0,7.42982137545588e-08
4698,5,1,201,1071,327667,0,1.96510956748391e-08
4699,5,1,185,1121,222823,0,5.94589366556889e-09
4700,5,1,223,1127,239590,0,5.01284644020545e-09
4701,5,1,225,1126,212016,0,2.56139104377355e-08
4702,5,1,205,1077,243679,0,8.4583054019378e-09
4703,5,1,169,1104,257922,0,3.86837862604068e-08
4704,5,1,232,1074,275885,0,8.5791946024474e-09
4705,5,1,205,1087,206656,0,8.72174655236662e-09
4706,5,1,201,1056,207777,0,8.94775380311869e-09
4707,5,1,214,1124,138348,0,2.52232574319257e-07
4708,5,1,258,1113,153939,0,2.82070702863485e-08
4709,5,1,237,1138,286763,0,3.70061330223722e-08
4710,5,1,259,1112,208046,0,1.27877724710095e-07
4711,5,1,238,1109,212905,0,8.2457040686503e-09
4712,5,1,264,1083,221810,0,5.97888671930339e-07
4713,5,1,250,1145,169286,0,4.70997965618318e-08
4714,5,1,215,1090,216686,0,3.5124625018565e-08
4715,5,1,236,1098,182853,0,2.65300200025543e-08
4716,5,1,251,1088,256219,0,2.33793502348971e-08
4717,5,1,211,1051,165909,0,1.25074045513047e-08
4718,5,1,193,1094,189955,0,3.00597228020027e-08
4719,5,1,208,1104,195161,0,6.43548223660979e-09
4720,5,1,234,1098,216845,0,9.34528714047134e-09
4721,5,1,235,1081,150290,0,5.50144248617388e-09
4722,5,1,233,1048,239327,0,6.053643289229e-08
4723,5,1,231,1070,181427,0,6.95781935514519e-09
4724,5,1,269,1100,190266,0,5.42594471715246e-06
4725,5,1,223,1061,139509,0,4.07199717912703e-08
4726,5,1,248,1105,160891,0,8.18762954237836e-08
4727,5,1,235,1098,165510,0,1.34815432833476e-08
4728,5,1,174,1149,153752,0,1.224255189321e-08
4729,5,1,194,1060,154799,0,1.30922308208108e-08
4730,5,1,224,1072,160686,0,1.57887280168447e-07
4731,5,1,217,1096,149366,0,1.14802574588062e-08
4732,5,1,237,1098,157145,0,3.99979586865564e-09
4733,5,1,215,1074,154879,0,7.14141458816458e-09
4734,5,1,208,1071,220903,0,8.10978201181358e-09
4735,5,1,217,1078,156941,0,3.16610420771702e-08
4736,5,1,232,1097,200930,0,3.34407976405983e-08
4737,5,1,198,1113,126015,0,4.09117243883032e-08
4738,5,1,199,1072,171163,0,1.00548195200785e-08
4739,5,1,193,1068,185480,0,6.28499746509048e-08
4740,5,1,173,1079,158124,0,7.68782435595874e-07
4741,5,1,205,1084,166192,0,1.12220856477292e-08
4742,5,1,222,1122,159964,0,1.85597399020393e-08
4743,5,1,226,1026,202673,0,1.92691911599669e-08
4744,5,1,191,1093,172202,0,4.27960805422438e-08
4745,5,1,196,1038,191748,0,4.25800894733979e-09
4746,5,1,220,1062,185268,0,1.92386665064759e-08
4747,5,1,208,1096,189928,0,1.57952452667109e-07
4748,5,1,221,1054,186581,0,3.59411369060012e-09
4749,5,1,189,1088,193010,0,1.07140259650304e-07
4750,5,1,190,1090,174022,0,1.64380809828629e-08
4751,5,1,239,1092,244653,0,1.01596808387027e-08
4752,5,1,250,1049,296508,0,2.12493910577756e-09
4753,5,1,259,1060,203655,0,1.39476461295232e-07
4754,5,1,227,1060,224770,0,3.34328445406618e-08
4755,5,1,275,1097,299915,0,7.02287475507766e-09
4756,5,1,246,1111,277268,0,6.99571791306285e-07
4757,5,1,241,1023,375952,0,8.26690626913524e-08
4758,5,1,228,1073,396162,0,7.37902744821912e-09
4759,5,1,224,1053,400498,0,9.9335227235019e-09
4760,5,1,241,1131,307948,0,1.65543118893968e-07
4761,5,1,249,1107,294847,0,6.20345907493466e-09
4762,5,1,268,1093,254710,0,6.99085208975109e-08
4763,5,1,194,1102,328920,0,2.66337290598234e-08
4764,5,1,256,1062,339928,0,1.70544193535223e-08
4765,5,1,243,1060,444086,0,3.65928075117077e-07
4766,5,1,241,1112,590687,0,2.75742480593899e-08
4767,5,1,209,1038,421622,0,3.18771605752502e-08
4768,5,1,176,1008,445175,0,2.56589536569638e-09
4769,5,1,197,1070,323692,0,1.17600731094296e-08
4770,5,1,224,1075,244493,0,1.29210916323618e-08
4771,5,1,212,1070,297517,0,7.72257874669219e-07
4772,5,1,211,1065,979518,0,6.40837005019476e-08
4773,5,1,196,1087,281930,0,5.50041260488367e-08
4774,5,1,216,1077,177176,0,7.41773661085242e-08
4775,5,1,184,993,177354,0,4.92030761539676e-08
4776,5,1,190,1056,211331,0,4.60191912958338e-08
4777,5,1,209,1017,222425,0,1.06207726428504e-08
4778,5,1,227,1071,206600,0,3.47063973228844e-09
4779,5,1,229,1041,204556,0,1.04753054386756e-07
4780,5,1,249,1079,181878,0,1.3941858348273e-08
4781,5,1,180,1035,164219,0,5.41340439714071e-08
4782,5,1,216,1065,144439,0,1.08154811357291e-08
4783,5,1,214,1061,129920,0,3.44294678803144e-08
4784,5,1,193,999,163901,0,1.8147021969964e-07
4785,5,1,197,1055,141971,0,1.2170216484216e-07
4786,5,1,209,1080,200803,0,5.25595788717889e-07
4787,5,1,228,1097,201541,0,1.6657638938942e-08
4788,5,1,250,1105,171504,0,1.97787578948623e-08
4789,5,1,243,1090,137363,0,1.8517809332248e-08
4790,5,1,241,1127,198937,0,2.45452548124831e-08
4791,5,1,228,1130,162008,0,1.36016783957347e-08
4792,5,1,236,1093,156088,0,8.81886397016617e-09
4793,5,1,230,1132,140941,0,8.49432549895211e-09
4794,5,1,243,1086,151141,0,3.81921572218994e-09
4795,5,1,225,1084,182088,0,2.47650188268036e-08
4796,5,1,215,1113,160559,0,2.09453416545901e-08
4797,5,1,215,1116,137126,0,1.20212092141857e-08
4798,5,1,236,1106,191638,0,3.62122203836727e-09
4799,5,1,212,1077,164179,0,2.18434662109524e-07
4800,5,1,231,1087,173035,0,4.3315981706871e-07
4801,5,1,255,1091,224836,0,1.09609759772531e-07
4802,5,1,220,1116,154063,0,1.44029258139416e-07
4803,5,1,209,1106,151393,0,4.0875879801079e-09
4804,5,1,233,1089,167622,0,5.29519136891874e-08
4805,5,1,209,1120,163480,0,3.48314571080689e-07
4806,5,1,222,1101,160926,0,2.5506468922181e-07
4807,5,1,230,1104,155716,0,5.76142308816806e-08
4808,5,1,221,1104,134376,0,1.10893088663619e-06
4809,5,1,173,1129,140481,0,2.70604750332345e-08
4810,5,1,209,1101,147303,0,4.03949355761356e-06
4811,5,1,222,1105,142495,0,5.41305595464015e-09
4812,5,1,228,1040,143091,0,1.04442002131428e-08
4813,5,1,225,1069,152935,0,1.99215952554359e-09
4814,5,1,222,1093,173546,0,5.16627915195395e-09
4815,5,1,245,1069,156574,0,6.88561263385066e-09
4816,5,1,230,1137,143609,0,8.50883459837721e-09
4817,5,1,256,1078,190263,0,3.96987899397883e-08
4818,5,1,234,1124,171208,0,1.6510743050026e-08
4819,5,1,251,1058,214728,0,1.07688636857132e-05
4820,5,1,258,1077,204871,0,2.78939633773738e-08
4821,5,1,228,1111,204609,0,2.25994143434485e-08
4822,5,1,236,1080,189983,0,3.19658081914543e-08
4823,5,1,242,1160,217218,0,4.03019775781364e-08
4824,5,1,247,1049,224863,0,5.12953173132181e-08
4825,5,1,231,1127,186064,0,4.75575745622754e-07
4826,5,1,251,1118,270368,0,9.67037575914593e-09
4827,5,1,226,1084,236108,0,4.15583885793429e-07
4828,5,1,213,1077,239820,0,1.25710810666249e-08
4829,5,1,220,1029,222250,0,7.04317493060996e-09
4830,5,1,199,1090,333259,0,1.41065462666333e-07
4831,5,1,246,1036,282862,0,8.37650237903941e-09
4832,5,1,226,1077,266661,0,1.52087128275247e-08
4833,5,1,206,1086,248792,0,1.82516133314327e-08
4834,5,1,199,1062,297547,0,2.81802085035137e-08
4835,5,1,220,1124,303935,0,5.28700334638888e-08
4836,5,1,248,1084,311521,0,7.64879791205576e-09
4837,5,1,210,1036,285347,0,1.85624958788846e-08
4838,5,1,200,1084,193202,0,6.24042034340035e-08
4839,5,1,219,1057,174730,0,1.15277770438959e-07
4840,5,1,193,1090,162001,0,1.64418085288756e-07
4841,5,1,206,1095,175347,0,2.78506331125685e-08
4842,5,1,234,1122,193258,0,2.43060147002368e-08
4843,5,1,217,1103,190931,0,2.1852090131892e-08
4844,5,1,248,1099,316894,0,4.43086004200731e-09
4845,5,1,234,1093,234789,0,2.68944558796344e-09
4846,5,1,216,1084,197891,0,3.76056052225151e-09
4847,5,1,186,1135,219495,0,2.12602725160571e-08
4848,5,1,207,1106,208520,0,5.41138792155275e-08
4849,5,1,222,1057,207139,0,3.52011818080916e-08
4850,5,1,251,1111,210768,0,2.25934918767241e-08
4851,5,1,206,1118,359555,0,1.2809067017709e-08
4852,5,1,205,1063,414629,0,4.68275202712059e-08
4853,5,1,187,1028,293619,0,8.93914930829191e-08
4854,5,1,197,1043,209123,0,2.17686005816904e-08
4855,5,1,177,1075,172730,0,7.19911681119378e-09
4856,5,1,237,1031,192096,0,1.76030534653541e-07
4857,5,1,245,1079,218603,0,4.18326306922269e-08
4858,5,1,251,1134,192812,0,3.53372338910965e-08
4859,5,1,218,1055,200729,0,9.15872845068875e-09
4860,5,1,261,1143,212983,0,9.13058202996613e-09
4861,5,1,248,1070,157416,0,3.04578755756284e-08
4862,5,1,206,1096,151844,0,1.47843482805819e-07
4863,5,1,199,1074,139558,0,6.14595642797908e-07
4864,5,1,228,1121,186183,0,4.29458689658449e-08
4865,5,1,210,1063,172064,0,6.73674183229715e-09
4866,5,1,243,1099,220200,0,3.63298427065598e-09
4867,5,1,203,1129,232271,0,2.12363300008839e-08
4868,5,1,260,1115,194537,0,2.17703156179469e-08
4869,5,1,238,1072,244697,0,1.67062647295262e-07
4870,5,1,224,1118,207936,0,5.01025760811067e-08
4871,5,1,246,1063,307487,0,2.12222276073784e-08
4872,5,1,267,1084,437518,0,1.95151009366489e-08
4873,5,1,239,1060,372454,0,6.10823200340711e-08
4874,5,1,223,1085,342060,0,8.47110985486028e-09
4875,5,1,197,1076,211078,0,1.69213722326037e-08
4876,5,1,207,1077,190417,0,3.14745341840494e-06
4877,5,1,247,1081,218551,0,1.86930953287391e-08
4878,5,1,238,1117,218409,0,9.71288470561866e-08
4879,5,1,231,1062,202437,0,1.85579154975986e-08
4880,5,1,224,1158,211039,0,4.97795929159118e-07
4881,5,1,228,1111,288806,0,7.66161057733724e-08
4882,5,1,238,1125,270221,0,2.14620029932823e-08
4883,5,1,233,1135,268098,0,1.4732772855501e-09
4884,5,1,240,1070,304321,0,1.28278809253502e-08
4885,5,1,225,1054,277870,0,2.92650899880521e-09
4886,5,1,249,1068,266837,0,2.48257866393797e-07
4887,5,1,235,1055,214818,0,5.16727397050646e-09
4888,5,1,212,1072,196983,0,2.32392884473534e-08
4889,5,1,225,1090,193071,0,7.9170694433e-08
4890,5,1,220,1080,228148,0,4.26974558685789e-08
4891,5,1,249,1106,280332,0,3.59202297261399e-08
4892,5,1,244,1081,336862,0,5.15270262840748e-08
4893,5,1,245,1049,416340,0,2.08354379413214e-08
4894,5,1,252,1075,259833,0,8.70802154482362e-09
4895,5,1,223,1062,283028,0,7.01356587555823e-08
4896,5,1,272,1067,265734,0,1.4639597234779e-07
4897,5,1,246,1028,217580,0,7.43185331517906e-09
4898,5,1,252,1119,249742,0,5.22804901449728e-09
4899,5,1,221,1073,243027,0,4.74102399721113e-08
4900,5,1,217,1075,244811,0,1.17231912310553e-07
4901,5,1,212,1085,241558,0,1.84970529379352e-08
4902,5,1,217,1162,217309,0,1.4403968564387e-07
4903,5,1,208,1078,294933,0,4.88732135088224e-08
4904,5,1,206,1059,248646,0,5.74308368700722e-09
4905,5,1,225,1140,229003,0,7.77368073586215e-07
4906,5,1,242,1113,255509,0,8.872878740202e-08
4907,5,1,225,1064,220597,0,1.52696016441448e-07
4908,5,1,197,1091,218886,0,7.34341125517341e-09
4909,5,1,211,1102,223339,0,2.12577665449131e-08
4910,5,1,196,1083,204062,0,5.9073271573628e-08
4911,5,1,216,1088,296745,0,2.15115830869079e-08
4912,5,1,220,1083,322418,0,2.30567001630179e-08
4913,5,1,221,1071,400475,0,4.88599206446292e-09
4914,5,1,229,1122,288295,0,3.22316819493056e-08
4915,5,1,245,1088,299448,0,1.14658613048877e-08
4916,5,1,230,1068,275837,0,4.69271325867431e-08
4917,5,1,206,1046,280462,0,6.68682852946827e-08
4918,5,1,239,1141,287913,0,1.57635470230405e-08
4919,5,1,219,1100,236243,0,3.30192548940741e-08
4920,5,1,222,1081,218014,0,1.76233841799391e-09
4921,5,1,224,1059,229114,0,8.75853617449645e-09
4922,5,1,229,1166,223133,0,8.14380241282572e-08
4923,5,1,249,1106,218648,0,3.12664157553851e-08
4924,5,1,242,1072,248622,0,1.00126320318723e-08
4925,5,1,188,1077,238568,0,1.85401434041434e-08
4926,5,1,198,1088,232060,0,1.12153559298381e-08
4927,5,1,244,1081,206550,0,1.15140901987677e-08
4928,5,1,233,1110,313740,0,9.04036870803508e-09
4929,5,1,217,1078,198466,0,7.05875658651577e-08
4930,5,1,219,1112,164509,0,8.79405872474317e-09
4931,5,1,250,1089,211101,0,1.68871382440867e-08
4932,5,1,217,1100,210460,0,8.50039455652046e-09
4933,5,1,241,1077,195521,0,6.40312082280943e-08
4934,5,1,200,1101,236152,0,6.54216326889224e-09
4935,5,1,221,1144,239864,0,1.19893181123818e-08
4936,5,1,214,1077,242110,0,1.21439833855421e-08
4937,5,1,229,1109,226595,0,1.85147780599652e-08
4938,5,1,215,1128,221611,0,5.33403982854342e-09
4939,5,1,197,1065,261285,0,9.86360659146769e-09
4940,5,1,197,1063,295980,0,1.15031469096337e-08
4941,5,1,189,1097,278591,0,4.76253226784067e-09
4942,5,1,205,1111,404343,0,6.38814848457572e-08
4943,5,1,206,1049,382715,0,1.09227781239158e-08
4944,5,1,181,1050,279315,0,2.7047784368297e-08
4945,5,1,198,1074,292405,0,5.51475782563525e-08
4946,5,1,190,1064,293654,0,1.45773696511579e-09
4947,5,1,190,1057,264430,0,9.35150895582759e-09
4948,5,1,170,1058,245300,0,2.29733395850485e-08
4949,5,1,184,1071,236855,0,4.800580012846e-09
4950,5,1,198,1035,203876,0,3.34607901429594e-08
4951,5,1,208,1105,218954,0,3.64976503179338e-08
4952,5,1,215,1053,229170,0,7.81274353478211e-09
4953,5,1,187,1022,215783,0,2.30834975881233e-08
4954,5,1,189,1055,208531,0,1.65379551089876e-08
4955,5,1,181,1025,200422,0,2.89136560223877e-09
4956,5,1,208,1091,232053,0,1.78727003208181e-08
4957,5,1,192,1062,266306,0,1.24346673031781e-08
4958,5,1,217,1082,292224,0,3.7496324341676e-08
4959,5,1,216,1086,322438,0,2.33096155619533e-09
4960,5,1,188,1034,383825,0,1.23986683644459e-08
4961,5,1,210,1044,209690,0,1.91781581693598e-09
4962,5,1,185,1095,308328,0,1.19516275688273e-08
4963,5,1,251,1041,286145,0,7.91179015072931e-08
4964,5,1,192,1008,281236,0,1.79158024366488e-09
4965,5,1,214,1053,325272,0,5.42937866993421e-07
4966,5,1,207,1043,407839,0,8.03711247351278e-09
4967,5,1,218,1017,388489,0,2.40231277698812e-09
4968,5,1,223,1091,274207,0,1.31013496484739e-08
4969,5,1,188,1106,266339,0,5.12261015652845e-09
4970,5,1,218,1123,305202,0,1.10267618692425e-08
4971,5,1,236,1079,360614,0,2.46634602686549e-07
4972,5,1,196,1094,347886,0,1.21136597698452e-08
4973,5,1,239,1104,286431,0,3.67142227166032e-08
4974,5,1,221,1066,190981,0,1.99189732024206e-07
4975,5,1,228,1077,235360,0,1.08754625616559e-07
4976,5,1,225,1103,258652,0,1.15360389076871e-08
4977,5,1,181,1034,205375,0,4.78236516505668e-09
4978,5,1,218,1103,240848,0,8.63044597280021e-09
4979,5,1,226,1114,218404,0,1.39456551675693e-07
4980,5,1,194,1067,194299,0,1.37262302942028e-07
4981,5,1,202,1079,197701,0,1.8855121215738e-08
4982,5,1,177,1093,205836,0,1.30077940126648e-08
4983,5,1,235,1060,187408,0,1.56952388311703e-07
4984,5,1,196,1093,252241,0,1.33713029565076e-07
4985,5,1,198,1067,235653,0,4.27157849435265e-08
4986,5,1,216,1044,270734,0,5.6412546306439e-09
4987,5,1,216,1071,292349,0,9.31575199013102e-09
4988,5,1,188,1108,311171,0,3.16344237542704e-08
4989,5,1,193,1094,394653,0,7.22535632503539e-09
4990,5,1,207,1079,250935,0,1.13250883167016e-07
4991,5,1,202,1070,230453,0,1.30044582495273e-07
4992,5,1,202,1092,258117,0,9.96906707406508e-09
4993,5,1,209,1102,253702,0,7.13413805635481e-09
4994,5,1,230,1069,275619,0,9.98868265099461e-09
4995,5,1,236,1086,261456,0,4.61815045707593e-09
4996,5,1,209,1110,251277,0,2.72883984046857e-07
4997,5,1,199,1070,244030,0,1.28918673308624e-08
4998,5,1,227,1061,257434,0,7.40937300336147e-08
4999,5,1,216,1099,303441,0,2.63817509251037e-08
5000,5,1,229,1059,289099,0,3.58459890257446e-08
5001,5,1,195,1071,262491,0,1.40499194044915e-08
5002,5,1,225,1123,283844,0,1.08591239741147e-07
5003,5,1,218,1061,284739,0,8.4983647300372e-09
5004,5,1,221,1089,242104,0,3.43997035613438e-05
5005,5,1,238,1065,256130,0,3.09944709564397e-08
5006,5,1,254,1083,289356,0,2.33719294811517e-07
5007,5,1,210,1071,257480,0,1.1667784297494e-08
5008,5,1,205,1069,323113,0,2.36251605373614e-08
5009,5,1,237,1084,286810,0,6.05473688177418e-06
5010,5,1,203,1073,295966,0,6.06363668910736e-09
5011,5,1,242,1094,338993,0,4.92756966627459e-09
5012,5,1,200,1085,245215,0,1.0899145847805e-08
5013,5,1,206,1067,241791,0,2.17241808501928e-08
5014,5,1,207,1133,332755,0,2.02358946445295e-08
5015,5,1,223,1089,328706,0,1.55231538495236e-07
5016,5,1,220,1126,382407,0,7.24902092172555e-07
5017,5,1,191,1136,333285,0,6.80312400104762e-09
5018,5,1,189,1099,299421,0,1.49612700390568e-08
5019,5,1,223,1084,272367,0,1.82234606723243e-08
5020,5,1,208,1074,297204,0,9.38001773592874e-08
5021,5,1,199,1092,244653,0,2.32794716909712e-07
5022,5,1,242,1054,272160,0,6.90101066454375e-09
5023,5,1,221,1122,203746,0,4.02558758777854e-09
5024,5,1,232,1066,212237,0,1.10627939833928e-08
5025,5,1,211,1081,227269,0,1.79464171408824e-08
5026,5,1,202,1128,281978,0,2.90687965387603e-08
5027,5,1,208,1143,297875,0,2.11794213998592e-08
5028,5,1,223,1074,247375,0,1.40395578760805e-08
5029,5,1,218,1109,195785,0,9.15743452700836e-09
5030,5,1,190,1060,167238,0,3.65300065659288e-07
5031,5,1,202,1054,171192,0,1.49908903402754e-08
5032,5,1,202,1077,190179,0,3.76811917355561e-07
5033,5,1,213,1044,218995,0,8.84285604109505e-09
5034,5,1,239,1071,221281,0,1.68085644383618e-09
5035,5,1,193,1128,171295,0,4.03640552748382e-09
5036,5,1,220,1108,224136,0,1.9117812775554e-08
5037,5,1,205,1100,198954,0,1.11556722059893e-08
5038,5,1,215,1036,209275,0,1.4937020653809e-07
5039,5,1,212,1047,309880,0,2.02839141486272e-08
5040,5,1,195,1060,156919,0,1.67388690373906e-07
5041,5,1,228,1118,167070,0,1.84586523751913e-09
5042,5,1,193,1106,192068,0,4.60360079176664e-09
5043,5,1,196,1085,206268,0,4.34899117814286e-08
5044,5,1,181,1059,197222,0,3.89632898660143e-07
5045,5,1,167,1104,207706,0,7.0296475899542e-09
5046,5,1,201,1086,227742,0,3.8565995837853e-08
5047,5,1,209,1054,318811,0,4.37284622291522e-09
5048,5,1,242,1081,306287,0,4.1746381334307e-09
5049,5,1,235,1105,200735,0,5.78012713840821e-08
5050,5,1,195,1072,179969,0,8.22801330558878e-09
5051,5,1,196,1108,167205,0,3.5674158136861e-08
5052,5,1,198,1041,167168,0,1.43496606616759e-08
5053,5,1,238,1082,129479,0,2.14005632448171e-08
5054,5,1,214,1069,144357,0,1.97699823377511e-08
5055,5,1,235,1076,176557,0,5.49127393504117e-08
5056,5,1,223,1051,180425,0,2.50758078461774e-08
5057,5,1,199,1048,209984,0,3.02513033200203e-07
5058,5,1,242,1008,269966,0,2.5594762501112e-08
5059,5,1,236,1055,284471,0,1.87130409898795e-08
5060,5,1,240,1036,237344,0,6.7268108899548e-08
5061,5,1,227,1066,151947,0,1.64344346876442e-07
5062,5,1,240,1124,142907,0,4.6513383223595e-08
5063,5,1,208,1103,154829,0,8.87695315559144e-08
5064,5,1,221,1039,168546,0,5.40423895775037e-09
5065,5,1,216,1065,190736,0,1.45476666615498e-07
5066,5,1,259,1078,309463,0,4.2048038686751e-08
5067,5,1,200,1077,244313,0,5.63106918130451e-09
5068,5,1,219,1070,242011,0,1.23695027127298e-08
5069,5,1,227,972,186427,0,6.50105847449384e-09
5070,5,1,248,1080,145136,0,1.28401296263411e-08
5071,5,1,220,1092,112158,0,9.6503456604343e-09
5072,5,1,225,1094,131153,0,5.05586719544331e-08
5073,5,1,250,1105,163791,0,6.83249606317244e-08
5074,5,1,190,1061,129345,0,8.03162918210009e-08
5075,5,1,178,1090,121658,0,4.58904517318465e-08
5076,5,1,200,1094,179120,0,3.12604676537917e-09
5077,5,1,224,1066,260149,0,1.0810904054007e-07
5078,5,1,219,1080,235440,0,6.66512228817567e-09
5079,5,1,212,1095,197601,0,3.48284925660255e-08
5080,5,1,198,1074,140070,0,1.26081868470077e-08
5081,5,1,184,1079,118126,0,1.75175038155903e-08
5082,5,1,184,1105,125093,0,4.87172180442338e-08
5083,5,1,162,1060,102938,0,6.89308229404078e-08
5084,5,1,209,1071,116534,0,1.65729698600104e-08
5085,5,1,188,1067,111417,0,1.62289582547055e-07
5086,5,1,223,1118,145035,0,1.47076268159519e-08
5087,5,1,222,1085,134151,0,2.24716486261991e-09
5088,5,1,218,1072,150461,0,2.44159165270236e-08
5089,5,1,226,1102,184442,0,3.10618820264944e-09
5090,5,1,219,1089,156363,0,1.51188445865547e-08
5091,5,1,240,1060,162122,0,3.75689190334892e-08
5092,5,1,223,1049,218812,0,4.75869782905395e-09
5093,5,1,208,1069,199558,0,6.13801142011859e-09
5094,5,1,205,1082,197185,0,2.94337150042744e-05
5095,5,1,244,1067,182819,0,7.11319624284477e-09
5096,5,1,221,1074,153270,0,9.90810941029321e-08
5097,5,1,220,1076,175396,0,9.55853082566701e-08
5098,5,1,210,1101,223997,0,5.82350164546705e-08
5099,5,1,223,1109,231955,0,1.98045686760995e-08
5100,5,1,210,1044,258564,0,8.52248464155823e-09
5101,5,1,183,1045,213763,0,1.70599366870911e-08
5102,5,1,192,1002,281039,0,4.8170939741932e-07
5103,5,1,189,1042,226432,0,5.43008885650716e-08
5104,5,1,185,1070,178194,0,1.30051814550625e-07
5105,5,1,219,1068,203573,0,2.58343644556993e-08
5106,5,1,208,1094,192003,0,7.61248374132646e-09
5107,5,1,206,1084,212139,0,2.1875136820093e-08
5108,5,1,228,1053,250808,0,2.95751020302145e-08
5109,5,1,243,1078,285667,0,9.35381842010477e-09
5110,5,1,245,1134,219787,0,1.07381666856983e-07
5111,5,1,244,1076,295648,0,1.18708480249597e-08
5112,5,1,241,1080,237902,0,1.63176185545133e-08
5113,5,1,225,1072,196926,0,1.66473828532654e-08
5114,5,1,225,1103,174249,0,8.24426407729136e-07
5115,5,1,219,1095,186377,0,5.37847909109179e-09
5116,5,1,254,1101,172759,0,2.56837899115376e-08
5117,5,1,235,1087,212036,0,2.02076870446218e-09
5118,5,1,195,1053,199814,0,3.76115225081739e-08
5119,5,1,212,1081,260357,0,1.89559847856459e-07
5120,5,1,206,1074,213766,0,4.1320546847093e-08
5121,5,1,213,1073,272908,0,1.73316285852373e-08
5122,5,1,208,1085,268665,0,4.65874363030584e-07
5123,5,1,201,1052,261324,0,5.05807380770538e-08
5124,5,1,192,1068,237352,0,3.02507623081413e-07
5125,5,1,209,1060,233794,0,8.32587275474838e-09
5126,5,1,234,1062,253038,0,4.9139456721431e-08
5127,5,1,220,1082,349268,0,3.7367394233053e-09
5128,5,1,268,1131,372165,0,3.72680437550778e-09
5129,5,1,249,1044,227655,0,2.47658848345522e-07
5130,5,1,213,1075,258550,0,1.29054819222611e-07
5131,5,1,267,1127,288409,0,9.61362980307747e-08
5132,5,1,236,1109,236153,0,1.32707142420222e-08
5133,5,1,229,1082,242697,0,6.42226387011723e-05
5134,5,1,236,1134,228632,0,7.54587854251193e-09
5135,5,1,208,1019,272467,0,1.58624068158633e-08
5136,5,1,234,1094,275672,0,1.10291624522731e-08
5137,5,1,251,1086,279182,0,6.42585058311125e-09
5138,5,1,233,1066,285048,0,1.4891765157905e-08
5139,5,1,178,1033,266737,0,9.96507039136960e-09
5140,5,1,198,1079,396145,0,6.19403719611808e-08
5141,5,1,232,1092,340956,0,4.53942344760127e-09
5142,5,1,187,1043,270887,0,1.06798923772363e-08
5143,5,1,227,1081,281766,0,1.85403757698664e-08
5144,5,1,160,1013,258801,0,3.05820222081162e-07
5145,5,1,201,1023,227689,0,9.53024906849892e-09
5146,5,1,208,1073,203527,0,7.02632191632699e-07
5147,5,1,219,1075,227534,0,1.04521024289411e-08
5148,5,1,205,1086,227508,0,2.68739771423219e-07
5149,5,1,215,1032,182863,0,3.45405921306472e-08
5150,5,1,233,1050,199883,0,5.58444915523476e-08
5151,5,1,220,1096,278142,0,3.68512596733306e-08
5152,5,1,203,1035,228508,0,5.86680952287563e-08
5153,5,1,169,1038,212361,0,2.5601621026438e-08
5154,5,1,182,1051,195920,0,7.40229762768540e-09
5155,5,1,184,1032,184912,0,2.2852548416173e-05
5156,5,1,177,1104,153177,0,2.87261285675382e-08
5157,5,1,196,1049,144785,0,9.05946245134937e-08
5158,5,1,190,1056,170123,0,6.53536459260049e-09
5159,5,1,219,1073,141088,0,1.30735383684746e-07
5160,5,1,204,1067,114298,0,2.89619211503713e-08
5161,5,1,186,1115,137533,0,3.17493631393988e-08
5162,5,1,225,1083,161689,0,3.03588448335948e-08
5163,5,1,189,1103,176645,0,1.07696452752135e-07
5164,5,1,179,1020,162097,0,2.91637703663255e-08
5165,5,1,210,1064,154558,0,1.05800429477313e-07
5166,5,1,195,1028,268515,0,1.59433562835693e-08
5167,5,1,218,1047,373907,0,1.73255330705996e-08
5168,5,1,191,1050,290372,0,3.02934942615177e-08
5169,5,1,183,1054,336132,0,2.19316379703776e-07
5170,5,1,178,1022,478669,0,2.74889187649153e-08
5171,5,1,208,1057,543384,0,3.76311244870616e-09
5172,5,1,184,1028,352395,0,2.12839843256679e-08
5173,5,1,234,1065,309584,0,2.67023853426463e-09
5174,5,1,190,1044,290740,0,6.11532661802643e-07
5175,5,1,184,1069,291233,0,6.16696222359057e-08
5176,5,1,201,1043,305291,0,3.27983378910767e-09
5177,5,1,226,1075,376030,0,2.77732440926553e-08
5178,5,1,188,1036,308309,0,7.45512825491992e-09
5179,5,1,203,1003,224663,0,1.20071016492877e-06
5180,5,1,164,1047,222352,0,5.28867575707741e-08
5181,5,1,205,1122,326756,0,1.66843958587329e-07
5182,5,1,184,1066,285304,0,5.2156524697845e-09
5183,5,1,212,1107,260564,0,3.93623301791982e-08
5184,5,1,206,1070,320065,0,8.31272566492689e-09
5185,5,1,220,1054,368419,0,7.08279152384417e-08
5186,5,1,209,1088,267232,0,7.88597945142968e-09
5187,5,1,235,1075,314576,0,1.31314885616757e-08
5188,5,1,211,1077,240127,0,5.497979625887e-08
5189,5,1,225,1044,231895,0,5.84036935061197e-09
5190,5,1,213,1080,204135,0,5.62119467317112e-09
5191,5,1,194,1095,191082,0,2.66668997297002e-08
5192,5,1,202,1087,238737,0,3.078648318085e-09
5193,5,1,231,1044,228103,0,4.82309176089619e-08
5194,5,1,189,1094,200391,0,6.25399118731443e-07
5195,5,1,219,1090,189810,0,1.26632965083631e-08
5196,5,1,190,1039,227268,0,1.79304200600578e-08
5197,5,1,212,1099,188476,0,2.95024037887577e-08
5198,5,1,205,1110,216715,0,4.14758779300361e-09
5199,5,1,241,1096,230745,0,4.85503429485776e-08
5200,5,1,191,1127,196003,0,2.74630862782809e-08
5201,5,1,210,1082,232921,0,3.24236301105528e-08
5202,5,1,223,1066,260016,0,2.08676431144135e-08
5203,5,1,218,1108,290736,0,1.38316409395366e-07
5204,5,1,243,1075,270342,0,4.1753123407696e-08
5205,5,1,244,1080,240973,0,1.9669226409764e-08
5206,5,1,220,1143,240800,0,9.24430136597871e-06
5207,5,1,236,1124,212351,0,1.34674262606498e-08
5208,5,1,205,1136,202758,0,1.22431826399511e-08
5209,5,1,223,1142,233607,0,6.75929778208214e-09
5210,5,1,173,1102,244523,0,2.55224508614823e-08
5211,5,1,235,1109,226178,0,7.45866663674496e-09
5212,5,1,237,1075,188501,0,2.58990214873924e-08
5213,5,1,221,1158,232826,0,5.45447959937969e-08
5214,5,1,215,1084,250026,0,1.19242929879958e-08
5215,5,1,240,1109,256319,0,3.41674988120902e-07
5216,5,1,277,1038,303772,0,4.13128348520559e-09
5217,5,1,218,1118,301164,0,1.56638714584101e-07
5218,5,1,247,1093,279565,0,3.23045163378967e-08
5219,5,1,216,1098,218449,0,2.42253252298284e-08
5220,5,1,246,1084,246638,0,3.69969923003425e-08
5221,5,1,206,1094,222702,0,3.54785442720519e-08
5222,5,1,251,1132,195435,0,4.73151439336903e-08
5223,5,1,233,1042,192775,0,6.94204839300964e-09
5224,5,1,220,1096,172106,0,4.0526193466023e-08
5225,5,1,230,1113,203442,0,4.382033738976e-09
5226,5,1,231,1093,163449,0,5.92135781946939e-08
5227,5,1,242,1169,126383,0,5.44591256521687e-08
5228,5,1,232,1091,126132,0,6.46896790910648e-09
5229,5,1,215,1069,162951,0,1.1557631075631e-08
5230,5,1,246,1099,184371,0,4.70068555504887e-09
5231,5,1,247,1070,197166,0,2.80268688314043e-09
5232,5,1,225,1090,178617,0,5.45117082886258e-08
5233,5,1,261,1109,241083,0,6.47713482587019e-07
5234,5,1,231,1091,203288,0,4.45194596582717e-09
5235,5,1,257,1093,278965,0,4.646437266538e-09
5236,5,1,230,1104,163491,0,1.61911258744214e-09
5237,5,1,224,1117,159146,0,2.31750128764904e-09
5238,5,1,247,1142,125832,0,4.32522584738506e-09
5239,5,1,228,1098,148805,0,4.49587837849025e-07
5240,5,1,229,1071,177258,0,4.5270024013239e-09
5241,5,1,230,1069,179623,0,9.18547698313705e-08
5242,5,1,216,1060,190466,0,1.80345904238092e-08
5243,5,1,221,1106,217002,0,2.78776859252833e-08
5244,5,1,208,1094,178470,0,1.64037863290477e-07
5245,5,1,231,1088,228448,0,9.09822660073627e-09
5246,5,1,249,1077,299366,0,1.90088916428296e-08
5247,5,1,217,1051,284879,0,1.41948030441438e-08
5248,5,1,213,1142,329950,0,2.04587214094499e-08
5249,5,1,209,1089,382463,0,1.67032631763072e-08
5250,5,1,190,1099,305901,0,1.15774802189462e-07
5251,5,1,234,1117,250344,0,2.22113436482653e-08
5252,5,1,246,1084,194611,0,3.27270122549402e-09
5253,5,1,211,1081,211648,0,2.82453314840675e-08
5254,5,1,213,1125,207875,0,3.11384086051307e-09
5255,5,1,214,1133,177072,0,2.44210809143009e-08
5256,5,1,212,1094,169937,0,8.09809020992204e-09
5257,5,1,224,1086,159761,0,7.02967401367206e-09
5258,5,1,193,1059,186336,0,6.02176571666072e-09
5259,5,1,253,1134,226384,0,2.64149958047145e-09
5260,5,1,219,1141,166519,0,6.85006311067216e-09
5261,5,1,215,1141,181096,0,8.48259988303406e-09
5262,5,1,218,1136,192958,0,2.83984572191227e-08
5263,5,1,239,1119,232187,0,1.78168854925811e-09
5264,5,1,256,1114,277569,0,7.13301268595201e-08
5265,5,1,221,1111,273432,0,1.2093618367615e-08
5266,5,1,252,1113,207705,0,1.36708603633648e-08
5267,5,1,208,1073,210743,0,2.23525493686677e-08
5268,5,1,217,1055,173768,0,3.04716665726044e-09
5269,5,1,232,1053,159672,0,6.01848760829942e-08
5270,5,1,205,1030,187327,0,8.57236589127374e-08
5271,5,1,211,1053,195684,0,4.19906155744135e-08
5272,5,1,220,1061,229976,0,1.2751029295949e-08
5273,5,1,192,1084,179297,0,4.44808741853415e-09
5274,5,1,197,1072,151164,0,4.98546488336786e-07
5275,5,1,214,1077,236611,0,1.85185519565966e-06
5276,5,1,252,1088,308117,0,2.19702620641524e-08
5277,5,1,235,1118,280921,0,1.75144296161097e-08
5278,5,1,219,1083,284785,0,1.02719801788919e-08
5279,5,1,248,1098,271634,0,2.13531048122063e-08
5280,5,1,230,1081,230807,0,2.95285467293603e-08
5281,5,1,224,1091,215733,0,1.19310753475625e-07
5282,5,1,241,1070,211499,0,5.26144089649488e-08
5283,5,1,241,1076,232517,0,1.48833211263351e-08
5284,5,1,215,1100,228790,0,7.77886882212045e-09
5285,5,1,203,1089,201977,0,4.41889611308035e-08
5286,5,1,225,1116,197255,0,3.33929986342697e-07
5287,5,1,208,1078,250463,0,9.89247229846555e-08
5288,5,1,207,1060,312774,0,1.77925330351087e-08
5289,5,1,233,1105,256487,0,1.68418471097991e-08
5290,5,1,213,1121,267281,0,8.70361211986899e-08
5291,5,1,228,1085,196386,0,5.71091898135199e-09
5292,5,1,224,1087,229293,0,1.00478144817735e-08
5293,5,1,234,1175,184783,0,7.42142578043215e-09
5294,5,1,263,1092,217984,0,1.41003499506698e-08
5295,5,1,229,1101,214965,0,1.36889738964376e-08
5296,5,1,238,1086,230984,0,2.33227343658841e-09
5297,5,1,240,1060,310956,0,4.98291843681516e-08
5298,5,1,203,1085,262580,0,3.63241859662347e-09
5299,5,1,232,1115,263872,0,8.58732003100495e-09
5300,5,1,206,1127,249360,0,5.18872023249311e-08
5301,5,1,246,1111,271910,0,8.77450923776397e-09
5302,5,1,207,1111,231483,0,5.76619610196108e-07
5303,5,1,203,1092,280989,0,1.05982247958943e-07
5304,5,1,191,1048,298548,0,6.65454326620862e-08
5305,5,1,244,1011,336625,0,2.40460799482973e-08
5306,5,1,266,1045,264384,0,6.91138456611918e-09
5307,5,1,224,1098,272122,0,1.15054782986932e-08
5308,5,1,223,1129,269440,0,4.4226973222096e-08
5309,5,1,216,1085,246624,0,4.26063386604479e-09
5310,5,1,201,1113,219246,0,2.01261289311004e-08
5311,5,1,199,1122,234859,0,1.37066302520057e-08
5312,5,1,195,1097,275116,0,5.69583558793576e-09
5313,5,1,223,1041,424608,0,4.71418249210954e-08
5314,5,1,223,1063,265331,0,3.49895428201954e-09
5315,5,1,232,1064,249284,0,3.99999306896085e-07
5316,5,1,205,1118,236751,0,6.36614027358641e-09
5317,5,1,233,1095,250310,0,1.09011678871952e-08
5318,5,1,218,1122,271611,0,2.68071024964779e-08
5319,5,1,214,1077,229172,0,7.88965521670562e-08
5320,5,1,236,1088,247011,0,1.95159993346995e-08
5321,5,1,224,1088,240710,0,9.20352769074611e-09
5322,5,1,243,1083,277284,0,2.901182549692e-09
5323,5,1,213,1060,201234,0,8.32822247156931e-09
5324,5,1,214,1050,228287,0,5.15631095137582e-07
5325,5,1,237,1095,208719,0,4.25660241687231e-08
5326,5,1,246,1111,236904,0,1.86499180371456e-08
5327,5,1,198,1090,320657,0,7.00218775462358e-08
5328,5,1,227,1061,369480,0,3.41019386147604e-08
5329,5,1,226,1076,307588,0,2.61894475704592e-08
5330,5,1,237,1132,197681,0,4.27657142315709e-09
5331,5,1,201,1059,202518,0,1.59786875176781e-08
5332,5,1,223,1082,205989,0,9.0691179727229e-09
5333,5,1,240,1063,248390,0,7.29726699248685e-09
5334,5,1,233,1067,256263,0,8.02694998302052e-08
5335,5,1,246,1109,269138,0,1.09431681145929e-08
5336,5,1,226,1064,285578,0,1.4694399682831e-08
5337,5,1,201,1072,241924,0,2.10307938069155e-08
5338,5,1,217,1104,194753,0,5.33486782631117e-09
5339,5,1,200,1063,181043,0,4.81082004401348e-08
5340,5,1,237,1083,220985,0,4.08089892394246e-08
5341,5,1,209,1039,205043,0,1.13940798631717e-08
5342,5,1,227,1050,193094,0,5.55531866453786e-08
5343,5,1,216,1037,265754,0,8.06394611094106e-08
5344,5,1,235,1038,262931,0,1.0376189934875e-07
5345,5,1,210,1053,225296,0,2.54669671040082e-06
5346,5,1,205,1038,211139,0,6.79364790129572e-09
5347,5,1,243,1043,216321,0,2.43874785227619e-08
5348,5,1,221,1143,220408,0,4.63315929119346e-08
5349,5,1,242,1030,220959,0,5.79872330935767e-09
5350,5,1,255,1043,275149,0,1.82922446402715e-08
5351,5,1,199,990,283353,0,9.09383474143786e-09
5352,5,1,228,1065,308915,0,1.01570803925521e-08
5353,5,1,210,1039,277611,0,6.83885642605383e-09
5354,5,1,260,1070,328801,0,1.02174847932208e-07
5355,5,1,199,1043,317670,0,3.96979826150392e-08
5356,5,1,209,1027,375208,0,1.11073196896755e-08
5357,5,1,207,1090,455450,0,1.0736343789974e-08
5358,5,1,213,1049,317396,0,5.4961993594181e-07
5359,5,1,215,1043,314968,0,1.23687642620399e-08
5360,5,1,225,1081,379950,0,8.59691592563257e-09
5361,5,1,210,1051,297285,0,4.92134584057195e-07
5362,5,1,183,1052,318479,0,1.61506480881623e-08
5363,5,1,197,1023,301243,0,2.9098849165245e-07
5364,5,1,226,1053,278291,0,4.54821777452631e-07
5365,5,1,229,1109,296887,0,6.76695147150412e-09
5366,5,1,186,1046,300503,0,1.93341256930109e-08
5367,5,1,230,1055,321502,0,3.991060490888e-09
5368,5,1,211,1037,314314,0,7.27028078936148e-09
5369,5,1,228,1058,308699,0,6.69743398935969e-08
5370,5,1,225,1087,326894,0,3.07038827519483e-08
5371,5,1,237,1064,292930,0,6.32251146210516e-08
5372,5,1,217,1068,299678,0,6.85482994961338e-08
5373,5,1,213,1097,333007,0,1.1581895417465e-08
5374,5,1,204,1060,307105,0,2.3156504365364e-08
5375,5,1,232,1036,337664,0,5.46967079750409e-09
5376,5,1,202,1028,299246,0,7.64759793982776e-09
5377,5,1,174,1065,236516,0,7.05539154295256e-09
5378,5,1,208,1058,267051,0,1.0013022948179e-08
5379,5,1,210,1073,273248,0,6.65103507901461e-10
5380,5,1,218,1023,313332,0,3.33049509469871e-08
5381,5,1,202,1080,309897,0,4.59749851086794e-09
5382,5,1,211,1080,229053,0,8.39903534861071e-09
5383,5,1,225,1069,255821,0,3.06458366748455e-09
5384,5,1,246,1083,320873,0,3.32903397960217e-08
5385,5,1,197,1055,257160,0,2.57444432628e-09
5386,5,1,227,1082,341243,0,1.32026320581511e-08
5387,5,1,177,1100,275397,0,9.39611532501245e-09
5388,5,1,171,1052,268953,0,2.27255557864778e-08
5389,5,1,194,999,227697,0,1.81360022956979e-08
5390,5,1,217,1043,202254,0,7.82374277063213e-09
5391,5,1,185,1080,218841,0,1.47262442152071e-08
5392,5,1,218,1077,228276,0,2.25555449771548e-08
5393,5,1,153,1057,205579,0,1.13869727511815e-08
5394,5,1,202,1101,198826,0,2.8613549449239e-08
5395,5,1,203,1047,200850,0,2.19340644375939e-08
5396,5,1,207,1082,172529,0,1.67059136432997e-08
5397,5,1,213,1087,181963,0,2.16577765080114e-07
5398,5,1,217,1092,179213,0,3.77702467666699e-08
5399,5,1,210,1067,198150,0,1.45473794507224e-08
5400,5,1,219,1031,200135,0,8.10007354289188e-09
5401,5,1,211,1054,246333,0,1.85935375071838e-08
5402,5,1,177,1087,182274,0,9.89183869259305e-08
5403,5,1,232,1048,188550,0,3.15579712374602e-09
5404,5,1,210,1033,197390,0,6.07865926616935e-08
5405,5,1,200,1018,183379,0,8.13003396664302e-08
5406,5,1,237,1040,204092,0,7.54794628841628e-09
5407,5,1,239,1063,234432,0,5.7962657886754e-08
5408,5,1,235,1086,224325,0,2.16661456238055e-09
5409,5,1,224,1056,246052,0,9.40346134248672e-09
5410,5,1,200,1034,183329,0,5.58843500243067e-08
5411,5,1,210,1072,227972,0,1.40741792424364e-07
5412,5,1,242,1037,264782,0,2.57742408965288e-09
5413,5,1,237,1101,253542,0,1.31861147075351e-08
5414,5,1,196,1020,335083,0,3.98391467591658e-08
5415,5,1,201,1061,201888,0,3.62611316408776e-08
5416,5,1,203,1046,182375,0,1.40771143345765e-08
5417,5,1,193,1066,167969,0,6.38559778750669e-09
5418,5,1,173,1071,154803,0,1.82160808058553e-08
5419,5,1,209,1100,179169,0,3.02804937300208e-07
5420,5,1,181,1027,206421,0,7.5642430791541e-08
5421,5,1,216,1040,191456,0,6.01336937748464e-09
5422,5,1,201,1022,197707,0,1.34352971580873e-07
5423,5,1,209,1029,212092,0,4.34377657650505e-08
5424,5,1,237,1040,286542,0,7.61425192176322e-08
5425,5,1,216,1086,244420,0,2.52271862494993e-08
5426,5,1,207,1062,257157,0,5.77761716092509e-08
5427,5,1,236,1059,514236,0,9.5139889470492e-09
5428,5,1,236,1078,277200,0,3.99698781802448e-09
5429,5,1,226,1049,190095,0,4.61863803448071e-08
5430,5,1,237,1059,237368,0,5.98361784377245e-07
5431,5,1,240,1105,210511,0,7.42783946830139e-09
5432,5,1,236,1139,208875,0,1.59278431246886e-08
5433,5,1,245,1084,198812,0,1.47778890559166e-07
5434,5,1,258,1082,203471,0,3.50032539409285e-07
5435,5,1,212,1071,260253,0,6.15257801734261e-09
5436,5,1,221,1104,203966,0,7.0121032022394e-08
5437,5,1,214,1074,210423,0,2.93641113424575e-08
5438,5,1,200,1037,256185,0,2.97007040700656e-08
5439,5,1,221,1088,165034,0,2.69952527905429e-08
5440,5,1,230,1040,181213,0,6.09821084175176e-09
5441,5,1,208,1020,186265,0,9.97401336761399e-09
5442,5,1,215,1120,198916,0,4.51094657655939e-08
5443,5,1,225,1053,215165,0,5.18293930101062e-09
5444,5,1,207,1023,211653,0,3.69926887638712e-09
5445,5,1,207,1029,202149,0,1.67098681335267e-08
5446,5,1,219,1056,214340,0,1.0086989769448e-08
5447,5,1,245,1073,177811,0,2.16031748430334e-08
5448,5,1,263,1106,183508,0,4.35134923433949e-08
5449,5,1,240,1038,204127,0,1.21968230355073e-08
5450,5,1,230,1136,297445,0,6.82961866180292e-09
5451,5,1,200,1079,264107,0,7.12785497766536e-08
5452,5,1,232,1055,215954,0,4.32215149318661e-09
5453,5,1,200,1062,225558,0,3.30731843499553e-08
5454,5,1,228,1066,267000,0,5.74746585458743e-08
5455,5,1,200,1101,240439,0,9.26019774229005e-09
5456,5,1,195,1030,162969,0,3.83711139979349e-06
5457,5,1,210,1020,199795,0,4.95678831318652e-09
5458,5,1,219,1030,213694,0,3.54740385817523e-08
5459,5,1,203,1051,217107,0,1.90211851450058e-08
5460,5,1,235,1074,207176,0,3.26706441042782e-08
5461,5,1,234,1117,213394,0,9.63158236823031e-08
5462,5,1,197,1062,246449,0,3.60382824935162e-08
5463,5,1,212,1039,185072,0,2.48740444013197e-07
5464,5,1,218,1108,177057,0,2.07609732678324e-08
5465,5,1,214,1053,230756,0,3.03097587786522e-08
5466,5,1,180,1071,230239,0,3.60296225531418e-09
5467,5,1,216,1089,236798,0,3.21610749468743e-09
5468,5,1,214,1063,218047,0,1.54646463801452e-08
5469,5,1,167,1066,189430,0,4.19506242856142e-08
5470,5,1,186,1033,229292,0,5.53103368690852e-09
5471,5,1,170,1069,169578,0,2.37304869492973e-08
5472,5,1,206,1071,185612,0,1.49120098540412e-08
5473,5,1,233,1077,240115,0,4.20538309933208e-09
5474,5,1,233,1060,187432,0,2.03134697451195e-08
5475,5,1,179,1086,187730,0,2.15638101635986e-08
5476,5,1,197,1070,179180,0,4.10903388682146e-09
5477,5,1,201,1038,189152,0,8.39979708570752e-08
5478,5,1,212,1097,178059,0,1.75515358658442e-07
5479,5,1,187,1097,151775,0,8.48470067845543e-09
5480,5,1,229,1061,159209,0,3.11640058589151e-08
5481,5,1,208,1090,205404,0,5.78121430158253e-09
5482,5,1,211,1074,207643,0,4.28442239931768e-09
5483,5,1,223,1079,251636,0,2.45181861752797e-05
5484,5,1,209,1030,303043,0,4.72467650673683e-09
5485,5,1,186,1040,289228,0,1.70690545134937e-08
5486,5,1,170,1012,366506,0,2.84407511748045e-08
5487,5,1,190,1056,369226,0,8.46848882225602e-09
5488,5,1,210,1036,237209,0,6.36810733865405e-09
5489,5,1,207,1068,269774,0,1.5337893303934e-09
5490,5,1,198,996,328783,0,5.87679683963631e-07
5491,5,1,214,1051,255168,0,1.11134222766714e-08
5492,5,1,191,1047,282877,0,1.39058107905503e-05
5493,5,1,186,1063,273068,0,2.04078717596141e-08
5494,5,1,195,1056,352265,0,5.63377888087316e-08
5495,5,1,203,1035,318218,0,7.52794844675456e-08
5496,5,1,205,1067,257258,0,5.87636152819225e-08
5497,5,1,218,1087,241432,0,5.12759091131004e-09
5498,5,1,200,1066,246328,0,1.32474283011898e-07
5499,5,1,188,1078,213771,0,4.44641594564187e-09
5500,5,1,188,1116,199907,0,2.67527620210869e-08
5501,5,1,202,1097,179769,0,8.7470097046926e-08
5502,5,1,194,1061,272899,0,1.28895829011515e-08
5503,5,1,195,1091,209926,0,8.38284949595387e-08
5504,5,1,208,1065,240656,0,8.88201010433181e-09
5505,5,1,189,1089,195360,0,2.35648917690444e-08
5506,5,1,188,1064,171031,0,2.57665060888597e-08
5507,5,1,201,1027,302882,0,8.36114584849298e-09
5508,5,1,211,1046,270359,0,1.08761059427556e-08
5509,5,1,220,1080,242228,0,4.43245387894468e-09
5510,5,1,228,1035,338471,0,2.63078497972086e-08
5511,5,1,207,1064,343150,0,1.10796132116013e-08
5512,5,1,210,1052,275587,0,3.44298816015598e-09
5513,5,1,243,1089,250715,0,3.91174214831672e-08
5514,5,1,223,1066,201642,0,5.59229200842745e-09
5515,5,1,215,1061,186662,0,9.19547058358533e-09
5516,5,1,209,1061,213849,0,4.58107278569555e-08
5517,5,1,222,1055,252232,0,4.1476099560707e-08
5518,5,1,204,1029,354480,0,1.04697113488164e-07
5519,5,1,226,1034,257367,0,1.46034834749004e-08
5520,5,1,208,1090,223835,0,6.65106554366732e-09
5521,5,1,149,1095,189694,0,1.29332108404499e-07
5522,5,1,182,1084,310366,0,8.89902106028188e-08
5523,5,1,190,1048,168747,0,1.83970952386103e-08
5524,5,1,197,1109,200746,0,2.14026257255921e-08
5525,5,1,176,1106,162526,0,1.36242959107652e-07
5526,5,1,197,1084,151202,0,3.15698758314968e-08
5527,5,1,217,1032,189498,0,2.30496414620416e-09
5528,5,1,202,1027,189166,0,1.94545650167158e-08
5529,5,1,177,1067,193624,0,8.46468210866315e-09
5530,5,1,195,1085,203817,0,4.65615472036516e-08
5531,5,1,169,1006,182941,0,3.6097131451214e-09
5532,5,1,176,1042,211120,0,3.91502906964908e-09
5533,5,1,205,1043,198269,0,3.13318894934436e-09
5534,5,1,183,1093,167513,0,1.09434094293842e-08
5535,5,1,196,1054,178065,0,3.39872968639494e-08
5536,5,1,185,1058,188457,0,3.19709528257786e-08
5537,5,1,215,1048,252547,0,1.01200783160794e-08
5538,5,1,205,1067,205550,0,4.57892837406034e-08
5539,5,1,186,1022,154291,0,2.58892023842297e-08
5540,5,1,184,1051,174086,0,5.67077865260161e-08
5541,5,1,180,1038,212360,0,6.30493062807653e-08
5542,5,1,185,1028,276537,0,2.78842317992124e-08
5543,5,1,171,1027,269897,0,3.17248575047941e-07
5544,5,1,157,1031,425684,0,7.45812928525772e-08
5545,5,1,200,1039,363231,0,4.59281646398677e-09
5546,5,1,171,992,337995,0,5.5332196456759e-07
5547,5,1,164,1026,274613,0,1.10770312826433e-08
5548,5,1,170,1032,382497,0,1.22916193699239e-08
5549,5,1,193,995,384477,0,5.64437626319953e-08
5550,5,1,173,992,331889,0,2.05583383285791e-08
5551,5,1,156,1056,334442,0,8.0925209171788e-09
5552,5,1,189,1051,303055,0,5.17948420006922e-08
5553,5,1,220,1029,406186,0,2.39577796559394e-08
5554,5,1,163,1031,368309,0,5.22601269942825e-08
5555,5,1,206,1019,604712,0,3.14301796031618e-08
5556,5,1,198,1049,534301,0,1.21767392019901e-08
5557,5,1,191,1011,318027,0,4.89901260863291e-08
5558,5,1,196,1021,385219,0,1.87708363441773e-08
5559,5,1,202,1032,247164,0,1.43703080882738e-08
5560,5,1,177,1039,292529,0,3.21426748919752e-08
5561,5,1,189,1034,277864,0,7.2835961956338e-09
5562,5,1,193,1040,252007,0,7.81778460696105e-08
5563,5,1,224,1065,259202,0,1.16369364838664e-08
5564,5,1,198,1037,322608,0,9.84686997855496e-09
5565,5,1,184,1043,275777,0,2.06632560358873e-07
5566,5,1,181,1072,267485,0,7.55247408118388e-09
5567,5,1,186,1076,248825,0,7.48067488087171e-07
5568,5,1,165,1071,246509,0,1.050516594822e-07
5569,5,1,183,1034,332677,0,1.93662762380454e-08
5570,5,1,200,1076,230829,0,2.10139586379694e-08
5571,5,1,179,1090,250552,0,7.02857974179844e-08
5572,5,1,219,1088,236916,0,2.04079859980226e-08
5573,5,1,216,1125,236427,0,6.00091531998372e-09
5574,5,1,213,1056,315257,0,2.50621376587743e-09
5575,5,1,188,1075,235209,0,6.47863686931479e-09
5576,5,1,212,1073,260260,0,2.36737541509672e-06
5577,5,1,196,1062,323908,0,1.20667026164077e-08
5578,5,1,185,1090,233750,0,1.04120431729788e-07
5579,5,1,202,1077,224902,0,1.90208102615506e-08
5580,5,1,198,1054,279155,0,3.58415380862563e-08
5581,5,1,208,1119,317211,0,8.86782119920126e-09
5582,5,1,216,1020,312337,0,4.56239203703619e-09
5583,5,1,192,1036,297931,0,5.7823549690024e-08
5584,5,1,224,1110,307799,0,1.22618212597358e-08
5585,5,1,204,1096,349280,0,1.17195197462324e-08
5586,5,1,190,1082,279917,0,3.80144218956744e-08
5587,5,1,178,1079,259879,0,5.75535551497819e-09
5588,5,1,160,1052,361214,0,2.98033707825397e-08
5589,5,1,181,1029,343215,0,6.84312624328582e-08
5590,5,1,200,1039,246111,0,2.8139639068688e-08
5591,5,1,185,1044,283398,0,4.86667372084464e-08
5592,5,1,189,1028,230264,0,7.10979856146078e-09
5593,5,1,147,1089,236539,0,9.95439946331357e-09
5594,5,1,164,1116,218736,0,2.87952800243831e-08
5595,5,1,188,1081,252448,0,6.47465222245242e-08
5596,5,1,208,1044,248879,0,3.22881468717309e-08
5597,5,1,214,1075,156178,0,3.08005918208126e-09
5598,5,1,190,1054,159403,0,2.8807299351045e-08
5599,5,1,195,1094,160258,0,1.00805117704548e-08
5600,5,1,217,1148,166230,0,4.22561772085823e-09
5601,5,1,216,1063,195304,0,4.96379399056659e-09
5602,5,1,191,1088,187836,0,1.85959979100945e-07
5603,5,1,177,1088,182052,0,9.5533139605544e-09
5604,5,1,183,1081,161262,0,1.12852988098579e-08
5605,5,1,155,1042,196878,0,1.96488756122199e-08
5606,5,1,180,1089,189585,0,1.40901452571925e-07
5607,5,1,201,1100,143799,0,1.15871005656222e-08
5608,5,1,200,1106,183737,0,1.99533189667391e-06
5609,5,1,201,1063,199008,0,1.3940786455057e-07
5610,5,1,218,1065,200129,0,4.08184222043165e-08
5611,5,1,243,1115,250619,0,9.40644757162688e-09
5612,5,1,210,1079,198390,0,4.24386425922719e-08
5613,5,1,238,1157,187143,0,3.37859443447892e-06
5614,5,1,215,1071,184146,0,1.35095500714254e-06
5615,5,1,201,1105,137445,0,4.85010200479435e-07
5616,5,1,220,1096,165468,0,2.69330776069045e-08
5617,5,1,213,1133,174973,0,7.83643073598774e-09
5618,5,1,186,1115,140727,0,3.64136721643618e-09
5619,5,1,197,1035,148340,0,6.76175787520329e-09
5620,5,1,189,1027,135153,0,6.43314142619051e-09
5621,5,1,197,1120,135805,0,2.3846978147704e-07
5622,5,1,254,1081,141384,0,2.38049132664344e-08
5623,5,1,221,1094,183142,0,2.08265930135816e-08
5624,5,1,184,1124,140042,0,3.26337417477253e-08
5625,5,1,214,1108,186579,0,1.52182838631629e-08
5626,5,1,204,1074,254411,0,1.82535278048169e-07
5627,5,1,200,1098,267989,0,4.53495253585285e-08
5628,5,1,194,1133,271270,0,8.55632156938093e-08
5629,5,1,224,1116,372675,0,1.02416943213114e-08
5630,5,1,177,1062,290747,0,8.19676202751106e-09
5631,5,1,214,1074,292032,0,4.84864786882973e-08
5632,5,1,218,1066,256333,0,6.25385932853362e-08
5633,5,1,220,1070,260797,0,2.84182379450163e-08
5634,5,1,223,1101,234909,0,1.82667918825512e-07
5635,5,1,211,1074,174444,0,2.23836514176405e-08
5636,5,1,221,1089,168970,0,2.76270007566401e-08
5637,5,1,181,1089,175893,0,6.08686808995307e-08
5638,5,1,185,1108,148459,0,5.08125273509986e-09
5639,5,1,206,1086,165293,0,6.36428702069787e-08
5640,5,1,182,1122,173828,0,1.26916034176801e-07
5641,5,1,188,1105,173257,0,3.50128569441322e-08
5642,5,1,193,1068,156221,0,8.05612924811223e-08
5643,5,1,187,1070,150963,0,1.07389856194087e-07
5644,5,1,226,1081,153557,0,5.47635031390313e-07
5645,5,1,191,1087,149308,0,1.26548972584696e-08
5646,5,1,180,1054,192251,0,1.93562512713894e-07
5647,5,1,187,1068,152117,0,5.37795953642638e-09
5648,5,1,209,1088,146921,0,4.91914598197745e-08
5649,5,1,211,1117,170484,0,9.41520520731266e-09
5650,5,1,218,1100,153615,0,1.16398028364298e-08
5651,5,1,167,1102,195944,0,1.65802521207677e-08
5652,5,1,183,1086,203862,0,3.12013703085539e-07
5653,5,1,177,1121,158217,0,2.82546973144863e-09
5654,5,1,221,1061,141373,0,9.4823085036595e-09
5655,5,1,212,1077,176125,0,3.13078869623046e-08
5656,5,1,205,1132,170170,0,1.52119085832957e-08
5657,5,1,203,1085,138973,0,2.58293655375343e-08
5658,5,1,214,1110,133717,0,4.61780943122848e-09
5659,5,1,228,1075,118696,0,1.69043960767211e-09
5660,5,1,205,1140,154469,0,5.62823895434031e-09
5661,5,1,215,1032,175224,0,1.12100557633167e-07
5662,5,1,213,1050,173264,0,1.20454466088169e-08
5663,5,1,202,1071,202662,0,9.00188092768317e-09
5664,5,1,237,1117,213129,0,3.38706487394609e-09
5665,5,1,200,1139,228836,0,1.98054444234487e-08
5666,5,1,228,1051,238783,0,5.22656911269726e-08
5667,5,1,191,1065,194187,0,1.25767105984977e-08
5668,5,1,196,1050,236167,0,8.30293835739905e-09
5669,5,1,162,1116,174831,0,8.31280070489767e-09
5670,5,1,205,1110,189801,0,6.71050901455276e-08
5671,5,1,199,1110,185711,0,5.20336376273707e-09
5672,5,1,199,1114,179282,0,1.30498865294603e-08
5673,5,1,197,1065,181896,0,1.04589898601235e-08
5674,5,1,215,1071,221307,0,7.64334345867218e-09
5675,5,1,208,1097,239255,0,4.04687064453501e-08
5676,5,1,236,1120,207508,0,1.47224753225906e-08
5677,5,1,235,1111,358581,0,5.5110928611917e-08
5678,5,1,172,1083,249343,0,1.18762691764266e-08
5679,5,1,207,1093,215217,0,5.95592721068245e-08
5680,5,1,208,1147,223304,0,2.1663316554281e-07
5681,5,1,238,1067,227277,0,7.38431499071176e-08
5682,5,1,222,1064,256986,0,1.09623667401771e-08
5683,5,1,166,1025,280102,0,1.1158716358153e-08
5684,5,1,199,1090,254801,0,1.11914904735529e-09
5685,5,1,189,1060,275399,0,1.45588868829572e-07
5686,5,1,208,1101,389523,0,3.15436376602318e-09
5687,5,1,160,1099,276357,0,2.87239706370413e-08
5688,5,1,205,1062,306995,0,5.49157458767718e-09
5689,5,1,207,1083,256354,0,1.54040296432183e-08
5690,5,1,197,1088,172980,0,1.27001849491711e-08
5691,5,1,205,1128,303841,0,2.93493369548008e-07
5692,5,1,223,1095,255199,0,1.71823632679749e-08
5693,5,1,213,1149,181938,0,5.59224627090595e-08
5694,5,1,206,1081,208601,0,2.43755188700795e-08
5695,5,1,213,1118,228259,0,2.18377244119888e-09
5696,5,1,210,1104,179787,0,1.65829463058278e-07
5697,5,1,208,1048,158534,0,3.78397116449201e-08
5698,5,1,228,1083,204563,0,1.1397520302946e-08
5699,5,1,208,1088,258723,0,2.71659825035608e-09
5700,5,1,210,1100,209547,0,4.10845307533982e-08
5701,5,1,210,1176,163025,0,4.52105360177739e-09
5702,5,1,184,1102,184583,0,1.97289974162095e-08
5703,5,1,207,1084,209246,0,7.07535028778667e-09
5704,5,1,181,1063,262042,0,1.20718838956686e-08
5705,5,1,186,1083,301908,0,1.60961943433032e-08
5706,5,1,226,1059,202041,0,7.24949748888879e-08
5707,5,1,201,1100,285542,0,1.93935918706263e-08
5708,5,1,206,1071,201845,0,1.74319109174631e-08
5709,5,1,246,1082,177150,0,1.64023670865124e-08
5710,5,1,192,1074,233053,0,1.29080192165889e-08
5711,5,1,216,1070,247301,0,1.9048368868992e-08
5712,5,1,192,1097,222530,0,6.58322557334264e-09
5713,5,1,158,1100,316989,0,1.20839026652418e-07
5714,5,1,180,1090,239404,0,1.33249115022896e-08
5715,5,1,220,1063,249113,0,3.19768572361841e-07
5716,5,1,194,1058,205866,0,1.78208850608965e-08
5717,5,1,176,1124,173231,0,1.4429984132228e-08
5718,5,1,201,1100,216309,0,5.17712820247206e-09
5719,5,1,243,1106,325264,0,2.84025211552575e-08
5720,5,1,234,1104,199298,0,1.87917875456646e-08
5721,5,1,222,1101,197778,0,2.40051556503865e-08
5722,5,1,200,1062,205566,0,8.59279428671163e-07
5723,5,1,195,1056,256751,0,7.48899808884353e-09
5724,5,1,207,1102,232347,0,1.12793142270344e-08
5725,5,1,198,1118,231891,0,2.46568138617528e-08
5726,5,1,211,1142,192557,0,4.6815580500424e-08
5727,5,1,200,1113,177116,0,1.9731386727653e-07
5728,5,1,197,1099,323102,0,4.81865438916846e-08
5729,5,1,202,1084,245071,0,6.60249024420313e-08
5730,5,1,197,1125,225796,0,8.74418338741127e-09
5731,5,1,221,1108,263056,0,4.01011793112188e-08
5732,5,1,189,1114,282946,0,1.28429122726898e-08
5733,5,1,191,1092,283401,0,1.83458225076582e-08
5734,5,1,174,1051,256578,0,1.05141778258866e-08
5735,5,1,176,1117,257774,0,4.58628062382453e-07
5736,5,1,206,1183,203368,0,4.42919997599796e-09
5737,5,1,205,1122,227745,0,8.08407886146192e-09
5738,5,1,198,1072,166760,0,7.24540792530103e-08
5739,5,1,165,1089,169780,0,3.39327756154182e-08
5740,5,1,220,1097,195864,0,5.49584471466714e-08
5741,5,1,200,1105,188208,0,5.27401948333835e-09
5742,5,1,226,1093,223557,0,1.01935932759995e-08
5743,5,1,208,1072,262183,0,5.30016680357583e-08
5744,5,1,190,1080,247788,0,8.3341989277616e-08
5745,5,1,208,1093,255180,0,4.65367903035973e-08
5746,5,1,233,1129,199498,0,2.68886429795977e-07
5747,5,1,232,1162,249642,0,5.01174848078866e-09
5748,5,1,225,1084,294536,0,7.2198867524094e-09
5749,5,1,194,1134,233930,0,1.47018312886413e-07
5750,5,1,209,1121,222476,0,1.03179191294035e-08
5751,5,1,192,1141,283752,0,1.5782415162134e-08
5752,5,1,225,1098,229656,0,1.23802758807728e-07
5753,5,1,224,1114,286564,0,2.13816342171709e-08
5754,5,1,199,1097,245747,0,2.07936424270041e-08
5755,5,1,183,1100,141332,0,6.8053128890844e-09
5756,5,1,234,1153,174295,0,2.26971736750028e-08
5757,5,1,217,1091,194050,0,7.26778739780476e-08
5758,5,1,214,1154,199313,0,2.60797335655712e-08
5759,5,1,198,1095,219994,0,9.59495669840747e-09
5760,5,1,231,1113,231242,0,4.55481112497863e-07
5761,5,1,208,1127,287176,0,3.93718566590146e-08
5762,5,1,188,1127,210048,0,1.27863872857973e-08
5763,5,1,244,1076,240543,0,9.39346703817836e-09
5764,5,1,235,1107,316365,0,1.58172204821014e-08
5765,5,1,219,1053,334645,0,1.66290290663447e-08
5766,5,1,193,1084,311687,0,5.00477725047614e-09
5767,5,1,230,1125,373844,0,1.49040123821289e-07
5768,5,1,222,1108,426574,0,8.61311976560569e-08
5769,5,1,207,1081,321901,0,9.47173698874471e-09
5770,5,1,209,1109,323140,0,4.27194964037675e-09
5771,5,1,194,1075,286819,0,1.10598323526416e-07
5772,5,1,194,1044,356400,0,3.81319995756859e-08
5773,5,1,209,1109,338636,0,6.34288599994573e-08
5774,5,1,180,1072,277040,0,4.96399949942529e-09
5775,5,1,214,1031,288562,0,9.55074150730142e-09
5776,5,1,195,1071,350212,0,1.17962195312215e-08
5777,5,1,173,1073,512859,0,4.52257682068195e-08
5778,5,1,210,1105,528026,0,2.58805455870471e-08
5779,5,1,222,1095,499416,0,1.14517779063585e-08
5780,5,1,218,1089,327405,0,1.31496032008875e-08
5781,5,1,204,1089,257558,0,2.00519382398696e-08
5782,5,1,209,1092,262130,0,7.85574485486331e-09
5783,5,1,206,1112,309463,0,2.17798283779892e-08
5784,5,1,202,1121,400840,0,1.11770101502825e-07
5785,5,1,208,1059,308408,0,1.38642121498886e-08
5786,5,1,190,1076,332646,0,1.96356797814625e-09
5787,5,1,200,1077,254464,0,2.80805200113049e-07
5788,5,1,210,1096,316676,0,1.26236868719808e-08
5789,5,1,196,1106,385184,0,1.9095349725577e-08
5790,5,1,178,1066,401071,0,1.16408266249167e-08
5791,5,1,228,1074,474985,0,9.10182779035213e-08
5792,5,1,230,1115,362297,0,1.12263835066695e-07
5793,5,1,191,1073,298194,0,1.28690824810611e-07
5794,5,1,187,1078,325527,0,9.71732337227961e-08
5795,5,1,184,1074,327269,0,1.41236688439597e-08
5796,5,1,202,1118,272806,0,7.02419973146962e-09
5797,5,1,192,1073,311560,0,7.94451096428566e-09
5798,5,1,189,1084,509116,0,6.82926493566184e-09
5799,5,1,212,1122,367739,0,5.71951512280157e-08
5800,5,1,191,1116,326334,0,7.22264635878745e-08
5801,5,1,194,1108,299428,0,5.20452603158323e-09
5802,5,1,185,1087,326470,0,5.48692900929113e-08
5803,5,1,179,1136,288792,0,2.19642013203404e-09
5804,5,1,207,1116,260921,0,7.8486955604441e-09
5805,5,1,216,1104,352805,0,3.33278881893368e-08
5806,5,1,198,1134,369323,0,7.29906932784149e-09
5807,5,1,207,1096,498036,0,6.52511074138522e-09
5808,5,1,211,1034,504571,0,1.75269004525691e-08
5809,5,1,243,1072,664331,0,1.38758766979199e-08
5810,5,1,242,1101,519383,0,1.9167981312193e-08
5811,5,1,180,1103,463726,0,1.02826734439009e-07
5812,5,1,202,1121,437065,0,1.33816653641572e-08
5813,5,1,190,1075,473021,0,2.74030275332737e-08
5814,5,1,178,1101,481281,0,1.28813434642787e-07
5815,5,1,213,1052,274178,0,4.60888699163546e-07
5816,5,1,213,1056,221949,0,9.12964535119006e-09
5817,5,1,196,1107,226356,0,3.5539363345015e-07
5818,5,1,218,1184,219436,0,8.66130816991343e-09
5819,5,1,205,1142,255070,0,5.79681778248045e-08
5820,5,1,193,1162,242222,0,4.50573893655842e-09
5821,5,1,169,1148,261571,0,2.61286442163578e-08
5822,5,1,241,1101,210659,0,5.37657468625717e-09
5823,5,1,207,1105,186388,0,3.7717465273591e-09
5824,5,1,202,1145,210789,0,6.96316123384521e-07
5825,5,1,178,1118,205335,0,9.07057804328625e-08
5826,5,1,212,1132,230647,0,7.63703997516883e-09
5827,5,1,182,1122,201121,0,1.76593506058078e-09
5828,5,1,186,1094,187051,0,1.10200485968366e-08
5829,5,1,231,1111,226354,0,1.2038336357166e-08
5830,5,1,196,1135,248130,0,1.4455381333883e-08
5831,5,1,183,1111,211697,0,2.91013642880559e-08
5832,5,1,209,1098,249274,0,2.18228055453001e-09
5833,5,1,209,1082,204449,0,2.56733563952587e-07
5834,5,1,194,1124,160308,0,5.94243504214324e-08
5835,5,1,215,1038,203918,0,1.53270650817679e-07
5836,5,1,201,1150,190245,0,4.07844749521837e-09
5837,5,1,251,1110,193660,0,4.89118212270059e-08
5838,5,1,210,1089,197829,0,7.94672440038339e-09
5839,5,1,224,1081,164178,0,1.34594663697831e-07
5840,5,1,221,1106,208364,0,1.37495500694088e-07
5841,5,1,210,1096,216844,0,2.02561706067809e-08
5842,5,1,194,1117,165388,0,1.74293019528008e-08
5843,5,1,174,1099,143766,0,1.16701447369474e-07
5844,5,1,205,1057,191087,0,1.506725297856e-08
5845,5,1,187,1095,187552,0,2.94187977174801e-08
5846,5,1,189,1081,224625,0,2.91683636813262e-07
5847,5,1,196,1040,292986,0,6.1126090540472e-09
5848,5,1,198,1046,213964,0,8.47498787708297e-09
5849,5,1,207,1120,189936,0,5.49490012578274e-06
5850,5,1,198,1060,299956,0,2.19696336783538e-08
5851,5,1,233,1064,286565,0,4.68080165283137e-09
5852,5,1,202,1101,182508,0,4.27537948280633e-09
5853,5,1,220,1054,156775,0,4.34103837159829e-08
5854,5,1,194,1079,138708,0,2.14989204005605e-08
5855,5,1,165,1076,192405,0,3.66672572360229e-08
5856,5,1,214,1107,180541,0,1.99157756105736e-08
5857,5,1,231,1037,148995,0,4.50450372391989e-09
5858,5,1,208,1081,155282,0,1.2702359919196e-08
5859,5,1,222,1069,152078,0,6.33342205295559e-07
5860,5,1,191,1122,219777,0,1.43966064671295e-07
5861,5,1,196,1090,226809,0,2.04900353539907e-08
5862,5,1,240,1085,159591,0,2.98368420437132e-08
5863,5,1,212,1073,194012,0,1.93093818469771e-08
5864,5,1,233,1138,161132,0,6.37328019617712e-09
5865,5,1,212,1086,162662,0,9.73435154512942e-09
5866,5,1,202,1046,185085,0,5.14967780896556e-09
5867,5,1,205,1136,193735,0,3.89922625798622e-08
5868,5,1,195,1111,157467,0,6.2020648788662e-08
5869,5,1,189,1130,196075,0,3.06180616951618e-07
5870,5,1,214,1155,163503,0,3.4773361196855e-08
5871,5,1,208,1104,151013,0,5.41433857989148e-08
5872,5,1,190,1098,147461,0,9.18337352498883e-09
5873,5,1,210,1159,148912,0,1.90020376104169e-07
5874,5,1,194,1109,159788,0,2.63641985441775e-09
5875,5,1,226,1093,232223,0,1.38912739446655e-07
5876,5,1,225,1050,188065,0,1.19071329838628e-08
5877,5,1,202,1110,189469,0,3.75254086892653e-08
5878,5,1,209,1065,146850,0,1.04054387391161e-08
5879,5,1,236,1077,173155,0,3.03336263251306e-07
5880,5,1,238,1094,217613,0,2.53552290918364e-08
5881,5,1,233,1115,145554,0,3.3811347756206e-09
5882,5,1,213,1115,138379,0,2.19863341797175e-07
5883,5,1,261,1119,139917,0,1.51870960271389e-07
5884,5,1,229,1090,150889,0,2.66259724159486e-09
5885,5,1,208,1135,173148,0,1.2233190217319e-08
5886,5,1,199,1058,161355,0,5.59898864754499e-09
5887,5,1,172,1088,144510,0,1.20834814081272e-09
5888,5,1,205,1114,144621,0,2.02960956060983e-08
5889,5,1,201,1128,193385,0,1.01553064115978e-08
5890,5,1,170,1064,214235,0,1.93584934665943e-07
5891,5,1,241,1110,183517,0,6.74852651262142e-08
5892,5,1,213,1126,161628,0,2.58936823627994e-08
5893,5,1,204,1079,161819,0,1.39102536171525e-07
5894,5,1,195,1118,138359,0,2.03981500117701e-08
5895,5,1,202,1145,187074,0,1.96168642338249e-07
5896,5,1,205,1129,210774,0,3.93808384237811e-08
5897,5,1,222,1100,146856,0,2.04489780312144e-08
5898,5,1,193,1114,169267,0,7.64173991454295e-09
5899,5,1,171,1116,173570,0,1.01062223294512e-08
5900,5,1,195,1125,134099,0,1.06236200565993e-07
5901,5,1,203,1099,137418,0,1.10290247916357e-06
5902,5,1,212,1163,188495,0,6.54121768712675e-08
5903,5,1,200,1114,160698,0,3.36395508956326e-09
5904,5,1,201,1089,148282,0,6.57895392729353e-09
5905,5,1,261,1124,230644,0,6.08262671172557e-09
5906,5,1,270,1097,266317,0,4.80614358800555e-09
5907,5,1,232,1068,160366,0,1.6998112268459e-08
5908,5,1,226,1100,201555,0,1.47233456246086e-08
5909,5,1,220,1085,137444,0,8.10640721543265e-09
5910,5,1,213,1037,136995,0,1.05355785243794e-06
5911,5,1,181,1055,169153,0,9.48914039777668e-09
5912,5,1,193,975,205399,0,1.03953321507087e-06
5913,5,1,193,1050,165935,0,2.37751719060043e-08
5914,5,1,186,1055,156755,0,1.62301907417267e-07
5915,5,1,205,1048,194377,0,2.24146626511096e-09
5916,5,1,218,1068,153191,0,1.91978112256886e-08
5917,5,1,185,1068,182826,0,1.02059174749176e-08
5918,5,1,173,1075,165953,0,8.93219960593133e-09
5919,5,1,228,1066,199299,0,2.16955845827751e-08
5920,5,1,169,1061,172534,0,9.71201394598234e-09
5921,5,1,216,1047,239546,0,6.5215091456768e-09
5922,5,1,218,1060,182819,0,1.25634855111621e-08
5923,5,1,188,1070,158505,0,4.78758230570322e-08
5924,5,1,201,1093,154113,0,1.95303756115259e-07
5925,5,1,200,1098,115053,0,8.64075567776171e-08
5926,5,1,188,1064,136796,0,3.43855386034234e-08
5927,5,1,183,1043,219961,0,3.05545809841323e-09
5928,5,1,192,1141,155577,0,1.83757642953048e-08
5929,5,1,226,1076,186403,0,1.86969267689003e-08
5930,5,1,206,1065,178627,0,1.59989566559088e-08
5931,5,1,205,1061,171644,0,8.70172074775229e-09
5932,5,1,171,1109,142383,0,2.8604265965844e-08
5933,5,1,181,1101,187071,0,3.07368724516057e-07
5934,5,1,192,1010,232507,0,9.09557148805045e-09
5935,5,1,197,1088,168869,0,1.35741907780621e-07
5936,5,1,211,1078,159935,0,8.92492553251053e-08
5937,5,1,179,1048,125989,0,3.87974480040394e-09
5938,5,1,167,1057,167998,0,6.36760999455894e-09
5939,5,1,214,1101,153132,0,1.88980296157123e-08
5940,5,1,195,1028,163370,0,5.07826527835004e-07
5941,5,1,190,1060,216595,0,1.38362709801441e-08
5942,5,1,202,1091,181987,0,3.8840669960156e-08
5943,5,1,186,1114,135028,0,2.73296161609299e-08
5944,5,1,178,1101,154282,0,1.27136507078209e-08
5945,5,1,206,1077,144722,0,7.27953706037215e-09
5946,5,1,209,1083,112234,0,1.70231492321187e-06
5947,5,1,187,1094,112800,0,5.7578827959946e-08
5948,5,1,170,1098,123748,0,2.45205096048463e-07
5949,5,1,218,1113,149692,0,1.45503274789776e-08
5950,5,1,196,1131,135342,0,4.05876793621119e-08
5951,5,1,189,1060,132617,0,1.15476726295361e-08
5952,5,1,189,1081,143729,0,2.38275728760453e-08
5953,5,1,223,1120,146049,0,2.7540586245019e-09
5954,5,1,223,1113,165698,0,2.29387669314266e-09
5955,5,1,222,1073,167176,0,6.32716506451801e-08
5956,5,1,158,1082,136886,0,3.36227861712135e-08
5957,5,1,192,1075,145588,0,1.93932082955212e-07
5958,5,1,209,1103,192507,0,3.10594376844649e-08
5959,5,1,206,1093,159412,0,7.17374366169756e-09
5960,5,1,208,1100,125317,0,2.76064819298819e-08
5961,5,1,214,1081,144873,0,3.81739588820402e-08
5962,5,1,196,1110,121528,0,2.14054490256828e-07
5963,5,1,188,1064,107333,0,8.92504120485586e-09
5964,5,1,190,1120,121287,0,1.17815090450459e-06
5965,5,1,204,1063,114771,0,3.64696826742021e-08
5966,5,1,197,1058,130170,0,4.6490331135721e-08
5967,5,1,224,1105,153543,0,8.57169994875953e-07
5968,5,1,219,1095,156092,0,8.22760878346372e-07
5969,5,1,232,1107,191885,0,1.37437295076184e-08
5970,5,1,209,1057,225007,0,2.19332153794506e-08
5971,5,1,202,1075,166917,0,1.82923554913311e-08
5972,5,1,207,1071,151613,0,3.26219014713852e-08
5973,5,1,232,1067,182997,0,5.74826184167972e-09
5974,5,1,240,1088,175454,0,2.76464277390542e-08
5975,5,1,213,1125,176079,0,5.46861274564537e-09
5976,5,1,203,1069,197268,0,9.23302966035647e-09
5977,5,1,203,1036,161714,0,1.71332843813767e-08
5978,5,1,245,1119,178907,0,3.25919186034603e-08
5979,5,1,233,1156,264792,0,3.61941527783233e-08
5980,5,1,210,1148,294140,0,4.20103730147892e-07
5981,5,1,220,1099,291183,0,5.29463136291685e-09
5982,5,1,211,1123,303756,0,4.60903423063455e-07
5983,5,1,184,1082,238452,0,4.53210187061173e-09
5984,5,1,232,1099,210154,0,2.85468646253786e-08
5985,5,1,173,1127,195140,0,1.36121146479159e-08
5986,5,1,231,1110,216509,0,6.7348367014652e-09
5987,5,1,183,1122,213439,0,2.20265916592596e-09
5988,5,1,202,1124,214416,0,2.62663373399631e-08
5989,5,1,226,1074,250156,0,1.58164402523704e-08
5990,5,1,186,1060,261131,0,6.85504621468905e-08
5991,5,1,206,1054,287658,0,7.27891217801924e-08
5992,5,1,201,1083,249387,0,9.99455832568024e-09
5993,5,1,198,1089,283855,0,3.63464544226434e-07
5994,5,1,212,1064,298715,0,2.5161713768857e-08
5995,5,1,218,1092,325847,0,1.05334175684717e-07
5996,5,1,191,1076,293760,0,6.7044919833363e-09
5997,5,1,210,1138,262350,0,2.38219251072263e-08
5998,5,1,198,1153,212883,0,2.16631730627777e-08
5999,5,1,185,1048,176507,0,1.74635046029385e-08
6000,5,1,217,1086,166256,0,7.75228793809026e-08
6001,5,1,247,1113,181785,0,1.52648720094354e-07
6002,5,1,209,1115,150289,0,2.09178818870759e-08
6003,5,1,201,1097,149454,0,8.35707164644494e-08
6004,5,1,201,1070,142356,0,8.52883975806061e-09
6005,5,1,224,1140,316233,0,5.16160199680753e-08
6006,5,1,183,1066,208035,0,4.99945966972626e-09
6007,5,1,220,1063,177369,0,2.79710907173712e-08
6008,5,1,219,1125,181413,0,4.55627013231031e-09
6009,5,1,201,1177,127707,0,3.31377166630726e-07
6010,5,1,197,1121,150950,0,2.60687464780853e-08
6011,5,1,203,1101,178908,0,3.92211537165742e-07
6012,5,1,245,1133,220217,0,1.53421734407959e-08
6013,5,1,195,1132,168956,0,1.61044405083503e-07
6014,5,1,236,1065,204659,0,1.51159326391653e-08
6015,5,1,238,1175,158276,0,8.68595938855248e-08
6016,5,1,257,1160,187136,0,8.43157882802992e-09
6017,5,1,207,1076,187802,0,5.04187931412927e-09
6018,5,1,202,1095,207950,0,1.90344125547569e-08
6019,5,1,188,1085,173367,0,1.22383348383558e-06
6020,5,1,180,1109,168639,0,1.11978982497044e-08
6021,5,1,200,1025,219218,0,2.07602984837483e-08
6022,5,1,212,1053,206331,0,5.58076049254202e-08
6023,5,1,184,1088,209266,0,4.53563073085232e-09
6024,5,1,176,1095,165250,0,2.2959000948655e-08
6025,5,1,181,1058,195578,0,9.89962321591805e-08
6026,5,1,189,1100,142094,0,5.51788781136188e-09
6027,5,1,196,1070,193819,0,7.52985498780859e-09
6028,5,1,217,1089,219473,0,1.03298389666938e-08
6029,5,1,216,1085,212245,0,3.36293309948014e-08
6030,5,1,184,1103,193064,0,7.62968855368115e-07
6031,5,1,190,1145,196238,0,6.8506537925219e-08
6032,5,1,198,1053,208387,0,7.83183266536221e-09
6033,5,1,180,1086,218005,0,1.88595665217467e-07
6034,5,1,207,1076,230659,0,1.48275045542018e-07
6035,5,1,237,1099,166434,0,7.34394647490932e-08
6036,5,1,220,1037,163733,0,4.84940541743767e-08
6037,5,1,179,1107,172591,0,1.95163834753817e-08
6038,5,1,202,1070,155479,0,7.22739802347313e-09
6039,5,1,180,1084,162068,0,8.65848510757416e-07
6040,5,1,208,1107,153441,0,1.72062202426066e-08
6041,5,1,199,1124,161986,0,7.4007349192763e-09
6042,5,1,217,1071,263325,0,4.10752888047612e-09
6043,5,1,213,1124,227914,0,5.30152503379443e-09
6044,5,1,223,1079,226479,0,8.23783998979012e-08
6045,5,1,209,1113,225580,0,1.07463934441907e-08
6046,5,1,261,1084,276961,0,1.80864606940378e-08
6047,5,1,216,1084,231356,0,3.94445871441784e-08
6048,5,1,213,1142,285312,0,4.52111011878095e-08
6049,5,1,211,1109,283779,0,2.59912940568467e-08
6050,5,1,223,1098,335841,0,8.2428956506876e-09
6051,5,1,216,1071,230178,0,9.9123213459864e-09
6052,5,1,242,1119,216747,0,1.4932356314463e-08
6053,5,1,221,1130,212515,0,5.02287082761333e-08
6054,5,1,195,1102,201203,0,5.58080268676912e-09
6055,5,1,217,1088,184915,0,8.21772338237393e-08
6056,5,1,181,1115,297445,0,1.07150817213892e-07
6057,5,1,222,1127,314940,0,1.86697139868586e-07
6058,5,1,218,1094,352247,0,1.5810549242759e-07
6059,5,1,244,1080,355482,0,2.81109757501135e-08
6060,5,1,194,1104,286997,0,1.48052446104726e-08
6061,5,1,232,1078,226385,0,4.95464136717211e-08
6062,5,1,196,1110,198340,0,8.12675615812986e-09
6063,5,1,226,1063,188938,0,3.74944556737561e-09
6064,5,1,211,1035,237289,0,3.25771648317473e-08
6065,5,1,232,1067,279499,0,3.71492229647147e-09
6066,5,1,231,1081,257331,0,9.76048351148879e-08
6067,5,1,196,1064,258727,0,2.19698970894362e-07
6068,5,1,207,1107,297688,0,4.93951173925758e-08
6069,5,1,192,1039,256844,0,8.02161091042881e-09
6070,5,1,222,1066,226929,0,1.48862216351623e-08
6071,5,1,239,1078,156392,0,8.39608215157652e-08
6072,5,1,249,1079,191214,0,2.10043464866737e-06
6073,5,1,168,1104,169213,0,5.00972473549102e-08
6074,5,1,207,1091,243774,0,3.93902281552662e-08
6075,5,1,214,1031,267813,0,2.56562126240513e-08
6076,5,1,188,1077,254380,0,3.15585559373236e-08
6077,5,1,190,1091,214182,0,7.14637022439585e-08
6078,5,1,191,1091,237017,0,1.92167306652897e-07
6079,5,1,238,1123,258159,0,1.48294089129989e-09
6080,5,1,225,1117,253143,0,5.38691492241304e-08
6081,5,1,250,1112,217234,0,5.6750208778103e-09
6082,5,1,230,1071,279247,0,2.79193974788216e-09
6083,5,1,249,1064,329354,0,9.85533177451822e-08
6084,5,1,229,1109,193821,0,2.42920256245243e-07
6085,5,1,180,1079,275565,0,1.2846078557826e-08
6086,5,1,218,1060,184195,0,4.29710653677864e-09
6087,5,1,267,1152,202021,0,1.21470563095136e-08
6088,5,1,230,1131,269595,0,6.72358768592555e-09
6089,5,1,229,1077,269611,0,1.85977282635178e-08
6090,5,1,215,1107,246266,0,4.5848359931576e-08
6091,5,1,225,1112,294612,0,7.79701733937881e-09
6092,5,1,236,1095,246753,0,3.90212514651818e-09
6093,5,1,241,1115,251917,0,1.2603260794364e-08
6094,5,1,219,1082,242533,0,1.62935311121485e-07
6095,5,1,188,1144,310563,0,3.27963724394278e-09
6096,5,1,211,1131,292509,0,7.41754975322235e-08
6097,5,1,222,1135,350610,0,3.60625697771786e-08
6098,5,1,196,1041,321169,0,8.62867613109104e-09
6099,5,1,198,1104,419454,0,2.1066067246175e-07
6100,5,1,200,1090,467978,0,1.04731788403736e-08
6101,5,1,185,1075,473709,0,1.31952318770362e-08
6102,5,1,202,1109,386764,0,4.0058767319568e-08
6103,5,1,218,1099,403428,0,1.49495175285661e-08
6104,5,1,218,1113,369467,0,7.93069543674481e-09
6105,5,1,214,1073,478311,0,2.31228414357442e-08
6106,5,1,216,1084,401038,0,9.51644185326325e-09
6107,5,1,220,1100,327626,0,7.47055298975787e-08
6108,5,1,244,1105,303895,0,5.22683851311805e-09
6109,5,1,218,1127,229228,0,2.03214958473456e-08
6110,5,1,173,1119,196773,0,7.8943473695752e-09
6111,5,1,206,1153,261525,0,1.57010372132162e-09
6112,5,1,186,1134,319657,0,1.03973911684855e-08
6113,5,1,198,1125,362102,0,1.16435938774807e-08
6114,5,1,212,1144,364196,0,8.44027408752398e-09
6115,5,1,221,1102,313617,0,2.58315429723521e-09
6116,5,1,201,1142,334863,0,1.49754393172344e-08
6117,5,1,225,1098,298817,0,3.14389664119852e-08
6118,5,1,193,1123,470433,0,1.49452433362277e-08
6119,5,1,205,1146,498499,0,1.50265470714334e-07
6120,5,1,226,1136,373148,0,3.61383744831772e-09
6121,5,1,240,1173,296357,0,6.85806980938341e-09
6122,5,1,193,1138,379896,0,1.0372518782528e-08
6123,5,1,195,1160,367612,0,2.52733646210827e-08
6124,5,1,205,1160,417980,0,8.43698248077888e-09
6125,5,1,203,1125,387124,0,2.47664701443268e-06
6126,5,1,223,1120,341102,0,3.06830360368439e-08
6127,5,1,221,1092,315980,0,2.56319960256002e-08
6128,5,1,218,1149,348670,0,1.0385419355518e-08
6129,5,1,204,1093,412949,0,2.42367566572545e-09
6130,5,1,222,1099,394778,0,1.05986037641235e-08
6131,5,1,185,1113,345933,0,6.21658528498145e-09
6132,5,1,213,1128,283156,0,4.57991231618512e-09
6133,5,1,228,1131,351660,0,4.17896473440924e-09
6134,5,1,256,1121,326627,0,5.11596308978924e-09
6135,5,1,221,1111,318348,0,4.90246276118693e-08
6136,5,1,209,1106,285323,0,2.78437261101905e-08
6137,5,1,239,1152,276136,0,3.89762263996195e-08
6138,5,1,206,1136,225562,0,3.05161427056995e-09
6139,5,1,203,1104,283269,0,2.28641837363269e-08
6140,5,1,233,1101,342296,0,1.93753490443966e-09
6141,5,1,224,1125,307891,0,1.6751638469378e-07
6142,5,1,202,1144,271303,0,6.62622984864422e-09
6143,5,1,188,1126,239263,0,8.1027605908158e-09
6144,5,1,185,1116,285353,0,8.85710603610846e-09
6145,5,1,187,1114,251030,0,1.99578806167699e-08
6146,5,1,218,1106,305347,0,6.937603232729e-09
6147,5,1,196,1137,294762,0,2.08592737117595e-08
6148,5,1,212,1092,310064,0,1.13000300134141e-08
6149,5,1,197,1140,303337,0,3.74359596979381e-08
6150,5,1,213,1093,277655,0,2.32574040904663e-07
6151,5,1,205,1104,303024,0,4.21454311320977e-09
6152,5,1,202,1109,246592,0,8.63766677149997e-09
6153,5,1,198,1071,282231,0,1.93382842175474e-09
6154,5,1,207,1088,290638,0,1.45423623060533e-08
6155,5,1,220,1141,254130,0,2.24995517231335e-07
6156,5,1,189,1118,292620,0,2.59705952318859e-09
6157,5,1,191,1099,245685,0,7.38733159664189e-08
6158,5,1,224,1081,252907,0,5.53676034329196e-09
6159,5,1,213,1091,246188,0,1.67910898676834e-08
6160,5,1,184,1088,260276,0,3.77283039849075e-09
6161,5,1,215,1096,238810,0,2.99261005452931e-09
6162,5,1,225,1123,263821,0,2.01396922215217e-09
6163,5,1,224,1088,280922,0,9.31742099872448e-08
6164,5,1,172,1117,238270,0,2.76104938896433e-08
6165,5,1,197,1153,239703,0,9.48801794734925e-07
6166,5,1,203,1149,214091,0,1.70751226304207e-08
6167,5,1,241,1128,241226,0,2.40520547258886e-08
6168,5,1,253,1075,260960,0,9.73871784582765e-09
6169,5,1,219,1144,312103,0,2.4193734489399e-08
6170,5,1,200,1058,239369,0,9.54124159792429e-09
6171,5,1,230,1109,214739,0,3.78441653738337e-08
6172,5,1,238,1049,226671,0,1.1873124654995e-08
6173,5,1,205,1085,182427,0,1.19735359957961e-07
6174,5,1,197,1060,223675,0,2.7287623215944e-07
6175,5,1,194,1105,210954,0,3.76764019792473e-09
6176,5,1,185,1109,272118,0,1.32034980422487e-08
6177,5,1,202,1112,272490,0,3.18072391130722e-08
6178,5,1,192,1068,247323,0,6.18025038650211e-09
6179,5,1,172,1096,244341,0,7.77611419570146e-09
6180,5,1,193,1080,340225,0,8.83791657597163e-09
6181,5,1,198,1106,323886,0,1.50464044255266e-08
6182,5,1,222,1084,366964,0,5.15145702394105e-08
6183,5,1,197,1069,284589,0,1.12417236804803e-08
6184,5,1,218,1118,316689,0,1.70811389928375e-08
6185,5,1,193,1085,294344,0,4.44449178026444e-09
6186,5,1,192,1129,388235,0,1.35118485279951e-08
6187,5,1,198,1090,315490,0,1.82485701072384e-08
6188,5,1,184,1108,446562,0,5.71452701367053e-08
6189,5,1,186,1128,491442,0,2.54094119420439e-08
6190,5,1,202,1148,260019,0,1.53224007064355e-08
6191,5,1,182,1139,307164,0,1.94772956910965e-08
6192,5,1,168,1105,295992,0,9.34959672226438e-09
6193,5,1,177,1138,256367,0,1.55172003410285e-08
6194,5,1,168,1094,214174,0,6.39863302973223e-09
6195,5,1,178,1039,204782,0,1.03262931801689e-07
6196,5,1,173,1123,194020,0,2.49317311042529e-08
6197,5,1,188,1070,240483,0,1.77451737813215e-08
6198,5,1,198,1096,220594,0,4.32648902582653e-09
6199,5,1,190,1094,266454,0,1.16558074311706e-08
6200,5,1,177,1061,312868,0,1.16831579293714e-08
6201,5,1,183,1088,346871,0,9.97148216083383e-09
6202,5,1,187,1094,372445,0,1.96431990817427e-08
6203,5,1,208,1066,414162,0,1.88538276227091e-07
6204,5,1,214,1110,212757,0,4.18540183660232e-08
6205,5,1,237,1100,263780,0,2.57413693371644e-07
6206,5,1,219,1095,355488,0,5.79049028273837e-09
6207,5,1,201,1085,355380,0,2.93719385783828e-08
6208,5,1,185,1026,339048,0,3.49154519900384e-09
6209,5,1,193,1114,318806,0,1.05957048242657e-07
6210,5,1,220,1120,284601,0,1.67547211111113e-08
6211,5,1,241,1132,235843,0,1.3446125182478e-08
6212,5,1,217,1109,362956,0,6.33802045095985e-09
6213,5,1,228,1144,375522,0,3.26675407158322e-08
6214,5,1,208,1082,359682,0,2.67378962571189e-08
6215,5,1,197,1085,292311,0,2.29920735263213e-08
6216,5,1,203,1060,302998,0,8.39561881361223e-09
6217,5,1,219,1127,231874,0,4.5336477309886e-08
6218,5,1,213,1118,259487,0,1.27808800674957e-08
6219,5,1,210,1117,254020,0,4.37428824760613e-08
6220,5,1,230,1133,250995,0,1.59797636606672e-08
6221,5,1,202,1134,287389,0,1.52256533424938e-09
6222,5,1,254,1106,324062,0,1.40331456077232e-07
6223,5,1,191,1071,303283,0,7.54655633118289e-09
6224,5,1,215,1090,332046,0,1.05522220566216e-08
6225,5,1,193,1094,336668,0,3.78011202229185e-08
6226,5,1,187,1145,419260,0,1.40799969444965e-07
6227,5,1,199,1104,590092,0,5.59879735804725e-09
6228,5,1,201,1164,452709,0,1.13878568687551e-08
6229,5,1,220,1107,284890,0,1.54589396853299e-08
6230,5,1,195,1108,329868,0,6.48219445653209e-08
6231,5,1,197,1060,348775,0,2.14084661221478e-07
6232,5,1,191,1105,352548,0,8.03045003195332e-09
6233,5,1,190,1109,472316,0,2.12843373304387e-08
6234,5,1,206,1110,368792,0,4.34548905536585e-08
6235,5,1,214,1128,405116,0,9.67418596868708e-09
6236,5,1,175,1084,357132,0,8.06553847157307e-09
6237,5,1,200,1143,378281,0,3.96224532296899e-09
6238,5,1,187,1128,331269,0,5.76224909236603e-08
6239,5,1,175,1106,322188,0,5.11197245843723e-08
6240,5,1,183,1134,247874,0,6.42242198391032e-08
6241,5,1,214,1127,280639,0,2.27772254709164e-07
6242,5,1,201,1099,255043,0,6.62330809268951e-09
6243,5,1,204,1076,226620,0,1.12384001812479e-08
6244,5,1,210,1102,238441,0,2.65150299314215e-09
6245,5,1,205,1131,315163,0,1.61529281469256e-07
6246,5,1,197,1129,298205,0,1.15072466544401e-07
6247,5,1,197,1065,335410,0,1.39116436092068e-08
6248,5,1,207,1099,276345,0,5.57054568075089e-08
6249,5,1,231,1079,330519,0,1.33802815369799e-08
6250,5,1,200,1093,197501,0,4.23237952095885e-09
6251,5,1,205,1113,216562,0,3.96686159138948e-09
6252,5,1,242,1138,335913,0,1.49725575356289e-07
6253,5,1,227,1108,372611,0,1.44710817780372e-07
6254,5,1,191,1078,395043,0,2.61741331682569e-08
6255,5,1,246,1109,387620,0,1.14741118811627e-08
6256,5,1,216,1116,314861,0,5.4713712889278e-08
6257,5,1,227,1100,255049,0,3.09940552000616e-09
6258,5,1,208,1066,317950,0,2.56016298114218e-08
6259,5,1,228,1078,306978,0,3.90164601335442e-08
6260,5,1,221,1140,365653,0,2.1120701291472e-07
6261,5,1,232,1097,350804,0,6.04132631545421e-09
6262,5,1,231,1117,233525,0,5.68128604490699e-09
6263,5,1,215,1044,326447,0,1.16111025555622e-08
6264,5,1,201,1081,488591,0,9.96913855788879e-09
6265,5,1,213,1113,346548,0,1.66863708800036e-08
6266,5,1,206,1118,224919,0,1.9168641804206e-07
6267,5,1,182,1094,250800,0,1.16095943385749e-08
6268,5,1,187,1066,310433,0,2.13341648103618e-08
6269,5,1,168,1088,245021,0,3.83735871826868e-09
6270,5,1,158,1084,199942,0,1.01470163251352e-08
6271,5,1,203,1095,239769,0,6.02855727204065e-08
6272,5,1,184,1106,285598,0,3.59491639024497e-09
6273,5,1,193,1075,402966,0,5.08277858460129e-09
6274,5,1,209,1040,385658,0,2.64869338350306e-09
6275,5,1,213,1089,390081,0,8.71415083949121e-09
6276,5,1,185,1107,316713,0,4.35343810466835e-08
6277,5,1,180,1131,276425,0,1.56235098713954e-08
6278,5,1,201,1111,327999,0,3.23135669509618e-09
6279,5,1,204,1083,289016,0,1.11579048429177e-08
6280,5,1,217,1105,358480,0,4.86306190168234e-07
6281,5,1,216,1046,288360,0,1.86255001368428e-07
6282,5,1,236,1054,306063,0,2.68114099397005e-07
6283,5,1,237,1067,405234,0,8.18196876416617e-09
6284,5,1,233,1054,406031,0,9.12592480283332e-08
6285,5,1,215,1079,313121,0,2.35974739562553e-08
6286,5,1,195,1091,285018,0,8.24488841114741e-08
6287,5,1,181,1135,283336,0,1.23866084864406e-08
6288,5,1,206,1139,334676,0,3.61052988309939e-08
6289,5,1,207,1077,361637,0,3.05161159494535e-08
6290,5,1,216,1070,337202,0,7.14345298518834e-08
6291,5,1,181,1054,383470,0,1.93777075804236e-08
6292,5,1,222,1049,390154,0,4.41507143019015e-09
6293,5,1,217,1114,305872,0,1.94154526737862e-08
6294,5,1,204,1061,256231,0,5.85401893383573e-09
6295,5,1,186,1093,257328,0,1.45717062276088e-07
6296,5,1,199,1071,270922,0,3.15625147837685e-08
6297,5,1,191,1098,353645,0,4.32097003190472e-08
6298,5,1,205,1087,388236,0,2.27000701666912e-08
6299,5,1,184,1032,411626,0,4.36482104767065e-09
6300,5,1,178,1073,604973,0,4.71575857728859e-09
6301,5,1,182,1083,438908,0,6.49170784903815e-08
6302,5,1,206,1094,306034,0,9.33581465557537e-09
6303,5,1,182,1092,293817,0,2.158588652959e-08
6304,5,1,158,1064,347382,0,3.35908376099463e-08
6305,5,1,178,1105,366901,0,1.8368413441502e-08
6306,5,1,160,1066,342468,0,1.31742445378353e-08
6307,5,1,174,1096,273891,0,2.12728901653063e-08
6308,5,1,169,1100,246894,0,1.18228890352523e-08
6309,5,1,205,1097,351603,0,5.28740685065458e-09
6310,5,1,209,1069,310247,0,2.061445485533e-08
6311,5,1,187,1074,240554,0,7.30791244963271e-09
6312,5,1,181,1068,219255,0,5.63386238694514e-09
6313,5,1,204,1081,237950,0,5.90712634543349e-09
6314,5,1,191,1116,275618,0,4.71965989472936e-09
6315,5,1,195,1070,217230,0,3.30390878176493e-08
6316,5,1,168,1054,194311,0,5.66767383234676e-09
6317,5,1,208,1128,171638,0,3.9812678101022e-08
6318,5,1,212,1158,122721,0,1.84443585533958e-08
6319,5,1,172,1105,118384,0,4.71841539482278e-08
6320,5,1,209,1091,164168,0,8.63408976978374e-07
6321,5,1,192,1053,142963,0,4.93111508094991e-09
6322,5,1,210,1093,182854,0,2.73636019635787e-09
6323,5,1,205,1145,195862,0,7.50021205392788e-09
6324,5,1,193,1099,206520,0,7.86638914553202e-09
6325,5,1,209,1068,258491,0,1.40576622787153e-08
6326,5,1,212,1051,339278,0,2.21808840212836e-08
6327,5,1,182,1094,284364,0,4.62539556823706e-07
6328,5,1,223,1056,217171,0,2.07503134907858e-09
6329,5,1,210,1107,199560,0,6.28987006442365e-08
6330,5,1,229,1089,289787,0,6.67385431350111e-08
6331,5,1,220,1064,301556,0,9.09121310306718e-08
6332,5,1,198,1059,350221,0,1.28162669721145e-08
6333,5,1,212,1129,321866,0,1.51864079489446e-08
6334,5,1,209,1137,245399,0,1.00126389045824e-08
6335,5,1,183,1033,229476,0,2.20127146406765e-08
6336,5,1,184,1099,226201,0,8.43595333861081e-08
6337,5,1,202,1055,257929,0,3.45461978504956e-08
6338,5,1,191,1113,189399,0,2.02762334697378e-08
6339,5,1,219,1135,179954,0,8.24683733592969e-09
6340,5,1,223,1098,231432,0,2.20424621098766e-08
6341,5,1,179,1081,241431,0,1.27390482283447e-08
6342,5,1,217,1088,226528,0,2.47763462662317e-08
6343,5,1,186,1034,266020,0,3.01272090309019e-08
6344,5,1,197,1118,269366,0,3.54016341465955e-08
6345,5,1,208,1033,189044,0,9.50362854213987e-08
6346,5,1,196,1077,185160,0,1.99790940792822e-08
6347,5,1,175,1086,239174,0,2.87254730388247e-07
6348,5,1,185,1137,187932,0,1.38908411826515e-08
6349,5,1,186,1088,144818,0,4.08272340049601e-07
6350,5,1,221,1112,170117,0,2.16786995773847e-09
6351,5,1,186,1097,169029,0,1.11357828902763e-06
6352,5,1,204,1085,179823,0,3.07773088276409e-09
6353,5,1,193,1093,174729,0,4.48002147655116e-08
6354,5,1,173,1069,195092,0,8.32356659474494e-09
6355,5,1,216,1084,153975,0,1.20694140045361e-08
6356,5,1,177,1040,127982,0,2.46559469760709e-08
6357,5,1,179,1140,123913,0,1.60334361171227e-06
6358,5,1,189,1103,181261,0,3.59855003121165e-08
6359,5,1,167,1113,204265,0,1.38961857376615e-07
6360,5,1,191,1095,148737,0,1.11419659519323e-08
6361,5,1,188,1161,171337,0,3.01637157478187e-08
6362,5,1,185,1090,200765,0,8.83730693121859e-09
6363,5,1,240,1104,253234,0,1.20712489664902e-07
6364,5,1,236,1124,258392,0,1.38689784481112e-08
6365,5,1,207,1136,173681,0,1.81207418814453e-09
6366,5,1,204,1045,184456,0,1.59904049625762e-06
6367,5,1,231,1123,152008,0,2.54710066944614e-07
6368,5,1,191,1020,273227,0,3.13525561237856e-09
6369,5,1,182,1076,315020,0,6.60870480375004e-09
6370,5,1,196,1053,253049,0,1.01914455511022e-07
6371,5,1,192,1060,215952,0,4.8090228878122e-09
6372,5,1,184,1045,223532,0,1.02259619638789e-06
6373,5,1,202,1064,207191,0,4.77826451035922e-09
6374,5,1,195,1091,245393,0,1.11129457988627e-08
6375,5,1,174,1119,210376,0,1.39174533858352e-08
6376,5,1,175,1105,194991,0,9.76482424001638e-09
6377,5,1,192,1102,186169,0,8.37203804809011e-08
6378,5,1,181,1120,186129,0,9.08486626698129e-08
6379,5,1,193,1087,240015,0,2.3526513278557e-07
6380,5,1,194,1088,220061,0,5.49581239661824e-09
6381,5,1,157,1104,242629,0,1.76138012975117e-08
6382,5,1,165,1115,221335,0,6.47289728305122e-09
6383,5,1,198,1122,166734,0,1.1839392561098e-08
6384,5,1,196,1134,177281,0,4.35992926633401e-09
6385,5,1,212,1128,214029,0,2.91016645781034e-08
6386,5,1,197,1112,206182,0,3.64818733522625e-08
6387,5,1,209,1104,210462,0,2.28876817055236e-07
6388,5,1,213,1133,282543,0,1.51271826796838e-08
6389,5,1,205,1160,304646,0,2.54061926469892e-08
6390,5,1,211,1146,233150,0,4.03466443663674e-09
6391,5,1,219,1130,208803,0,2.79788966673776e-09
6392,5,1,219,1107,230216,0,2.74059672868449e-08
6393,5,1,246,1093,242987,0,3.49096046683024e-09
6394,5,1,233,1128,244029,0,1.06284234556089e-07
6395,5,1,218,1119,280560,0,5.62304977877286e-09
6396,5,1,223,1112,217100,0,6.6327810428166e-08
6397,5,1,181,1113,242169,0,9.91738660702608e-09
6398,5,1,189,1120,217214,0,2.20474084078603e-09
6399,5,1,236,1105,262868,0,3.17733520394194e-07
6400,5,1,208,1134,201491,0,2.77067167798806e-08
6401,5,1,230,1105,232922,0,9.46859162460841e-08
6402,5,1,185,1091,259397,0,1.01180312095147e-08
6403,5,1,210,1090,223107,0,8.40599676455582e-09
6404,5,1,226,1103,243379,0,5.08299045110066e-08
6405,5,1,243,1060,273470,0,1.9567521188787e-07
6406,5,1,207,1088,248566,0,6.02597588401388e-08
6407,5,1,174,1058,277802,0,3.95001479395331e-09
6408,5,1,186,1073,267937,0,1.68343339644387e-08
6409,5,1,187,1053,239656,0,1.29115955243798e-07
6410,5,1,223,1100,290193,0,1.71802706447992e-09
6411,5,1,214,1080,331048,0,2.36844882923843e-08
6412,5,1,205,1084,280706,0,1.02650808081234e-08
6413,5,1,211,1093,259738,0,8.46546517004144e-09
6414,5,1,198,1095,298759,0,1.98368885307774e-07
6415,5,1,206,1107,292534,0,1.31563361429892e-08
6416,5,1,203,1102,217593,0,5.79776440106121e-08
6417,5,1,198,1141,197950,0,6.85173290244379e-09
6418,5,1,259,1091,203892,0,1.09477328033313e-08
6419,5,1,226,1114,188195,0,4.79661046562665e-08
6420,5,1,232,1062,182566,0,2.38064583407241e-07
6421,5,1,231,1097,205239,0,2.33578113610563e-08
6422,5,1,207,1097,332168,0,5.85496536624757e-09
6423,5,1,201,1139,239864,0,9.03932274605123e-09
6424,5,1,224,1128,235721,0,1.04713831437775e-08
6425,5,1,228,1072,232850,0,3.21784573565712e-09
6426,5,1,220,1096,203558,0,1.70148107859922e-08
6427,5,1,209,1122,244454,0,1.4702363776681e-08
6428,5,1,190,1092,234473,0,2.40074936432459e-08
6429,5,1,207,1113,290992,0,1.77314345873255e-08
6430,5,1,183,1127,261719,0,2.55346156676808e-08
6431,5,1,214,1105,284868,0,1.10655529797519e-08
6432,5,1,179,1056,289651,0,1.16758041843802e-09
6433,5,1,177,1112,268013,0,3.44196766069796e-08
6434,5,1,198,1112,229604,0,2.05492843190193e-07
6435,5,1,205,1145,270594,0,1.93043996742681e-08
6436,5,1,223,1157,292920,0,1.65257857788859e-08
6437,5,1,251,1133,250062,0,5.72402625641129e-08
6438,5,1,230,1164,252057,0,2.55478207279105e-06
6439,5,1,211,1178,289066,0,2.27942748375744e-08
6440,5,1,195,1144,234862,0,8.11207907226932e-07
6441,5,1,201,1102,303022,0,1.8603635265811e-08
6442,5,1,235,1154,292485,0,1.54424589946969e-06
6443,5,1,219,1084,253053,0,2.47097595143441e-08
6444,5,1,233,1126,190961,0,1.59339233675541e-08
6445,5,1,222,1131,194021,0,6.40299593820494e-09
6446,5,1,233,1151,244884,0,2.83958071502759e-09
6447,5,1,214,1104,215080,0,1.83243475695209e-09
6448,5,1,200,1118,222716,0,2.06226340663633e-09
6449,5,1,186,1073,184637,0,4.98901956031576e-08
6450,5,1,208,1098,234196,0,2.94877888005627e-08
6451,5,1,218,1103,223512,0,1.33238313107387e-08
6452,5,1,211,1147,188569,0,1.24055042424579e-08
6453,5,1,196,1056,213568,0,1.26434291484147e-08
6454,5,1,234,1068,228334,0,2.68248074344067e-09
6455,5,1,194,1090,249097,0,8.37147685980498e-09
6456,5,1,189,1175,227054,0,2.24711363775884e-08
6457,5,1,232,1086,264014,0,1.34863945381491e-08
6458,5,1,204,1114,172463,0,1.87053296236906e-08
6459,5,1,230,1163,223945,0,1.34254612620932e-08
6460,5,1,192,1131,195947,0,2.49513273171462e-08
6461,5,1,244,1173,239178,0,1.4651154979436e-06
6462,5,1,217,1112,251867,0,7.51907209009582e-09
6463,5,1,176,1150,264269,0,2.67368887465734e-09
6464,5,1,221,1109,251718,0,5.95786345309744e-09
6465,5,1,189,1150,206215,0,1.61629001659161e-08
6466,5,1,177,1083,237871,0,8.07785058048702e-09
6467,5,1,227,1091,265455,0,4.20756635114049e-09
6468,5,1,227,1084,218106,0,2.17495273343726e-05
6469,5,1,224,1111,290332,0,3.53261601723853e-08
6470,5,1,214,1106,308026,0,1.81129286700691e-07
6471,5,1,217,1113,255666,0,3.58784687364859e-06
6472,5,1,215,1129,215355,0,3.03077715072577e-09
6473,5,1,208,1076,165835,0,4.09156237401861e-08
6474,5,1,211,1145,209013,0,9.67784245153317e-09
6475,5,1,226,1138,219719,0,4.49763975612856e-09
6476,5,1,234,1132,228916,0,1.31514704213787e-07
6477,5,1,217,1107,233759,0,2.80230326634037e-08
6478,5,1,209,1094,180376,0,1.76165070543124e-08
6479,5,1,209,1105,195292,0,3.37745497890492e-09
6480,5,1,214,1132,265912,0,1.83683833439078e-07
6481,5,1,217,1117,250328,0,1.70638688945549e-08
6482,5,1,204,1123,245137,0,6.95051554172133e-09
6483,5,1,181,1101,272789,0,2.79747188073379e-08
6484,5,1,200,1081,214529,0,1.42252132414127e-08
6485,5,1,212,1119,268376,0,1.2175818804313e-07
6486,5,1,208,1138,249532,0,7.74814966079001e-08
6487,5,1,175,1064,284913,0,6.3523535418379e-08
6488,5,1,213,1076,323707,0,1.24923734548996e-08
6489,5,1,210,1141,339048,0,9.92019931915049e-09
6490,5,1,223,1115,299046,0,9.13311697212000e-09
6491,5,1,239,1152,371807,0,1.83650007558964e-07
6492,5,1,217,1098,283819,0,2.05855537289284e-08
6493,5,1,211,1105,230193,0,9.46112719219954e-09
6494,5,1,191,1140,211647,0,4.54294279900046e-08
6495,5,1,195,1106,217011,0,4.15526902770358e-08
6496,5,1,202,1081,243824,0,2.0807909857198e-08
6497,5,1,172,1062,213555,0,7.6906625765952e-09
6498,5,1,177,1147,203423,0,4.05140389980941e-08
6499,5,1,167,1088,203533,0,1.53002445744583e-08
6500,5,1,193,1145,243325,0,2.49315530246987e-08
6501,5,1,203,1111,271791,0,1.32449461541139e-09
6502,5,1,201,1067,251936,0,4.49988092487181e-08
6503,5,1,207,1127,228894,0,2.90196991367775e-07
6504,5,1,209,1115,245200,0,5.34997220335509e-08
6505,5,1,200,1110,237602,0,1.25951463912287e-08
6506,5,1,202,1141,202736,0,1.92173429165033e-08
6507,5,1,196,1099,232219,0,6.91347232350185e-07
6508,5,1,222,1130,217446,0,6.03436163971322e-08
6509,5,1,207,1077,254849,0,1.16726777787573e-07
6510,5,1,193,1079,241766,0,1.92549305628629e-08
6511,5,1,221,1112,210140,0,1.73606241042489e-08
6512,5,1,232,1125,230606,0,4.12817491182165e-08
6513,5,1,218,1075,204126,0,9.78486988309122e-09
6514,5,1,218,1101,274283,0,1.58514565499457e-08
6515,5,1,216,1102,395073,0,1.71991225131072e-08
6516,5,1,212,1092,284799,0,6.49787551654309e-08
6517,5,1,219,1075,340686,0,1.59188096530763e-07
6518,5,1,208,1055,377959,0,3.2991981558793e-09
6519,5,1,217,1071,296896,0,2.45427736612652e-08
6520,5,1,235,1040,291501,0,2.17387142682082e-08
6521,5,1,205,1105,185125,0,7.79047450962957e-08
6522,5,1,200,1111,190673,0,9.24514702509081e-09
6523,5,1,204,1113,222921,0,9.48883649026933e-08
6524,5,1,182,1132,198923,0,4.67211311364796e-09
6525,5,1,210,1091,231498,0,9.47934590498259e-09
6526,5,1,186,1130,218855,0,6.01590269569208e-08
6527,5,1,175,1043,215459,0,3.69984529409998e-08
6528,5,1,192,1043,223609,0,1.53249228621903e-08
6529,5,1,170,1115,186161,0,1.57225767720113e-08
6530,5,1,186,1051,206881,0,5.62027548047462e-08
6531,5,1,209,1063,257155,0,7.51555824135741e-09
6532,5,1,182,1122,216714,0,4.06191242093372e-08
6533,5,1,210,1082,210701,0,2.46304248870323e-09
6534,5,1,192,1142,220053,0,3.18851832402575e-09
6535,5,1,224,1113,177273,0,3.66823226900546e-07
6536,5,1,228,1094,219710,0,1.49495912410695e-08
6537,5,1,210,1113,235096,0,3.04831117907284e-08
6538,5,1,193,1083,214290,0,3.58292558839983e-07
6539,5,1,230,1080,182171,0,1.41485312267233e-08
6540,5,1,186,1117,191213,0,1.6861471615582e-07
6541,5,1,188,1106,177755,0,3.06431719921639e-08
6542,5,1,192,1101,159254,0,8.40589049279237e-09
6543,5,1,224,1146,168831,0,3.2061171754668e-08
6544,5,1,217,1068,170730,0,2.11583386884288e-08
6545,5,1,204,1153,224447,0,1.53689889391103e-07
6546,5,1,244,1150,238821,0,1.45845907879801e-08
6547,5,1,188,1148,194951,0,1.21180135209934e-08
6548,5,1,206,1072,173742,0,9.85735320741099e-09
6549,5,1,221,1069,173070,0,2.29411629381599e-08
6550,5,1,186,1095,132322,0,8.74084667301271e-09
6551,5,1,186,1121,172483,0,1.02378246978597e-08
6552,5,1,178,1103,166433,0,2.72591055801135e-08
6553,5,1,204,1082,177766,0,5.52999190352936e-09
6554,5,1,184,1138,227403,0,9.36443387621742e-09
6555,5,1,196,1145,216684,0,1.99995927833769e-08
6556,5,1,178,1133,243052,0,6.42913164726768e-09
6557,5,1,196,1095,200523,0,5.11808263839185e-07
6558,5,1,188,1118,161303,0,6.91801264361528e-09
6559,5,1,181,1119,164469,0,1.21452852885696e-07
6560,5,1,199,1106,175479,0,4.2318576361988e-09
6561,5,1,224,1112,218168,0,3.19671934002129e-08
6562,5,1,196,1103,213299,0,1.83951088382293e-08
6563,5,1,209,1124,220512,0,6.23231129776590e-09
6564,5,1,206,1127,190575,0,5.19110366213172e-08
6565,5,1,237,1168,155865,0,1.79754848715819e-08
6566,5,1,207,1083,156901,0,4.81282388283824e-08
6567,5,1,232,1154,128409,0,2.52435998555265e-08
6568,5,1,196,1130,163455,0,4.63873505459714e-09
6569,5,1,196,1128,193951,0,4.57044470055814e-07
6570,5,1,183,1121,187533,0,2.21202831120553e-08
6571,5,1,185,1130,207511,0,1.22041400459662e-08
6572,5,1,204,1103,193864,0,4.40110596233956e-09
6573,5,1,216,1096,236772,0,5.37378047693166e-08
6574,5,1,205,1076,309710,0,3.53506875658402e-08
6575,5,1,195,1132,202283,0,1.60752631485372e-08
6576,5,1,194,1140,173293,0,2.88087086426492e-08
6577,5,1,200,1099,184669,0,3.52341112905986e-07
6578,5,1,186,1097,195138,0,1.99332102924894e-07
6579,5,1,194,1065,194052,0,1.33503494468473e-08
6580,5,1,182,1108,218111,0,1.2503767556287e-08
6581,5,1,190,1112,235637,0,2.70737974851335e-09
6582,5,1,194,1104,223141,0,5.64721671328437e-09
6583,5,1,198,1154,226810,0,6.90670873570184e-08
6584,5,1,176,1065,209495,0,9.27405972844012e-10
6585,5,1,212,1077,174130,0,1.77228585599293e-09
6586,5,1,215,1075,148857,0,4.0172622849663e-09
6587,5,1,166,1100,159892,0,2.4304804308397e-09
6588,5,1,207,1107,167086,0,8.54999029004117e-08
6589,5,1,204,1144,224937,0,1.12889631531302e-07
6590,5,1,192,1137,161273,0,6.51446316926746e-08
6591,5,1,226,1106,180483,0,3.86867722718959e-07
6592,5,1,207,1112,243631,0,5.19262676315998e-09
6593,5,1,200,1078,222400,0,6.36496482900351e-08
6594,5,1,201,1081,181862,0,8.7492776103867e-09
6595,5,1,181,1085,211195,0,7.40301870191142e-08
6596,5,1,220,1093,214764,0,2.80305965963761e-09
6597,5,1,202,1152,198730,0,7.210282623427e-09
6598,5,1,197,1086,189749,0,2.3988104614485e-09
6599,5,1,186,1051,181472,0,4.63313120998269e-09
6600,5,1,215,1080,187357,0,1.13559054170813e-08
6601,5,1,185,1121,264180,0,6.28027900949828e-09
6602,5,1,184,1127,151729,0,3.71947855230098e-08
6603,5,1,188,1100,156415,0,8.18101902286736e-09
6604,5,1,187,1086,161790,0,1.86787566001126e-08
6605,5,1,213,1151,155875,0,9.8394695408229e-08
6606,5,1,202,1127,183297,0,2.1172060860124e-08
6607,5,1,211,1143,209335,0,2.90702095510844e-08
6608,5,1,187,1091,169161,0,9.57512526524272e-09
6609,5,1,212,1137,165551,0,3.84035893354626e-08
6610,5,1,189,1130,185150,0,1.59019951877386e-06
6611,5,1,226,1163,231381,0,7.46091156835197e-09
6612,5,1,201,1121,206660,0,1.57014321564618e-07
6613,5,1,234,1110,208627,0,1.26571199612506e-08
6614,5,1,217,1095,207686,0,1.81427277808397e-09
6615,5,1,183,1136,213888,0,1.34099698257117e-07
6616,5,1,234,1082,184557,0,2.86733389734e-09
6617,5,1,214,1134,171178,0,0.000157288194126316
6618,5,1,192,1072,186088,0,1.23068031363686e-08
6619,5,1,226,1098,205573,0,5.10098501885581e-07
6620,5,1,210,1128,199442,0,2.4505972588497e-09
6621,5,1,207,1122,253163,0,2.51012976847736e-07
6622,5,1,189,1123,187774,0,9.82068775740411e-09
6623,5,1,162,1092,146946,0,4.05146933162851e-08
6624,5,1,208,1097,200228,0,6.72893691304126e-09
6625,5,1,217,1082,200148,0,3.09456246695861e-09
6626,5,1,192,1135,191920,0,2.70519144104459e-08
6627,5,1,211,1102,189982,0,4.79263230493312e-08
6628,5,1,233,1107,166630,0,2.36920090211189e-08
6629,5,1,184,1110,128383,0,2.60434040485411e-08
6630,5,1,202,1190,140165,0,2.64010223611203e-08
6631,5,1,191,1096,149434,0,3.10681443734948e-09
6632,5,1,200,1130,174528,0,4.98537044489087e-09
6633,5,1,181,1112,217634,0,3.83363164570237e-09
6634,5,1,166,1131,206442,0,6.82711898151484e-09
6635,5,1,194,1100,215286,0,4.8410372050572e-09
6636,5,1,171,1066,203223,0,1.51137228068184e-08
6637,5,1,200,1100,213607,0,6.18417647000812e-08
6638,5,1,182,1131,221111,0,1.79128640002991e-08
6639,5,1,208,1128,298169,0,8.12569029829556e-09
6640,5,1,209,1089,188273,0,3.41269307623013e-08
6641,5,1,181,1116,186859,0,1.04977421197494e-08
6642,5,1,182,1091,218188,0,1.3864378106256e-07
6643,5,1,180,1125,282170,0,1.10248744958738e-08
6644,5,1,194,1130,283051,0,5.08901604751813e-08
6645,5,1,172,1100,202911,0,7.47275580751102e-09
6646,5,1,212,1160,198258,0,1.40387140627105e-08
6647,5,1,205,1077,202809,0,1.79151113785516e-08
6648,5,1,213,1150,187249,0,4.13214598355045e-09
6649,5,1,239,1146,170658,0,4.67814742434725e-09
6650,5,1,230,1121,212410,0,4.32967490861695e-08
6651,5,1,180,1118,207953,0,6.00827943866077e-08
6652,5,1,189,1131,214126,0,9.2790984460234e-09
6653,5,1,200,1120,209053,0,4.50193257880997e-09
6654,5,1,189,1070,218281,0,5.07158188673042e-09
6655,5,1,174,1073,173082,0,2.80288604542019e-07
6656,5,1,175,1133,346979,0,9.29515035679689e-09
6657,5,1,225,1124,239296,0,3.32667783061737e-08
6658,5,1,171,1153,177205,0,9.0572549246432e-09
6659,5,1,192,1124,180509,0,1.71285917800742e-07
6660,5,1,202,1129,201380,0,6.29128458804301e-09
6661,5,1,170,1122,188136,0,3.19588163048359e-06
6662,5,1,186,1089,211403,0,1.05800798460085e-08
6663,5,1,201,1126,200312,0,1.63178860632939e-08
6664,5,1,203,1082,234322,0,2.00899703398224e-08
6665,5,1,171,1094,210447,0,6.10508966264504e-09
6666,5,1,193,1067,177887,0,6.3833869705542e-09
6667,5,1,185,1110,200160,0,1.27943311057039e-07
6668,5,1,202,1039,210147,0,2.71595626526382e-08
6669,5,1,204,1157,166829,0,6.2146712138828e-08
6670,5,1,218,1127,155708,0,3.45812210173357e-08
6671,5,1,181,1086,186923,0,5.03924217023309e-09
6672,5,1,207,1082,152054,0,8.915182531911e-09
6673,5,1,206,1128,173290,0,8.72423901151807e-09
6674,5,1,223,1100,176832,0,1.50878218440793e-07
6675,5,1,240,1140,208778,0,1.54898781580289e-08
6676,5,1,226,1120,259942,0,3.97800845933369e-08
6677,5,1,226,1082,226866,0,1.34793373100578e-07
6678,5,1,206,1134,180629,0,5.9282368610556e-08
6679,5,1,208,1130,188129,0,3.79824350629604e-09
6680,5,1,207,1150,167664,0,6.52377188648458e-09
6681,5,1,201,1135,151845,0,1.36322065276842e-08
6682,5,1,184,1139,137686,0,3.90675051738402e-07
6683,5,1,190,1112,163490,0,1.91912879541274e-08
6684,5,1,175,1133,166322,0,1.94579014956939e-08
6685,5,1,201,1146,193390,0,5.6109764119739e-09
6686,5,1,203,1147,217498,0,3.22815166652864e-07
6687,5,1,198,1079,162441,0,1.83166887686309e-09
6688,5,1,230,1115,219993,0,5.49487248694318e-09
6689,5,1,225,1120,220191,0,5.77653936651165e-08
6690,5,1,216,1092,317239,0,5.94659561960116e-09
6691,5,1,198,1101,318165,0,1.42564769077294e-06
6692,5,1,228,1099,343696,0,2.06433286164075e-07
6693,5,1,191,1084,281435,0,4.5373451556728e-08
6694,5,1,187,1106,287360,0,8.68219310666636e-09
6695,5,1,184,1145,255231,0,1.23252050439421e-08
6696,5,1,189,1087,356062,0,1.97415758997096e-08
6697,5,1,229,1117,323476,0,5.41898448068134e-07
6698,5,1,165,1097,210071,0,1.1197664527303e-07
6699,5,1,173,1099,182563,0,7.08455666710561e-09
6700,5,1,231,1068,232421,0,1.2311265581253e-07
6701,5,1,201,1088,211063,0,1.26004590271544e-08
6702,5,1,185,1111,192350,0,1.06053259897585e-08
6703,5,1,185,1101,167848,0,4.74775563695455e-08
6704,5,1,216,1123,196463,0,7.402977294407e-09
6705,5,1,232,1126,259214,0,1.12018482537024e-08
6706,5,1,216,1093,214739,0,4.28244874604121e-09
6707,5,1,216,1150,276374,0,5.80868814757991e-09
6708,5,1,221,1155,233865,0,1.90916401446796e-08
6709,5,1,213,1169,234847,0,5.52652844492216e-08
6710,5,1,222,1168,195207,0,4.38572083170181e-09
6711,5,1,217,1152,140539,0,9.90160777746711e-09
6712,5,1,214,1159,126687,0,1.32605073664798e-08
6713,5,1,202,1082,177712,0,6.64469751971113e-09
6714,5,1,207,1140,171430,0,7.00067757212187e-08
6715,5,1,189,1156,173116,0,4.60845374278095e-07
6716,5,1,181,1117,178597,0,1.56898678829654e-08
6717,5,1,196,1104,173468,0,6.88872032440755e-09
6718,5,1,205,1065,187481,0,7.54022473839914e-08
6719,5,1,207,1143,181050,0,2.83653782599389e-08
6720,5,1,228,1084,166317,0,1.34696363224656e-08
6721,5,1,179,1118,202967,0,1.47194356517423e-07
6722,5,1,216,1181,169856,0,8.16713888941478e-09
6723,5,1,231,1117,205253,0,8.25657378689478e-09
6724,5,1,209,1134,175433,0,3.23515115548414e-08
6725,5,1,205,1095,126236,0,5.44834642512677e-08
6726,5,1,185,1141,120879,0,2.06149617266889e-08
6727,5,1,184,1127,175918,0,3.93181409097118e-08
6728,5,1,233,1153,133794,0,1.90594008506104e-08
6729,5,1,170,1132,112353,0,2.3026509057572e-09
6730,5,1,187,1083,169210,0,4.84854099472501e-08
6731,5,1,168,1110,241701,0,1.53371179194328e-08
6732,5,1,222,1142,248160,0,7.8776794087874e-09
6733,5,1,203,1128,225911,0,2.87240677690382e-08
6734,5,1,213,1072,248989,0,8.35239304301858e-09
6735,5,1,181,1095,208498,0,1.84388053050437e-08
6736,5,1,209,1069,238035,0,7.61316525455138e-08
6737,5,1,205,1065,254155,0,3.39770335272495e-08
6738,5,1,203,1116,374695,0,2.96837237266317e-08
6739,5,1,227,1136,351052,0,7.76482941600738e-09
6740,5,1,211,1077,440545,0,4.04887474029892e-08
6741,5,1,186,1100,335501,0,2.36598706909295e-08
6742,5,1,214,1085,387596,0,8.61627487196707e-09
6743,5,1,205,1171,388276,0,9.31153680710455e-08
6744,5,1,205,1092,226246,0,5.0005359182916e-09
6745,5,1,192,1108,250571,0,1.29289289430171e-07
6746,5,1,201,1152,226371,0,3.68586793809485e-09
6747,5,1,186,1147,197399,0,9.07959872969172e-09
6748,5,1,205,1122,259505,0,2.22324020132174e-07
6749,5,1,234,1101,247933,0,2.96825527821524e-09
6750,5,1,189,1099,353892,0,2.5609538076203e-09
6751,5,1,202,1118,402168,0,1.53420267267513e-08
6752,5,1,151,1111,399728,0,6.85478053517069e-08
6753,5,1,180,1117,334173,0,1.27483346881474e-06
6754,5,1,179,1054,374041,0,3.8831935369793e-08
6755,5,1,158,1119,312192,0,2.75551775949374e-08
6756,5,1,178,1121,230526,0,1.18228569801018e-09
6757,5,1,201,1108,189514,0,4.56949800508144e-07
6758,5,1,195,1072,193229,0,2.57703756449132e-07
6759,5,1,192,1122,251450,0,1.50655873239722e-07
6760,5,1,192,1105,341745,0,4.28293722122534e-09
6761,5,1,198,1117,362809,0,8.35874515626673e-08
6762,5,1,174,1101,313423,0,2.42953607403835e-08
6763,5,1,173,1124,310772,0,9.69199269366478e-09
6764,5,1,210,1131,321830,0,3.35014837664829e-08
6765,5,1,189,1102,237894,0,5.80009909190702e-09
6766,5,1,170,1062,229224,0,1.0044008340704e-08
6767,5,1,204,1036,251933,0,4.38828060599682e-09
6768,5,1,222,1104,277030,0,1.98860181711305e-07
6769,5,1,195,1050,308692,0,7.91843274662713e-08
6770,5,1,175,1077,289514,0,5.0881915038268e-08
6771,5,1,198,1095,279772,0,7.77240455698004e-09
6772,5,1,202,1097,297742,0,4.52750214584856e-09
6773,5,1,198,1145,273299,0,3.36374829665368e-08
6774,5,1,198,1093,327243,0,1.86234465384421e-08
6775,5,1,221,1110,367759,0,8.13938811904396e-09
6776,5,1,195,1080,314838,0,3.12021152260192e-08
6777,5,1,218,1108,244795,0,1.58764933328528e-07
6778,5,1,217,1046,236790,0,7.52698887518211e-09
6779,5,1,212,1013,195137,0,2.87067948108845e-07
6780,5,1,189,1067,308677,0,4.70888378985317e-08
6781,5,1,197,1099,267298,0,5.96711427308382e-09
6782,5,1,189,1107,295745,0,9.80283534001654e-09
6783,5,1,221,1058,329644,0,4.25727286129633e-09
6784,5,1,196,1051,334810,0,4.33364955482889e-09
6785,5,1,225,1050,377878,0,3.74664962100752e-08
6786,5,1,220,1086,429751,0,1.75811643473956e-08
6787,5,1,207,1116,360664,0,6.55751072159053e-09
6788,5,1,196,1108,307526,0,2.20541474926896e-08
6789,5,1,194,1095,309797,0,4.49155383609335e-09
6790,5,1,218,1073,262611,0,1.87583404460684e-09
6791,5,1,223,1137,238725,0,3.33055284202732e-09
6792,5,1,212,1071,240384,0,3.79865698905011e-08
6793,5,1,171,1084,181486,0,1.06676725764873e-08
6794,5,1,189,1094,207370,0,4.0657766088031e-09
6795,5,1,190,1087,224257,0,1.98499992119651e-08
6796,5,1,217,1091,257934,0,2.53059074210569e-09
6797,5,1,219,1138,220008,0,6.1477176821207e-09
6798,5,1,195,1120,204216,0,3.67693240316472e-08
6799,5,1,207,1074,261124,0,3.26881324502486e-09
6800,5,1,197,1152,231600,0,5.7841819218638e-07
6801,5,1,195,1119,223968,0,8.76344427546014e-08
6802,5,1,200,1092,240351,0,6.18223661367997e-09
6803,5,1,194,1173,206621,0,3.35107618605866e-08
6804,5,1,206,1110,202405,0,3.41093076502979e-08
6805,5,1,198,1120,193809,0,3.387970226543e-09
6806,5,1,203,1096,201077,0,1.17919565415e-08
6807,5,1,214,1110,213470,0,2.40628463747439e-08
6808,5,1,186,1095,214023,0,1.53977984120836e-08
6809,5,1,170,1158,193136,0,8.34617070830141e-08
6810,5,1,177,1093,230888,0,6.02361194898152e-08
6811,5,1,206,1095,243058,0,1.34056684176663e-08
6812,5,1,185,1056,308063,0,7.02266376031123e-09
6813,5,1,174,1090,235430,0,6.25783577355665e-08
6814,5,1,217,1128,214276,0,4.17533786011391e-08
6815,5,1,185,1080,231834,0,4.03276426090102e-09
6816,5,1,186,1114,411754,0,2.45756158961224e-08
6817,5,1,205,1077,337120,0,6.84337115400789e-09
6818,5,1,207,1107,286785,0,1.19159254455465e-07
6819,5,1,239,1068,278872,0,1.51354806350173e-08
6820,5,1,212,1115,256054,0,3.26096303690386e-08
6821,5,1,202,1105,265036,0,1.61901986524332e-08
6822,5,1,179,1118,207066,0,5.38893764433502e-09
6823,5,1,215,1090,307527,0,3.55166114547538e-07
6824,5,1,221,1086,242375,0,8.43941854474968e-08
6825,5,1,222,1091,263318,0,3.0818032651169e-07
6826,5,1,214,1069,260879,0,1.31097442043665e-08
6827,5,1,216,1090,237019,0,7.75346075602869e-09
6828,5,1,223,1066,352179,0,1.91239615982594e-08
6829,5,1,206,1099,315030,0,5.96535325031539e-08
6830,5,1,221,1130,256072,0,1.71437346433123e-08
6831,5,1,199,1130,237895,0,2.59016339145645e-08
6832,5,1,239,1106,247499,0,1.20943808140734e-08
6833,5,1,221,1098,295396,0,8.57536713984662e-09
6834,5,1,204,1106,277859,0,7.16431539343519e-09
6835,5,1,198,1110,329117,0,4.92817531839945e-08
6836,5,1,232,1074,257160,0,4.48356738804582e-09
6837,5,1,216,1128,345145,0,7.3231265109556e-08
6838,5,1,238,1070,228652,0,7.12787890483138e-09
6839,5,1,169,1097,229928,0,3.689435016525e-08
6840,5,1,200,1062,181762,0,3.18479363627059e-08
6841,5,1,178,1095,193489,0,7.96053575587583e-08
6842,5,1,157,1059,238169,0,1.9281574248674e-06
6843,5,1,192,1046,235416,0,1.11485876492639e-08
6844,5,1,204,1109,226986,0,1.77321339860136e-08
6845,5,1,200,1084,225785,0,3.23851222644453e-09
6846,5,1,218,1089,166335,0,2.0166699109049e-06
6847,5,1,186,1109,192669,0,1.85831596238987e-08
6848,5,1,191,1105,221299,0,3.45777582266889e-08
6849,5,1,204,1053,261440,0,3.5548787810504e-08
6850,5,1,193,1133,254496,0,5.4893277184423e-09
6851,5,1,184,1093,201577,0,5.22957913892065e-09
6852,5,1,195,1080,209101,0,5.00441235164966e-08
6853,5,1,211,1090,267424,0,2.18265226899933e-08
6854,5,1,182,1076,267195,0,1.02274435618442e-08
6855,5,1,177,1079,286465,0,3.99761116691889e-08
6856,5,1,212,1084,264412,0,1.01463851732468e-06
6857,5,1,220,1097,275339,0,1.07054083039284e-07
6858,5,1,209,1067,261942,0,2.34053222797598e-08
6859,5,1,185,1096,235646,0,9.40275122666758e-08
6860,5,1,228,1102,303101,0,4.41974241299057e-09
6861,5,1,190,1145,270908,0,3.36467981574392e-08
6862,5,1,224,1080,274307,0,7.69044575056435e-09
6863,5,1,204,1060,297732,0,1.26118587425077e-08
6864,5,1,179,1048,323726,0,2.63735986186899e-08
6865,5,1,196,1094,269933,0,1.35606487528626e-08
6866,5,1,207,1034,312053,0,3.26340360929872e-07
6867,5,1,225,1131,303693,0,2.73664046321924e-07
6868,5,1,224,1103,251595,0,1.8687664097173e-08
6869,5,1,236,1096,234515,0,1.73122811738438e-08
6870,5,1,211,1075,209166,0,1.67184413157464e-07
6871,5,1,227,1041,203670,0,2.19635441827766e-08
6872,5,1,198,1043,201841,0,3.28395399784806e-09
6873,5,1,202,1039,247299,0,1.67075388198645e-08
6874,5,1,216,1091,244442,0,2.37908552343671e-08
6875,5,1,194,1155,271096,0,3.31210327610789e-08
6876,5,1,218,1115,332529,0,7.07280993440459e-09
6877,5,1,191,1114,304709,0,2.19165539778722e-06
6878,5,1,209,1116,254301,0,5.28290798494521e-08
6879,5,1,204,1124,204869,0,8.20674150521279e-09
6880,5,1,206,1092,301464,0,4.57430066471226e-09
6881,5,1,189,1103,417734,0,5.89710586131675e-09
6882,5,1,224,1114,587294,0,1.76958879386795e-08
6883,5,1,244,1052,550090,0,5.45067905027702e-07
6884,5,1,210,1090,542023,0,7.32012579553614e-09
6885,5,1,219,1089,280541,0,9.31868400684178e-09
6886,5,1,200,1121,261728,0,8.90251895474653e-08
6887,5,1,215,1108,301452,0,6.88977787601009e-07
6888,5,1,206,1045,238444,0,1.50175795086827e-08
6889,5,1,216,1142,290104,0,1.3115136776257e-09
6890,5,1,225,1106,422849,0,2.58966405109443e-08
6891,5,1,191,1066,218979,0,9.77462404752302e-09
6892,5,1,243,1057,234236,0,5.7822153054208e-09
6893,5,1,220,1101,213993,0,3.96464453378835e-07
6894,5,1,215,1056,185706,0,2.24954719624942e-08
6895,5,1,214,1083,199004,0,9.34487457180947e-09
6896,5,1,220,1153,197362,0,6.05505430278525e-08
6897,5,1,224,1099,241277,0,1.18598291412785e-08
6898,5,1,207,1091,228500,0,1.27543972553378e-08
6899,5,1,268,1101,213343,0,5.58350059216689e-09
6900,5,1,204,1114,238868,0,1.48727301247301e-08
6901,5,1,221,1105,320698,0,3.55790546595788e-08
6902,5,1,204,1112,264949,0,6.20592524250234e-09
6903,5,1,196,1109,237811,0,1.29737768401572e-08
6904,5,1,184,1075,298168,0,5.75583096427172e-09
6905,5,1,221,1100,227306,0,9.8625128193274e-09
6906,5,1,165,1157,213794,0,7.35877754479233e-09
6907,5,1,211,1104,205685,0,9.31569284562532e-09
6908,5,1,230,1152,225390,0,1.53812624591321e-08
6909,5,1,213,1050,319557,0,1.45443364998744e-08
6910,5,1,211,1122,318888,0,3.01852887011604e-09
6911,5,1,209,1087,395914,0,1.49639165343751e-08
6912,5,1,216,1124,342079,0,2.90087671560712e-08
6913,5,1,202,1102,308041,0,1.11058727730837e-08
6914,5,1,214,1124,329644,0,8.99342369597996e-09
6915,5,1,191,1146,428286,0,3.36217559757966e-08
6916,5,1,189,1125,341654,0,3.27911889551774e-08
6917,5,1,185,1106,326511,0,3.02461715663814e-08
6918,5,1,202,1099,260076,0,7.74931089336954e-09
6919,5,1,184,1090,312364,0,1.23565403491448e-08
6920,5,1,223,1102,238100,0,2.11578341126419e-08
6921,5,1,247,1072,292215,0,2.015488463661e-08
6922,5,1,222,1080,276877,0,3.72121762463345e-08
6923,5,1,215,1079,236723,0,1.51230556456701e-07
6924,5,1,224,1064,256172,0,8.05455592543386e-09
6925,5,1,190,1080,230470,0,8.85385235054469e-09
6926,5,1,211,1058,267029,0,2.87426604389108e-09
6927,5,1,181,1110,286852,0,1.14900466882427e-08
6928,5,1,208,1084,287130,0,4.7591281167895e-09
6929,5,1,196,1070,330851,0,1.08078268048816e-06
6930,5,1,178,1090,331052,0,3.51344492437272e-09
6931,5,1,187,1088,421978,0,2.94547013563427e-08
6932,5,1,223,1056,340916,0,1.40962051453597e-06
6933,5,1,197,1091,285064,0,5.10617136119492e-08
6934,5,1,196,1077,326678,0,9.26874577149354e-09
6935,5,1,260,1131,262832,0,9.55791473358999e-06
6936,5,1,204,1108,249193,0,2.04592018750244e-08
6937,5,1,214,1071,321721,0,4.29050089199184e-09
6938,5,1,239,1094,288036,0,2.62286532181357e-08
6939,5,1,237,1085,280349,0,1.08697501043772e-08
6940,5,1,210,1128,267915,0,1.21175925914192e-08
6941,5,1,212,1070,272164,0,3.25281966951177e-08
6942,5,1,247,1075,278764,0,9.95140672326766e-09
6943,5,1,197,1066,429119,0,7.38509135197411e-09
6944,5,1,203,1102,253961,0,2.93031571197038e-08
6945,5,1,215,1125,237000,0,1.88428028810126e-07
6946,5,1,196,1075,218462,0,7.29031616585792e-09
6947,5,1,203,1133,226926,0,2.12264347099793e-08
6948,5,1,202,1075,213281,0,1.53144432979691e-07
6949,5,1,188,1079,214598,0,5.03515072808645e-08
6950,5,1,184,1124,177973,0,1.55548280316532e-08
6951,5,1,222,1093,201176,0,5.64043521190196e-09
6952,5,1,220,1104,192640,0,3.41066587854022e-08
6953,5,1,231,1105,361280,0,2.88639504147834e-08
6954,5,1,192,1093,215828,0,4.27829711162397e-08
6955,5,1,199,1103,249654,0,6.73836667125084e-09
6956,5,1,185,1114,275987,0,8.05372161844292e-09
6957,5,1,221,1163,276227,0,4.1689767281869e-08
6958,5,1,188,1117,293474,0,1.04114528671947e-08
6959,5,1,209,1103,264111,0,3.13400292371172e-08
6960,5,1,232,1116,223005,0,4.2307081770132e-08
6961,5,1,209,1105,240371,0,7.07273171772515e-08
6962,5,1,212,1111,181456,0,1.00357332746413e-07
6963,5,1,221,1125,221849,0,4.39200693794078e-09
6964,5,1,220,1135,218059,0,9.46562444991217e-09
6965,5,1,232,1122,178065,0,1.65887660268304e-08
6966,5,1,223,1166,202910,0,6.65246522840574e-08
6967,5,1,213,1177,144599,0,4.1211337012016e-09
6968,5,1,229,1184,153944,0,2.54066237497106e-09
6969,5,1,230,1151,132745,0,1.61004955238281e-07
6970,5,1,209,1165,153721,0,1.19786946039147e-08
6971,5,1,230,1130,196341,0,8.4536023919969e-08
6972,5,1,218,1113,234403,0,3.64110803967755e-07
6973,5,1,210,1120,252695,0,1.8285062688194e-08
6974,5,1,216,1081,273873,0,4.98944924428138e-08
6975,5,1,211,1093,214625,0,2.58235992597351e-08
6976,5,1,218,1169,273716,0,5.34298076034756e-08
6977,5,1,212,1140,269435,0,2.10503537864007e-09
6978,5,1,206,1073,375924,0,7.74358737208238e-08
6979,5,1,207,1075,307765,0,7.57320379053906e-09
6980,5,1,201,1088,250927,0,1.65868532142519e-08
6981,5,1,219,1155,280260,0,5.06289685422474e-08
6982,5,1,198,1122,244833,0,3.44910361804245e-09
6983,5,1,176,1087,200818,0,6.01932040413525e-08
6984,5,1,158,1111,172731,0,4.14112650585082e-09
6985,5,1,190,1072,289879,0,2.05193559325226e-08
6986,5,1,204,1096,277551,0,7.64869102019675e-09
6987,5,1,182,1061,216913,0,2.31682939163691e-09
6988,5,1,178,1151,466413,0,9.78856496647631e-09
6989,5,1,158,1097,364074,0,6.86142546060281e-09
6990,5,1,151,1070,290988,0,5.89524880662792e-08
6991,5,1,185,1105,248744,0,1.76708532633363e-08
6992,5,1,211,1065,226304,0,8.17692476978937e-09
6993,5,1,187,1137,250248,0,2.57104099993778e-08
6994,5,1,210,1137,243239,0,3.61962630102595e-08
6995,5,1,182,1104,241847,0,3.46128582072135e-09
6996,5,1,206,1100,243709,0,1.36209092271951e-08
6997,5,1,205,1128,309930,0,5.49101189050291e-07
6998,5,1,215,1087,304982,0,6.37401624254269e-08
6999,5,1,206,1148,242128,0,1.56039897083484e-08
7000,5,1,203,1097,306388,0,2.78311094836847e-08
7001,5,1,197,1101,379204,0,1.77825183701976e-08
7002,5,1,189,1071,369906,0,7.45083563387819e-08
7003,5,1,193,1079,247056,0,5.15879271382044e-09
7004,5,1,228,1100,320303,0,5.26866241188715e-08
7005,5,1,212,1126,359468,0,1.58036038193254e-08
7006,5,1,185,1101,250560,0,4.09028546282849e-09
7007,5,1,223,1106,251965,0,4.77852851341069e-09
7008,5,1,191,1109,250606,0,4.7016643274182e-09
7009,5,1,184,1102,221490,0,2.79593360269294e-08
7010,5,1,212,1101,170471,0,2.46346937225306e-08
7011,5,1,215,1103,256382,0,9.41282641366391e-09
7012,5,1,201,1073,296076,0,1.15709916481356e-08
7013,5,1,232,1110,217670,0,1.10727169105092e-07
7014,5,1,172,1069,174431,0,8.37940453023744e-09
7015,5,1,170,1123,157953,0,1.89294222072563e-08
7016,5,1,195,1137,184894,0,4.64848725780836e-09
7017,5,1,191,1116,171118,0,1.60728398142938e-09
7018,5,1,203,1167,184806,0,4.75379298230895e-08
7019,5,1,207,1134,176231,0,4.36760695442476e-09
7020,5,1,212,1136,174520,0,1.54875235548211e-08
7021,5,1,233,1136,211096,0,2.27545320049091e-08
7022,5,1,232,1145,163149,0,3.64722818430761e-08
7023,5,1,213,1105,173327,0,1.03021661288844e-06
7024,5,1,220,1081,210981,0,3.6078218235894e-08
7025,5,1,168,1102,230018,0,1.46953992375835e-08
7026,5,1,222,1117,269443,0,8.7417243161193e-08
7027,5,1,182,1116,199616,0,6.52138589628919e-09
7028,5,1,210,1117,223482,0,1.60143997729529e-08
7029,5,1,212,1137,225587,0,1.16004844615225e-08
7030,5,1,203,1099,220097,0,9.42411509332831e-09
7031,5,1,207,1046,208384,0,4.46471629374314e-09
7032,5,1,216,1088,251367,0,2.1147783768696e-09
7033,5,1,223,1086,262892,0,3.38896087255325e-08
7034,5,1,185,1086,253880,0,1.64658252166895e-08
7035,5,1,145,1097,373467,0,1.07423674324849e-09
7036,5,1,191,1081,321237,0,1.34375363806136e-08
7037,5,1,207,1104,288844,0,1.83964886492886e-08
7038,5,1,210,1084,303919,0,1.14837431052201e-08
7039,5,1,200,1054,298316,0,7.28549914171825e-09
7040,5,1,221,1060,340726,0,7.46597451398076e-09
7041,5,1,212,1130,358308,0,1.26592203017334e-08
7042,5,1,202,1098,375023,0,4.17060892815228e-08
7043,5,1,191,1057,337497,0,3.5290544571276e-08
7044,5,1,174,1091,356778,0,6.27213463844051e-08
7045,5,1,198,1093,274898,0,9.4632472697483e-08
7046,5,1,185,1054,293349,0,4.56164535783549e-08
7047,5,1,170,1106,318063,0,2.17908449902734e-08
7048,5,1,181,1077,311819,0,6.16504301364027e-09
7049,5,1,173,1040,400485,0,1.03379146429273e-07
7050,5,1,192,1123,394710,0,9.00775539815643e-09
7051,5,1,170,1087,353538,0,4.05370192789377e-08
7052,5,1,174,1129,243677,0,1.18784962638156e-08
7053,5,1,186,1093,280991,0,3.01472155128209e-07
7054,5,1,173,1103,269063,0,6.09820698819136e-09
7055,5,1,179,1083,250648,0,4.43195434745594e-09
7056,5,1,166,1096,316328,0,3.76491593944109e-09
7057,5,1,196,1098,342395,0,8.95424776263818e-09
7058,5,1,166,1060,338509,0,1.84510555753322e-09
7059,5,1,158,1045,284874,0,7.61797538150759e-09
7060,5,1,168,1081,309458,0,2.31018643438834e-09
7061,5,1,171,1083,278804,0,3.9573005957787e-08
7062,5,1,170,1121,278658,0,1.04016074009395e-08
7063,5,1,172,1041,364953,0,5.14881718091888e-08
7064,5,1,196,1043,492647,0,6.30869472139486e-09
7065,5,1,183,1135,442914,0,4.88234891707044e-08
7066,5,1,188,1143,313325,0,7.81329531423233e-08
7067,5,1,151,1106,361361,0,4.13815724517669e-08
7068,5,1,180,1123,299930,0,4.31310058689029e-06
7069,5,1,186,1111,259664,0,9.69245078042214e-09
7070,5,1,179,1066,306525,0,4.98517924861645e-09
7071,5,1,172,1018,340424,0,2.73815148553545e-09
7072,5,1,176,1109,375121,0,7.29569758127269e-08
7073,5,1,181,1067,383155,0,5.84440362201041e-09
7074,5,1,151,1137,279194,0,1.29007541341508e-08
7075,5,1,206,1137,244152,0,1.45696780813942e-08
7076,5,1,173,1097,223076,0,1.79879621454509e-07
7077,5,1,167,1108,198976,0,5.85517773064345e-07
7078,5,1,158,1088,216048,0,3.61850282631519e-08
7079,5,1,167,1089,183434,0,3.59136643930348e-09
7080,5,1,172,1084,280485,0,1.64480600452896e-08
7081,5,1,210,993,240507,0,1.00377136082212e-08
7082,5,1,201,1105,155235,0,9.84045288913054e-09
7083,5,1,178,1092,137527,0,2.30602575230599e-08
7084,5,1,215,1111,169576,0,4.12653643833506e-08
7085,5,1,196,1094,158302,0,3.72946096768873e-08
7086,5,1,180,1099,165218,0,2.28604464678964e-08
7087,5,1,185,1084,212106,0,1.01999361218669e-07
7088,5,1,207,1111,172869,0,1.3819869851847e-09
7089,5,1,179,1119,227645,0,4.56312682880468e-09
7090,5,1,210,1094,266633,0,7.88317513839859e-09
7091,5,1,163,1114,204486,0,1.05935180199353e-07
7092,5,1,195,1130,219278,0,2.4878072312978e-08
7093,5,1,184,1080,146943,0,5.21829910893335e-09
7094,5,1,212,1099,182956,0,2.0345792785861e-07
7095,5,1,199,1151,152763,0,9.04730423541857e-08
7096,5,1,193,1112,202480,0,9.5455744623392e-09
7097,5,1,205,1056,258172,0,4.07522316803245e-08
7098,5,1,219,1057,225336,0,1.87451775686914e-08
7099,5,1,218,1066,183799,0,5.1552222801479e-08
7100,5,1,231,1085,212620,0,2.36596208366872e-08
7101,5,1,221,1067,186708,0,1.29045915902665e-08
7102,5,1,221,1132,179866,0,3.18620397241152e-07
7103,5,1,213,1056,283911,0,1.02042892323571e-08
7104,5,1,209,1129,275540,0,1.89291484025207e-07
7105,5,1,179,1093,228902,0,1.06603105516427e-08
7106,5,1,217,1171,170753,0,1.58859532232651e-08
7107,5,1,223,1104,216345,0,7.64356194247803e-09
7108,5,1,189,1069,304435,0,2.91246151091471e-07
7109,5,1,191,1084,331524,0,3.13784375261878e-07
7110,5,1,194,1061,337390,0,2.34096263112913e-08
7111,5,1,198,1084,413766,0,2.71525760895798e-08
7112,5,1,210,1086,358708,0,4.0851195409058e-08
7113,5,1,208,1045,394061,0,5.14854256061974e-08
7114,5,1,207,1117,218949,0,3.00309713867785e-08
7115,5,1,205,1092,190913,0,2.33555134642167e-09
7116,5,1,211,1098,424745,0,2.90144470588018e-08
7117,5,1,186,1059,425371,0,7.40576678786285e-09
7118,5,1,224,1108,351927,0,8.04253480456962e-09
7119,5,1,197,1112,511244,0,3.20833331871191e-08
7120,5,1,225,1139,699835,0,1.48052265244236e-08
7121,5,1,203,1116,487053,0,1.14950835327684e-08
7122,5,1,214,1110,449406,0,9.88971941231311e-09
7123,5,1,181,1044,339381,0,9.72299182564967e-09
7124,5,1,232,1144,324234,0,2.2050387809017e-08
7125,5,1,223,1091,234966,0,3.98375070599454e-09
7126,5,1,232,1087,342235,0,2.21937284731074e-08
7127,5,1,244,1139,250983,0,9.99999609373625e-09
7128,5,1,247,1124,316793,0,4.93160816193143e-09
7129,5,1,213,1129,227005,0,9.33804546654751e-09
7130,5,1,193,1111,217999,0,5.86167742205121e-08
7131,5,1,190,1104,206214,0,3.27615594171995e-08
7132,5,1,178,1093,149583,0,1.05961102727956e-08
7133,5,1,230,1063,159779,0,1.68690018667455e-08
7134,5,1,221,1115,183712,0,4.19785423109575e-08
7135,5,1,203,1132,201364,0,1.79720612497943e-08
7136,5,1,191,1078,173308,0,9.74081215537317e-09
7137,5,1,223,1139,189320,0,8.80790945120849e-09
7138,5,1,196,1102,223061,0,6.53015632394419e-08
7139,5,1,235,1078,210976,0,2.42114502967172e-09
7140,5,1,220,1101,192799,0,1.230160626172e-08
7141,5,1,212,1104,235319,0,7.56817772203179e-09
7142,5,1,221,1075,272695,0,9.24176351755291e-09
7143,5,1,238,1092,243257,0,8.95068855052156e-09
7144,5,1,202,1144,203735,0,6.84533500827828e-08
7145,5,1,226,1130,215604,0,4.04142056294653e-08
7146,5,1,227,1083,161559,0,7.17980893121139e-09
7147,5,1,216,1116,208521,0,2.55098461863448e-08
7148,5,1,235,1131,219710,0,8.76564327362059e-08
7149,5,1,220,1107,203385,0,2.47086096139585e-08
7150,5,1,217,1131,211673,0,1.50598793652961e-08
7151,5,1,208,1071,198632,0,2.79655565129915e-08
7152,5,1,212,1110,233790,0,8.25057309874815e-09
7153,5,1,224,1060,212016,0,1.92734904292299e-08
7154,5,1,192,1108,176786,0,3.09569757089461e-09
7155,5,1,189,1146,157352,0,3.88704885238913e-09
7156,5,1,191,1078,139203,0,6.4628370110088e-07
7157,5,1,201,1141,111281,0,5.51143694797975e-09
7158,5,1,204,1108,165451,0,1.4547187165386e-08
7159,5,1,213,1121,207444,0,1.90179103423093e-09
7160,5,1,186,1052,137627,0,9.91685137550127e-09
7161,5,1,195,1096,137842,0,2.90805913134046e-08
7162,5,1,193,1123,129020,0,4.91289798158678e-09
7163,5,1,206,1144,119128,0,7.82194628850746e-08
7164,5,1,206,1085,136875,0,3.17071807521133e-08
7165,5,1,182,1093,149668,0,7.09874320877802e-08
7166,5,1,182,1100,168685,0,6.06096997762207e-08
7167,5,1,177,1058,183902,0,3.53370707490062e-08
7168,5,1,183,1130,167254,0,7.36317119862888e-09
7169,5,1,176,1079,173531,0,1.98540087494197e-08
7170,5,1,175,1035,175674,0,2.11276378514291e-08
7171,5,1,179,1066,176208,0,1.22830580602184e-08
7172,5,1,184,1071,178357,0,4.09886543864092e-09
7173,5,1,241,1060,163646,0,5.1667029770238e-08
7174,5,1,208,1109,162666,0,5.50531822124894e-09
7175,5,1,193,1086,193464,0,2.63246134749021e-08
7176,5,1,220,1069,201199,0,5.6818302248414e-09
7177,5,1,177,1052,173771,0,4.17010372207198e-09
7178,5,1,174,1085,168910,0,2.37534709505552e-08
7179,5,1,192,1083,171827,0,2.89149683417385e-08
7180,5,1,212,1051,195531,0,7.96534120351896e-08
7181,5,1,226,1061,263891,0,2.14201115597593e-08
7182,5,1,181,1091,256331,0,8.82235503808572e-09
7183,5,1,196,1060,170484,0,3.498700798067e-08
7184,5,1,187,1099,173931,0,6.5036166845931e-08
7185,5,1,214,1073,151738,0,1.29556633419553e-08
7186,5,1,208,1104,142953,0,1.98024864957162e-08
7187,5,1,211,1042,161893,0,1.93481955377692e-09
7188,5,1,228,1106,191069,0,8.99326802066966e-09
7189,5,1,196,1097,168454,0,3.59961520630043e-08
7190,5,1,189,1114,188442,0,4.57486349312135e-08
7191,5,1,188,1094,229519,0,6.07875703877187e-09
7192,5,1,215,1110,165011,0,2.93057947476702e-08
7193,5,1,188,1094,154371,0,3.74958102482285e-09
7194,5,1,215,1120,126356,0,2.75963811916579e-08
7195,5,1,181,1128,239916,0,3.56179148073253e-07
7196,5,1,218,1135,432502,0,1.61425174871902e-08
7197,5,1,207,1079,310582,0,1.29826125699651e-08
7198,5,1,227,1091,430567,0,1.61978413665914e-08
7199,5,1,168,1132,373780,0,1.11462807476848e-08
7200,5,1,204,1102,343799,0,9.54217211027243e-09
7201,5,1,210,1077,429891,0,5.98595978056358e-09
7202,5,1,192,1115,319984,0,1.49248834668146e-09
7203,5,1,193,1126,290450,0,1.6398264116153e-08
7204,5,1,211,1126,224009,0,6.30941029139888e-09
7205,5,1,202,1080,236802,0,5.32780719011043e-09
7206,5,1,213,1115,250450,0,1.15788340896833e-08
7207,5,1,217,1066,222759,0,4.09022182695818e-08
7208,5,1,173,1121,222924,0,1.12512400164929e-08
7209,5,1,218,1127,287941,0,1.79925683764781e-07
7210,5,1,242,1089,326304,0,1.01418887102583e-08
7211,5,1,217,1119,317028,0,4.47316123831584e-08
7212,5,1,198,1048,394822,0,8.20339796209221e-09
7213,5,1,189,1148,440367,0,1.89357113880795e-09
7214,5,1,207,1088,402465,0,7.87307071310326e-09
7215,5,1,211,1070,389526,0,2.0987420932767e-07
7216,5,1,217,1085,389726,0,2.27906450253547e-08
7217,5,1,197,1098,398972,0,2.06473638170739e-08
7218,5,1,207,1112,338716,0,2.50065029881022e-08
7219,5,1,220,1138,411968,0,1.42596248760237e-08
7220,5,1,213,1058,374960,0,1.98555941016709e-08
7221,5,1,198,1080,385644,0,3.38343679411464e-09
7222,5,1,231,1105,427726,0,1.61310523369618e-08
7223,5,1,180,1099,274666,0,2.51176066036614e-09
7224,5,1,214,1099,369987,0,1.44415719012366e-08
7225,5,1,215,1125,328191,0,6.77080194447652e-08
7226,5,1,233,1079,323065,0,4.24625393932994e-09
7227,5,1,212,1112,322993,0,2.77764975458222e-08
7228,5,1,194,1091,585893,0,3.6422928974502e-09
7229,5,1,189,1088,439861,0,5.47254928362065e-09
7230,5,1,210,1062,420139,0,4.78241503428387e-09
7231,5,1,183,1075,338755,0,3.30702442097864e-08
7232,5,1,199,1086,365774,0,5.75783989863435e-09
7233,5,1,205,1083,321111,0,7.51756479004253e-09
7234,5,1,198,1143,297939,0,6.80978587547302e-09
7235,5,1,197,1080,484590,0,6.48342458261526e-07
7236,5,1,169,1090,433528,0,3.62257259155084e-08
7237,5,1,200,1105,360226,0,5.35635654453344e-09
7238,5,1,192,1138,327435,0,2.82251066743847e-08
7239,5,1,214,1160,305028,0,2.38946020219457e-07
7240,5,1,197,1124,327381,0,3.63824159566926e-09
7241,5,1,208,1116,272278,0,1.81829894496137e-08
7242,5,1,184,1153,296508,0,4.90383761640644e-09
7243,5,1,231,1135,361037,0,3.0217701835643e-08
7244,5,1,196,1120,312120,0,3.42714235190483e-09
7245,5,1,209,1129,277366,0,2.15352919267963e-09
7246,5,1,237,1084,400957,0,9.73766142108516e-09
7247,5,1,220,1106,307044,0,6.3227696412009e-09
7248,5,1,195,1115,204909,0,3.49208313950325e-07
7249,5,1,232,1127,279140,0,1.88248706208606e-08
7250,5,1,232,1154,393091,0,3.0276694203003e-08
7251,5,1,215,1122,482555,0,1.39345036418099e-08
7252,5,1,219,1124,374269,0,2.08688859459701e-08
7253,5,1,225,1104,375892,0,1.10159379131255e-08
7254,5,1,216,1103,305761,0,2.1265340700305e-08
7255,5,1,189,1114,293598,0,1.56411254132324e-07
7256,5,1,200,1110,291477,0,1.4293368099499e-08
7257,5,1,159,1118,268153,0,3.08583577170819e-08
7258,5,1,186,1105,269072,0,4.93633654060919e-09
7259,5,1,162,1078,271709,0,2.17596806145864e-08
7260,5,1,193,1122,367513,0,1.56164293160986e-07
7261,5,1,174,1143,506053,0,1.33781753505873e-08
7262,5,1,191,1129,441678,0,4.01403769044414e-08
7263,5,1,200,1109,419861,0,1.87288547378458e-08
7264,5,1,172,1123,399076,0,1.05220996953148e-08
7265,5,1,191,1093,352693,0,1.52707638927482e-08
7266,5,1,189,1100,405010,0,3.71725430705229e-07
7267,5,1,175,1122,292918,0,1.30582658187666e-07
7268,5,1,201,1089,298097,0,4.2917681779694e-09
7269,5,1,172,1160,295405,0,4.33255431289607e-09
7270,5,1,189,1101,378321,0,4.30457673334768e-09
7271,5,1,170,1101,287509,0,1.3398264186193e-07
7272,5,1,188,1093,328138,0,4.60776487052961e-08
7273,5,1,199,1124,382883,0,3.41979160872702e-08
7274,5,1,195,1125,323606,0,1.19597862602788e-07
7275,5,1,181,1106,317673,0,4.16936425825731e-09
7276,5,1,210,1100,366428,0,1.10744600436685e-08
7277,5,1,224,1112,290849,0,1.78933376108575e-08
7278,5,1,212,1127,294977,0,1.85994857402501e-08
7279,5,1,182,1082,290760,0,1.51257897850467e-08
7280,5,1,215,1081,293027,0,3.20232275321912e-08
7281,5,1,196,1116,211136,0,1.77336241480654e-07
7282,5,1,212,1145,189670,0,1.37265644329794e-06
7283,5,1,219,1092,184450,0,4.26029139102108e-09
7284,5,1,197,1076,261117,0,4.36389119724491e-08
7285,5,1,213,1083,234609,0,6.94952622302801e-09
7286,5,1,183,1090,197351,0,1.85886099835e-07
7287,5,1,199,1107,217900,0,7.99671882935263e-08
7288,5,1,202,1103,204319,0,2.26775135972504e-08
7289,5,1,206,1109,179632,0,4.39437774331951e-08
7290,5,1,204,1086,196098,0,1.48557551901888e-08
7291,5,1,203,1066,193875,0,7.9010242272449e-08
7292,5,1,215,1077,196886,0,7.79964003720357e-09
7293,5,1,216,1072,164575,0,1.07984562971177e-08
7294,5,1,227,1093,220530,0,9.7086838034408e-08
7295,5,1,239,1114,166645,0,5.07137690806679e-09
7296,5,1,188,1093,246496,0,4.73563977840651e-08
7297,5,1,211,1117,231649,0,3.77673361265753e-08
7298,5,1,207,1114,149848,0,9.1685867837643e-08
7299,5,1,215,1070,179479,0,1.52007548249022e-09
7300,5,1,208,1088,253562,0,3.6515199633315e-09
7301,5,1,226,1113,217915,0,2.11978397409948e-08
7302,5,1,206,1135,243940,0,1.11730804327417e-07
7303,5,1,226,1120,213184,0,5.32614461993889e-08
7304,5,1,234,1138,189358,0,2.74827277192742e-07
7305,5,1,234,1073,197656,0,4.25561918447113e-09
7306,5,1,233,1122,244658,0,9.18400671472242e-09
7307,5,1,168,1079,175041,0,8.88136325715089e-08
7308,5,1,184,1079,174998,0,1.140662693009e-08
7309,5,1,175,1068,165936,0,7.13484485723583e-08
7310,5,1,186,1122,234373,0,4.09398035985154e-09
7311,5,1,207,1099,191122,0,1.27598440167976e-05
7312,5,1,166,1069,209153,0,4.19336727307262e-06
7313,5,1,191,1101,213061,0,1.86652301678859e-08
7314,5,1,187,1103,191046,0,2.02920287695317e-06
7315,5,1,200,1061,202101,0,9.06619166654075e-09
7316,5,1,227,1075,195969,0,4.587556804073e-08
7317,5,1,217,1041,245347,0,4.73894170192696e-09
7318,5,1,195,1083,242479,0,1.2463002021832e-07
7319,5,1,241,1074,256419,0,7.2890648771946e-09
7320,5,1,189,1089,291093,0,7.81426932459995e-09
7321,5,1,244,1100,310476,0,5.77065186542287e-09
7322,5,1,194,1119,221675,0,2.46736674276408e-08
7323,5,1,208,1138,194002,0,3.49564804160827e-08
7324,5,1,199,1136,252571,0,2.53998779232308e-08
7325,5,1,237,1098,237698,0,7.60824169876953e-09
7326,5,1,217,1095,201456,0,8.16848075718594e-09
7327,5,1,223,1096,211609,0,1.18535153340669e-08
7328,5,1,222,1152,267635,0,7.80937043263421e-08
7329,5,1,193,1095,350023,0,1.11270635475346e-08
7330,5,1,206,1124,305339,0,3.30703240842108e-09
7331,5,1,187,1098,225577,0,2.07468642452611e-07
7332,5,1,189,1097,226686,0,1.96942578529485e-08
7333,5,1,198,1084,257065,0,2.57955964398156e-08
7334,5,1,217,1083,206894,0,3.41433774191955e-07
7335,5,1,222,1111,262577,0,1.44202570492143e-08
7336,5,1,199,1109,272124,0,1.34753681180104e-07
7337,5,1,205,1123,220842,0,1.67813443366746e-08
7338,5,1,215,1071,222203,0,6.56285029466316e-08
7339,5,1,179,1129,200553,0,5.27935960981569e-08
7340,5,1,187,1169,215105,0,2.30831089620466e-07
7341,5,1,209,1098,268191,0,2.65272389375917e-07
7342,5,1,215,1059,220483,0,1.23801486664258e-08
7343,5,1,193,1033,216561,0,1.21633583565465e-07
7344,5,1,214,1118,215855,0,2.83391299933205e-08
7345,5,1,219,1153,169151,0,5.43271625183785e-09
7346,5,1,174,1155,245659,0,5.43121974003285e-09
7347,5,1,252,1113,206318,0,4.00188211688617e-08
7348,5,1,226,1122,255630,0,7.19457474461412e-08
7349,5,1,205,1066,250137,0,1.2382443418534e-08
7350,5,1,196,1086,266972,0,1.69190449674838e-08
7351,5,1,208,1117,312895,0,8.06409843962913e-09
7352,5,1,178,1174,207871,0,1.44800124232006e-08
7353,5,1,254,1118,245438,0,4.51300997305261e-08
7354,5,1,234,1110,228502,0,2.03747963293795e-08
7355,5,1,209,1082,304126,0,6.25447266039303e-10
7356,5,1,204,1065,341203,0,6.09207890698249e-09
7357,5,1,215,1100,321711,0,6.92998844483097e-08
7358,5,1,210,1112,276667,0,2.78831328333536e-07
7359,5,1,217,1093,241156,0,1.17811978948006e-08
7360,5,1,219,1085,265210,0,6.94165974797316e-09
7361,5,1,257,1150,250706,0,6.43379011808001e-09
7362,5,1,194,1121,486169,0,3.2382260229114e-09
7363,5,1,191,1136,364707,0,4.74617252266582e-08
7364,5,1,214,1125,556722,0,3.68015509250376e-07
7365,5,1,210,1077,371575,0,3.20508741188017e-08
7366,5,1,215,1107,256923,0,4.54840087549584e-08
7367,5,1,210,1134,288611,0,1.14546135918312e-08
7368,5,1,219,1092,230456,0,1.9195116704466e-09
7369,5,1,233,1093,218349,0,5.97913587880843e-09
7370,5,1,206,1119,205739,0,3.29917848174236e-08
7371,5,1,215,1101,199237,0,6.16455752828788e-08
7372,5,1,239,1101,240682,0,2.90318367769785e-08
7373,5,1,217,1062,243781,0,3.73066261443984e-08
7374,5,1,186,1132,260006,0,1.87309340441616e-08
7375,5,1,197,1133,221400,0,6.85247485385686e-08
7376,5,1,228,1159,213584,0,5.04266986716859e-06
7377,5,1,210,1124,177013,0,2.37640616656e-08
7378,5,1,216,1099,210878,0,2.24389604798e-08
7379,5,1,224,1105,269236,0,1.44247257507485e-08
7380,5,1,243,1160,293110,0,6.61854205779425e-07
7381,5,1,231,1114,257383,0,8.43839890879332e-09
7382,5,1,208,1086,258888,0,7.0691783594302e-08
7383,5,1,219,1070,345779,0,1.35808756163486e-08
7384,5,1,222,1133,299269,0,9.03901703273742e-08
7385,5,1,221,1131,249986,0,7.69307759980599e-09
7386,5,1,237,1137,249266,0,6.09313823949931e-09
7387,5,1,206,1096,269380,0,8.34510503841963e-09
7388,5,1,182,1095,179584,0,3.53349011424439e-08
7389,5,1,196,1076,255771,0,6.04226694228116e-09
7390,5,1,196,1069,307925,0,3.38007842982488e-08
7391,5,1,166,1123,258798,0,8.42648974533303e-07
7392,5,1,221,1065,288183,0,2.76241669929323e-08
7393,5,1,233,1125,239674,0,1.71949687466564e-08
7394,5,1,215,1071,243194,0,2.71631077436741e-08
7395,5,1,202,1104,271408,0,1.02445501683459e-08
7396,5,1,220,1097,225937,0,7.36474471530794e-09
7397,5,1,203,1094,241890,0,9.84415887851895e-09
7398,5,1,209,1091,291930,0,1.05561512161506e-08
7399,5,1,227,1130,286592,0,1.63250731138804e-08
7400,5,1,215,1118,281885,0,4.80937919875865e-09
7401,5,1,206,1094,252985,0,6.35929756571065e-09
7402,5,1,244,1060,239936,0,1.75062684680404e-08
7403,5,1,230,1089,248476,0,4.29841073384082e-08
7404,5,1,210,1119,290270,0,1.32881622417316e-06
7405,5,1,223,1127,352207,0,7.67927436055618e-08
7406,5,1,186,1116,466200,0,3.08423423125939e-08
7407,5,1,164,1056,275375,0,4.39295937008512e-07
7408,5,1,204,1076,293982,0,1.61727141162026e-08
7409,5,1,233,1103,342671,0,5.04032949342922e-08
7410,5,1,203,1145,373507,0,2.26492266337148e-07
7411,5,1,222,1091,330160,0,5.60506910910354e-09
7412,5,1,201,1085,242185,0,8.07352634435549e-09
7413,5,1,215,1104,275462,0,2.16451855384059e-09
7414,5,1,172,1087,294854,0,6.44593846695495e-09
7415,5,1,180,1112,270137,0,4.61660308774224e-08
7416,5,1,196,1094,254926,0,2.40536910255775e-09
7417,5,1,227,1111,348347,0,2.14141866370103e-08
7418,5,1,218,1113,362449,0,1.18033408504099e-08
7419,5,1,195,1119,267848,0,5.82316467674195e-09
7420,5,1,189,1128,264833,0,1.2162321979254e-08
7421,5,1,166,1117,247610,0,1.04566685593979e-07
7422,5,1,198,1087,238073,0,4.36276677011308e-09
7423,5,1,197,1070,219735,0,2.1275248055751e-07
7424,5,1,186,1129,260621,0,4.83746217565136e-09
7425,5,1,215,1071,225347,0,2.18971454137403e-09
7426,5,1,216,1107,281983,0,1.14183444555384e-08
7427,5,1,207,1090,262173,0,2.03111221312014e-08
7428,5,1,225,1104,352586,0,1.22798040463281e-08
7429,5,1,228,1071,246036,0,5.76376950986993e-09
7430,5,1,202,1067,293716,0,2.43467077609144e-07
7431,5,1,165,1103,333501,0,7.65574402168675e-09
7432,5,1,194,1050,269756,0,3.63000080508298e-08
7433,5,1,195,1090,221135,0,3.26448875597908e-08
7434,5,1,202,1086,233765,0,1.30852684773278e-06
7435,5,1,223,1101,265260,0,2.83389534074076e-08
7436,5,1,207,1090,190775,0,6.15099813359466e-08
7437,5,1,234,1115,181927,0,1.03396811512262e-08
7438,5,1,241,1116,180734,0,2.15377336476741e-09
7439,5,1,221,1071,183205,0,2.54888796931534e-08
7440,5,1,268,1059,289317,0,1.12619261191692e-08
7441,5,1,221,1042,401047,0,1.67615588149029e-08
7442,5,1,229,1104,304305,0,6.50139829732109e-08
7443,5,1,208,1137,226555,0,3.57392779988713e-09
7444,5,1,209,1078,202080,0,1.37089474793788e-07
7445,5,1,193,1128,242404,0,1.7396967900807e-08
7446,5,1,202,1085,233726,0,7.08322930909942e-09
7447,5,1,218,1092,281749,0,7.45799810746382e-08
7448,5,1,211,1081,262202,0,4.49530818424737e-08
7449,5,1,189,1070,254055,0,4.12446040685234e-09
7450,5,1,215,1110,224033,0,3.7884104111791e-08
7451,5,1,213,1063,296313,0,7.91345012336329e-07
7452,5,1,210,1102,273341,0,8.55034693170398e-09
7453,5,1,201,1104,300731,0,2.18231814900071e-08
7454,5,1,225,1154,189488,0,4.68983176593142e-08
7455,5,1,232,1125,204213,0,7.92004065224963e-09
7456,5,1,215,1092,161036,0,6.70191955203238e-08
7457,5,1,236,1130,182286,0,3.19015731380255e-09
7458,5,1,185,1097,199352,0,3.16494483240295e-09
7459,5,1,193,1135,204431,0,5.25434970648811e-08
7460,5,1,204,1137,148450,0,1.89237880893402e-08
7461,5,1,203,1105,171496,0,3.89431945944741e-09
7462,5,1,238,1087,188602,0,1.02188407593707e-07
7463,5,1,195,1117,203318,0,6.90744936407743e-07
7464,5,1,225,1150,169853,0,3.5427461772887e-09
7465,5,1,217,1135,183748,0,1.58301726419946e-07
7466,5,1,241,1112,206637,0,4.77962612876445e-09
7467,5,1,214,1086,186530,0,5.1912430571799e-06
7468,5,1,224,1121,241572,0,5.74279775421414e-09
7469,5,1,188,1096,277784,0,1.47439143923613e-07
7470,5,1,213,1148,307744,0,3.06608426733514e-06
7471,5,1,218,1143,278965,0,5.9629717033054e-08
7472,5,1,180,1124,198043,0,4.92590128573781e-08
7473,5,1,219,1082,258846,0,2.69871919872993e-08
7474,5,1,185,1092,222116,0,6.6879463390183e-09
7475,5,1,205,1093,193120,0,6.22354033980535e-08
7476,5,1,186,1099,226397,0,4.09728692229554e-07
7477,5,1,173,1077,233383,0,5.0430505066805e-07
7478,5,1,222,1136,188246,0,2.39046468278493e-08
7479,5,1,223,1133,198485,0,8.44770647362188e-08
7480,5,1,184,1137,264924,0,1.03504179144093e-08
7481,5,1,223,1088,214940,0,2.08685018253404e-08
7482,5,1,176,1123,227270,0,6.15259524490564e-09
7483,5,1,179,1071,336569,0,4.0509103233018e-09
7484,5,1,219,1074,286187,0,2.34899496641969e-08
7485,5,1,189,1127,240831,0,9.30432664305217e-09
7486,5,1,166,1082,197051,0,3.27708062168913e-09
7487,5,1,212,1075,193552,0,2.25428005020843e-08
7488,5,1,189,1089,207071,0,2.77413494857939e-09
7489,5,1,191,1122,191419,0,3.40330254830411e-09
7490,5,1,178,1106,212937,0,1.02541769943691e-08
7491,5,1,194,1093,159947,0,5.8267845181069e-06
7492,5,1,210,1134,183840,0,5.99621808160229e-09
7493,5,1,173,1114,164400,0,4.37873456352445e-08
7494,5,1,227,1137,184290,0,1.91369688236643e-07
7495,5,1,181,1070,181209,0,2.7241286781692e-08
7496,5,1,197,1073,148871,0,6.24601116367148e-09
7497,5,1,172,1143,135779,0,1.49322009896196e-08
7498,5,1,222,1164,145401,0,5.67104657135321e-08
7499,5,1,214,1108,183297,0,1.7758468656286e-07
7500,5,1,210,1099,196851,0,4.59401255570772e-08
7501,5,1,220,1086,156532,0,2.7794484016863e-07
7502,5,1,207,1078,127826,0,1.70188337163411e-07
7503,5,1,203,1107,152086,0,8.24945839215226e-09
7504,5,1,200,1129,211572,0,5.24979445370698e-08
7505,5,1,224,1164,180389,0,9.80313580683635e-09
7506,5,1,216,1135,122001,0,1.31638044815818e-08
7507,5,1,216,1099,124362,0,4.98056121618587e-09
7508,5,1,177,1105,110825,0,1.44409999948583e-07
7509,5,1,197,1075,131018,0,6.98378236204877e-09
7510,5,1,198,1087,194253,0,2.58307238507069e-07
7511,5,1,196,1119,110457,0,8.1059382082367e-09
7512,5,1,245,1106,124702,0,8.52133364700904e-09
7513,5,1,223,1100,116517,0,2.551118033673e-08
7514,5,1,198,1152,104164,0,1.23120162092649e-08
7515,5,1,228,1115,110904,0,3.25746577358246e-08
7516,5,1,213,1115,132333,0,2.93338770620114e-07
7517,5,1,202,1136,148082,0,1.7698367976574e-08
7518,5,1,180,1139,145152,0,6.13583304636568e-09
7519,5,1,180,1172,160033,0,1.01421143777259e-07
7520,5,1,223,1107,152838,0,3.42631927122863e-09
7521,5,1,215,1112,98734,0,6.23053542592007e-08
7522,5,1,181,1090,139038,0,1.5094226851773e-06
7523,5,1,200,1109,165824,0,1.97127529562433e-06
7524,5,1,230,1116,201503,0,1.71166750048557e-08
7525,5,1,222,1112,160704,0,4.95424741418485e-08
7526,5,1,227,1120,189128,0,3.67089109465919e-08
7527,5,1,204,1147,173248,0,8.09387236391311e-08
7528,5,1,255,1157,161501,0,1.41111766559879e-08
7529,5,1,186,1132,146080,0,1.75964176784959e-07
7530,5,1,250,1150,143188,0,2.44714149088276e-08
7531,5,1,199,1118,159188,0,1.33596374580515e-08
7532,5,1,207,1150,167012,0,1.20297763205267e-08
7533,5,1,197,1088,135198,0,5.99673422159449e-09
7534,5,1,219,1139,132805,0,6.39380200529403e-08
7535,5,1,186,1090,159733,0,3.04153528199941e-08
7536,5,1,204,1106,178989,0,1.18543411781321e-08
7537,5,1,218,1108,174951,0,1.36267259490395e-09
7538,5,1,219,1115,201582,0,5.65670928706183e-09
7539,5,1,213,1124,279727,0,2.673610618559e-08
7540,5,1,197,1133,243768,0,1.11800220763699e-08
7541,5,1,216,1103,173564,0,2.00343198477245e-08
7542,5,1,217,1108,162117,0,1.18257027132186e-08
7543,5,1,225,1165,179694,0,2.33009534988597e-08
7544,5,1,227,1084,167337,0,8.74229307537444e-09
7545,5,1,234,1105,176078,0,1.51636617978999e-08
7546,5,1,211,1125,204795,0,2.10160254308936e-08
7547,5,1,192,1051,209535,0,1.12429575185276e-07
7548,5,1,203,1119,172083,0,1.47537676934349e-08
7549,5,1,181,1119,180086,0,1.88701539018573e-07
7550,5,1,241,1090,260558,0,6.49582926537014e-08
7551,5,1,238,1167,167018,0,3.63780654257386e-07
7552,5,1,230,1086,153605,0,2.34107900496302e-08
7553,5,1,219,1113,225758,0,6.63275012694914e-08
7554,5,1,237,1122,258495,0,1.02052419986694e-08
7555,5,1,235,1156,299274,0,1.40176047679416e-08
7556,5,1,189,1095,289169,0,2.09202177320844e-07
7557,5,1,212,1093,260449,0,4.07552611526743e-09
7558,5,1,195,1141,300794,0,3.56025708428549e-08
7559,5,1,198,1088,360894,0,1.01473603711346e-07
7560,5,1,217,1083,348112,0,1.05643036939879e-08
7561,5,1,235,1110,261735,0,1.2588810822416e-08
7562,5,1,230,1101,253290,0,1.88563516078338e-09
7563,5,1,204,1094,241211,0,8.14991454101527e-08
7564,5,1,193,1104,277730,0,1.68461399711941e-08
7565,5,1,203,1076,341065,0,1.68605990720234e-08
7566,5,1,219,1098,336377,0,7.71835460997153e-09
7567,5,1,205,1119,423347,0,1.83039834267482e-08
7568,5,1,208,1088,467375,0,7.36305929482186e-09
7569,5,1,193,1106,304838,0,2.5279583121224e-08
7570,5,1,202,1101,270042,0,9.37382937925105e-09
7571,5,1,204,1084,183354,0,3.67208798262558e-09
7572,5,1,182,1104,201873,0,3.8563200369151e-08
7573,5,1,212,1094,250722,0,2.88929738251134e-08
7574,5,1,207,1102,229239,0,1.15451256531974e-08
7575,5,1,252,1149,208977,0,1.06506309539255e-08
7576,5,1,206,1114,223948,0,3.872958449382e-09
7577,5,1,187,1095,246696,0,2.16601267185954e-08
7578,5,1,205,1076,202546,0,1.38374203358221e-07
7579,5,1,201,1101,230837,0,2.02237068768054e-08
7580,5,1,193,1077,255201,0,5.29870899363793e-08
7581,5,1,234,1093,282527,0,4.2809265797386e-08
7582,5,1,210,1134,293230,0,2.88998054652757e-08
7583,5,1,223,1168,264124,0,6.39965469643576e-09
7584,5,1,197,1169,319076,0,1.04218792762919e-08
7585,5,1,206,1133,253645,0,9.1845948118036e-09
7586,5,1,182,1090,291091,0,1.14129934745386e-08
7587,5,1,176,1093,220195,0,2.17359595391385e-08
7588,5,1,199,1076,230708,0,6.30951210598572e-08
7589,5,1,165,1108,203684,0,9.34064561346344e-09
7590,5,1,183,1063,233144,0,7.22349589430407e-09
7591,5,1,196,1055,203240,0,9.66847270729094e-09
7592,5,1,215,1084,193089,0,4.9003615386217e-09
7593,5,1,191,1156,166903,0,8.15064810712465e-09
7594,5,1,198,1059,194830,0,2.84571310760676e-08
7595,5,1,201,1132,185746,0,9.10232096253427e-09
7596,5,1,176,1094,207139,0,1.73993764746338e-08
7597,5,1,229,1087,180379,0,2.87744912798057e-07
7598,5,1,223,1122,168788,0,1.91467485774546e-08
7599,5,1,219,1096,153736,0,9.37660464828486e-10
7600,5,1,236,1133,156549,0,2.66910550923784e-08
7601,5,1,222,1107,229771,0,3.41948163652038e-08
7602,5,1,187,1088,252183,0,5.32048161885197e-08
7603,5,1,198,1095,232501,0,3.68809843587439e-08
7604,5,1,194,1096,221086,0,1.5102370794902e-08
7605,5,1,219,1069,163539,0,9.80257997910615e-09
7606,5,1,206,1087,167553,0,1.58413007732824e-08
7607,5,1,226,1170,145117,0,1.10277749519633e-08
7608,5,1,173,1068,154184,0,2.51158097193882e-08
7609,5,1,201,1143,159157,0,3.35949291125897e-08
7610,5,1,197,1186,154079,0,5.09190692237042e-09
7611,5,1,221,1087,194808,0,4.70849577749803e-09
7612,5,1,227,1126,287247,0,8.87362863194752e-09
7613,5,1,231,1118,387202,0,8.9373603849178e-09
7614,5,1,214,1116,329387,0,4.1772100220077e-09
7615,5,1,215,1086,386619,0,1.56059642475178e-08
7616,5,1,208,1079,279602,0,1.15096262785423e-07
7617,5,1,210,1136,363149,0,2.21904040219103e-08
7618,5,1,238,1078,376186,0,9.70210861934323e-09
7619,5,1,228,1114,397164,0,7.34252872689004e-07
7620,5,1,206,1082,381491,0,1.77912140961245e-07
7621,5,1,219,1081,314850,0,7.16033996040072e-09
7622,5,1,205,1096,406153,0,3.17077535108157e-08
7623,5,1,242,1053,379247,0,6.44574301859188e-08
7624,5,1,218,1094,384138,0,2.98602813472236e-08
7625,5,1,251,1138,398493,0,4.0651117787001e-09
7626,5,1,232,1088,363670,0,2.26779465532341e-08
7627,5,1,224,1105,362711,0,2.46234992621421e-06
7628,5,1,213,1075,468431,0,7.61547058186340e-09
7629,5,1,200,1096,355882,0,1.31299137485792e-08
7630,5,1,206,1101,385079,0,1.89734138736441e-08
7631,5,1,247,1038,289968,0,4.2295472470372e-08
7632,5,1,219,1093,229627,0,1.0188149582387e-07
7633,5,1,218,1160,403487,0,6.49356517256709e-08
7634,5,1,197,1078,278791,0,2.49939387799458e-08
7635,5,1,227,1095,354148,0,1.01268083097008e-07
7636,5,1,210,1074,332826,0,4.05690650961674e-08
7637,5,1,242,1102,417340,0,1.49934286235591e-08
7638,5,1,232,1083,394403,0,3.32046628943314e-09
7639,5,1,204,1056,454760,0,6.49734246561955e-09
7640,5,1,197,1091,372363,0,5.99559227587325e-09
7641,5,1,204,1069,371665,0,9.05301729883699e-09
7642,5,1,208,1105,427624,0,6.18565302467321e-09
7643,5,1,213,1091,342465,0,4.38020946228347e-09
7644,5,1,233,1085,225618,0,3.81657669663385e-08
7645,5,1,232,1135,202813,0,5.91937638062869e-09
7646,5,1,190,1069,239561,0,1.25748860611205e-07
7647,5,1,221,1094,298526,0,1.20145652796543e-08
7648,5,1,239,1139,198007,0,7.42025376435052e-08
7649,5,1,220,1103,206128,0,3.88132604330397e-08
7650,5,1,217,1130,208766,0,3.34770134599133e-08
7651,5,1,243,1075,166098,0,1.1960570202754e-08
7652,5,1,213,1088,134072,0,2.57204892560101e-08
7653,5,1,202,1077,179999,0,3.38002631393462e-09
7654,5,1,228,1098,188538,0,7.09968142669211e-09
7655,5,1,225,1117,217501,0,1.17046691529906e-08
7656,5,1,215,1090,210702,0,6.34260270014429e-09
7657,5,1,193,1084,180790,0,6.45078174917051e-09
7658,5,1,245,1074,233504,0,1.66081796893806e-07
7659,5,1,231,1119,254830,0,3.69174830535199e-08
7660,5,1,200,1148,321848,0,5.5127597575666e-08
7661,5,1,215,1095,256041,0,8.51573993626656e-09
7662,5,1,232,1105,168561,0,7.08655117648042e-09
7663,5,1,185,1166,218794,0,2.88908027185927e-07
7664,5,1,203,1165,242882,0,3.6536026352794e-08
7665,5,1,205,1060,207424,0,8.42499260077039e-09
7666,5,1,219,1098,229734,0,2.13822132219263e-08
7667,5,1,206,1202,185327,0,1.2414227754122e-08
7668,5,1,208,1146,166185,0,9.20147925850524e-09
7669,5,1,206,1179,152206,0,3.85440488333092e-09
7670,5,1,203,1147,142395,0,1.11825190284555e-08
7671,5,1,201,1089,160049,0,2.55049104095549e-07
7672,5,1,209,1122,172779,0,2.7369327586367e-08
7673,5,1,205,1132,199535,0,2.192204787776e-09
7674,5,1,194,1090,191678,0,3.72763427336415e-08
7675,5,1,202,1086,187665,0,9.07138659162677e-07
7676,5,1,236,1099,211757,0,2.76789025563956e-08
7677,5,1,205,1119,192200,0,1.06225911445762e-07
7678,5,1,192,1103,170846,0,1.34479998608597e-08
7679,5,1,204,1089,169885,0,1.99176699025209e-08
7680,5,1,206,1082,155919,0,1.33629742655236e-05
7681,5,1,196,1105,159897,0,2.50191707100449e-09
7682,5,1,220,1115,180275,0,1.10892191153308e-08
7683,5,1,197,1137,158478,0,1.24241162548099e-07
7684,5,1,217,1148,216119,0,1.97663012695257e-08
7685,5,1,216,1101,210947,0,1.74077873561984e-08
7686,5,1,197,1126,190754,0,6.51866939666261e-09
7687,5,1,200,1094,203805,0,1.91874836460948e-08
7688,5,1,189,1123,183457,0,7.59373430334513e-09
7689,5,1,182,1152,192350,0,6.59866974644665e-09
7690,5,1,228,1125,175838,0,9.27533241550682e-08
7691,5,1,216,1137,246776,0,3.57823055797242e-08
7692,5,1,224,1124,220585,0,6.05060978607655e-08
7693,5,1,241,1127,227487,0,8.21139442776598e-09
7694,5,1,226,1128,211329,0,2.86301866718152e-09
7695,5,1,228,1193,244814,0,1.96787761090693e-08
7696,5,1,227,1155,226307,0,1.01366991215788e-08
7697,5,1,183,1154,236251,0,7.35356870835034e-09
7698,5,1,224,1154,241939,0,7.8455944006307e-08
7699,5,1,194,1116,276275,0,5.86326630575832e-09
7700,5,1,206,1119,300618,0,4.09666679931705e-08
7701,5,1,225,1182,230947,0,2.62970496195256e-09
7702,5,1,224,1116,171118,0,6.93393941252238e-08
7703,5,1,199,1148,154487,0,2.94671202733678e-09
7704,5,1,220,1104,216508,0,2.10865120905866e-08
7705,5,1,220,1153,193832,0,9.93547004422862e-08
7706,5,1,259,1106,213597,0,6.23413503331178e-08
7707,5,1,192,1181,218744,0,1.16235219066141e-08
7708,5,1,214,1141,152849,0,6.0508993059057e-08
7709,5,1,226,1123,163786,0,9.80290231327604e-08
7710,5,1,250,1148,221312,0,8.45161951206158e-09
7711,5,1,227,1120,196160,0,4.61123249009249e-08
7712,5,1,242,1175,211181,0,1.73445824218358e-08
7713,5,1,231,1202,172336,0,1.72735956993191e-08
7714,5,1,209,1172,200901,0,2.04329294440667e-08
7715,5,1,220,1128,163433,0,1.05237451632866e-07
7716,5,1,235,1119,188244,0,3.14618155042235e-09
7717,5,1,230,1174,177337,0,6.53818082950651e-09
7718,5,1,201,1144,175334,0,1.5662655815422e-08
7719,5,1,236,1100,279416,0,7.27231938946581e-08
7720,5,1,208,1154,242386,0,9.0025046384048e-09
7721,5,1,203,1155,247885,0,4.66482625092096e-07
7722,5,1,225,1138,187713,0,2.34518609455843e-08
7723,5,1,237,1135,324835,0,5.85510647932182e-09
7724,5,1,207,1168,339451,0,2.85346302500443e-09
7725,5,1,225,1172,163904,0,8.34649586903446e-08
7726,5,1,221,1128,181325,0,2.41287138684494e-08
7727,5,1,214,1160,158924,0,2.26522583399351e-08
7728,5,1,230,1119,217613,0,1.90819810182284e-08
7729,5,1,196,1169,163394,0,4.14178789507746e-09
7730,5,1,238,1174,160817,0,7.72698041611411e-09
7731,5,1,185,1122,199146,0,4.47825851258557e-08
7732,5,1,198,1145,190816,0,3.84003638860002e-08
7733,5,1,218,1151,152993,0,3.45727554965063e-09
7734,5,1,201,1122,161788,0,9.94126759935258e-09
7735,5,1,224,1089,163952,0,7.03516994791593e-08
7736,5,1,208,1108,151876,0,2.25954778515854e-08
7737,5,1,197,1148,157401,0,5.13587481814543e-09
7738,5,1,192,1100,142093,0,3.81174860204303e-09
7739,5,1,207,1113,211015,0,7.36434951519608e-08
7740,5,1,199,1141,187812,0,8.76359335013149e-09
7741,5,1,241,1083,151711,0,5.0580305352037e-08
7742,5,1,225,1122,147601,0,7.712625975236e-09
7743,5,1,194,1141,218491,0,7.39868646585472e-09
7744,5,1,187,1191,220545,0,3.24531159285973e-09
7745,5,1,194,1148,209602,0,1.4908058384221e-09
7746,5,1,222,1131,267584,0,5.07641955775857e-08
7747,5,1,230,1131,276711,0,2.05436519364798e-08
7748,5,1,233,1105,260783,0,1.5814123467742e-08
7749,5,1,225,1150,246892,0,9.3607327177027e-09
7750,5,1,189,1142,199239,0,9.32572656282102e-09
7751,5,1,195,1164,197410,0,1.84924287086416e-08
7752,5,1,196,1096,209266,0,8.47645796043696e-08
7753,5,1,195,1106,194003,0,2.4690748506641e-08
7754,5,1,227,1080,205466,0,2.55470015402599e-09
7755,5,1,239,1122,178609,0,9.82762259593549e-09
7756,5,1,210,1125,229057,0,5.38149093456078e-08
7757,5,1,215,1127,232014,0,1.2086884403042e-08
7758,5,1,205,1105,292024,0,5.31379945028915e-08
7759,5,1,199,1152,313394,0,2.32841337045615e-08
7760,5,1,188,1085,373041,0,1.08033067656291e-08
7761,5,1,218,1108,239472,0,3.67074953976188e-08
7762,5,1,189,1040,275205,0,8.16279316578414e-08
7763,5,1,217,1120,215234,0,6.40841726556713e-08
7764,5,1,200,1079,188247,0,3.98135434468891e-08
7765,5,1,184,1121,255996,0,1.78429303249875e-08
7766,5,1,204,1116,210483,0,1.75529046973226e-07
7767,5,1,207,1078,179465,0,6.38711669127459e-09
7768,5,1,234,1127,173883,0,5.89601525462235e-09
7769,5,1,182,1101,180543,0,4.96184479684774e-08
7770,5,1,194,1090,195274,0,4.85624052412902e-08
7771,5,1,196,1079,198468,0,1.09481470510042e-08
7772,5,1,209,1086,206394,0,1.53977778481436e-08
7773,5,1,186,1156,167205,0,4.71273456711941e-08
7774,5,1,184,1079,164943,0,8.89036707422179e-08
7775,5,1,228,1095,203930,0,1.46808254598455e-07
7776,5,1,201,1129,120548,0,1.91714427562446e-09
7777,5,1,197,1136,153614,0,4.01417272162155e-09
7778,5,1,193,1083,181857,0,1.65870401681164e-07
7779,5,1,188,1136,165737,0,2.09185363188006e-08
7780,5,1,223,1163,192889,0,5.58123376991962e-09
7781,5,1,227,1109,184935,0,8.32410289408879e-09
7782,5,1,232,1148,171299,0,2.82887171899532e-08
7783,5,1,216,1090,226348,0,2.66852375767954e-08
7784,5,1,206,1109,317241,0,8.64506448670812e-08
7785,5,1,207,1126,240088,0,1.39987943738252e-08
7786,5,1,190,1112,177893,0,5.86084502089029e-09
7787,5,1,157,1154,153542,0,1.19766774254177e-06
7788,5,1,166,1079,200761,0,6.89964117228427e-09
7789,5,1,191,1097,224518,0,3.00621986183474e-07
7790,5,1,193,1079,347998,0,3.74188078658244e-08
7791,5,1,220,1065,352090,0,1.76015728660279e-07
7792,5,1,216,1089,281258,0,2.71389600361569e-07
7793,5,1,173,1009,285972,0,2.75935373010437e-07
7794,5,1,183,1100,292078,0,3.53059928730506e-07
7795,5,1,181,1115,233879,0,7.74085483406209e-08
7796,5,1,214,1102,357924,0,2.7256438894374e-09
7797,5,1,197,1102,260453,0,1.74776743064211e-08
7798,5,1,218,1078,216852,0,7.54992445439585e-09
7799,5,1,229,1101,197604,0,6.18749358499188e-09
7800,5,1,209,1064,140551,0,8.91983709866269e-09
7801,5,1,212,1120,138134,0,1.18884666612095e-08
7802,5,1,194,1119,159162,0,1.07970040501815e-07
7803,5,1,168,1115,248230,0,1.33278691596851e-08
7804,5,1,202,1086,258533,0,3.5137888075464e-09
7805,5,1,213,1149,191760,0,1.18549518475936e-08
7806,5,1,181,1092,208071,0,2.75411545399076e-09
7807,5,1,227,1151,187721,0,7.74387699260822e-09
7808,5,1,204,1130,316568,0,1.43064484829825e-07
7809,5,1,200,1128,176439,0,1.80536849452336e-08
7810,5,1,186,1122,176862,0,2.77829449797126e-08
7811,5,1,205,1097,198261,0,7.01714215782525e-08
7812,5,1,187,1105,137328,0,2.05332265571386e-07
7813,5,1,208,1117,159937,0,4.34024538448023e-09
7814,5,1,197,1137,142281,0,7.4449383865154e-09
7815,5,1,211,1129,157959,0,2.38244701603044e-08
7816,5,1,200,1098,155719,0,1.3756880266993e-08
7817,5,1,193,1092,167427,0,3.91319489736734e-09
7818,5,1,208,1105,285646,0,7.15350001573929e-08
7819,5,1,233,1133,225115,0,4.07149141506683e-09
7820,5,1,197,1134,229479,0,1.39765233450093e-09
7821,5,1,230,1102,136137,0,1.20675744597854e-08
7822,5,1,220,1131,150718,0,5.16269632159535e-06
7823,5,1,239,1130,129450,0,2.63916723821914e-08
7824,5,1,199,1131,126955,0,3.54885933632119e-07
7825,5,1,195,1075,167640,0,8.26926670287025e-09
7826,5,1,204,1113,146126,0,1.68511430712108e-07
7827,5,1,217,1095,209947,0,5.96673897140276e-08
7828,5,1,208,1143,205332,0,1.48186606144901e-08
7829,5,1,229,1127,157483,0,1.24280554837754e-08
7830,5,1,216,1133,157010,0,2.1814676655439e-08
7831,5,1,219,1109,163478,0,6.22274852337659e-09
7832,5,1,229,1152,139009,0,3.797751409262e-08
7833,5,1,212,1098,184804,0,6.82347909059684e-08
7834,5,1,230,1073,258523,0,4.87326980416645e-09
7835,5,1,214,1096,210470,0,5.64071626040978e-08
7836,5,1,208,1118,301970,0,6.3905374429065e-08
7837,5,1,217,1104,303070,0,2.5711072596372e-07
7838,5,1,234,1080,279629,0,2.59316565625773e-09
7839,5,1,209,1105,246989,0,5.85270534517455e-09
7840,5,1,194,1095,223880,0,3.23438648624785e-08
7841,5,1,224,1122,212504,0,8.73778587922234e-09
7842,5,1,227,1092,221844,0,4.27599842277354e-09
7843,5,1,234,1121,180836,0,1.65493620572433e-08
7844,5,1,224,1129,170679,0,1.16371719225299e-07
7845,5,1,234,1136,255337,0,8.1080578643409e-09
7846,5,1,214,1093,273684,0,6.15070559238027e-08
7847,5,1,212,1129,217885,0,1.82272821812703e-08
7848,5,1,211,1100,233206,0,1.17862951592251e-08
7849,5,1,198,1147,219074,0,4.29240303086075e-09
7850,5,1,200,1119,202762,0,2.42836688066972e-08
7851,5,1,223,1070,262935,0,2.73603021555678e-08
7852,5,1,250,1139,308766,0,1.69142032470541e-08
7853,5,1,217,1121,333443,0,1.16844643601256e-08
7854,5,1,202,1149,349793,0,7.38427785007182e-09
7855,5,1,208,1105,390389,0,8.37563197097605e-08
7856,5,1,230,1128,316419,0,7.20564972572673e-09
7857,5,1,210,1077,295537,0,6.09336693456884e-09
7858,5,1,188,1059,250351,0,2.4620758224347e-09
7859,5,1,170,1093,286034,0,1.38882097337692e-08
7860,5,1,205,1033,239757,0,7.02708596424727e-09
7861,5,1,223,1066,258358,0,6.76863236373071e-09
7862,5,1,201,1052,241561,0,2.52265074290625e-08
7863,5,1,212,1058,218589,0,1.08159248628945e-08
7864,5,1,183,1081,212233,0,1.28591884537153e-08
7865,5,1,225,1061,213392,0,6.30608822797751e-08
7866,5,1,197,1074,172799,0,1.33716229888423e-07
7867,5,1,223,1083,188468,0,2.76367597787808e-08
7868,5,1,216,1086,188292,0,5.81402822704872e-09
7869,5,1,212,1066,164431,0,6.0418876073788e-09
7870,5,1,180,1095,173266,0,1.08980181997603e-08
7871,5,1,190,1121,164953,0,2.93112461818799e-08
7872,5,1,187,1102,180509,0,1.19628748761511e-08
7873,5,1,225,1120,178194,0,8.91597645713914e-09
7874,5,1,174,1172,233906,0,8.878981386905e-08
7875,5,1,213,1120,309177,0,6.4548186582518e-09
7876,5,1,179,1094,285944,0,3.21517919619518e-07
7877,5,1,207,1083,257891,0,5.78069978128561e-08
7878,5,1,220,1106,259049,0,8.68244515464729e-08
7879,5,1,186,1075,245394,0,5.20334365009758e-08
7880,5,1,205,1113,197871,0,3.02709753988832e-08
7881,5,1,199,1126,185966,0,7.95026126520316e-08
7882,5,1,200,1137,167270,0,2.22375866680456e-08
7883,5,1,205,1091,219636,0,1.28735469765823e-09
7884,5,1,220,1082,250702,0,5.6484695514014e-09
7885,5,1,186,1074,272605,0,1.36393622273878e-08
7886,5,1,214,1074,222750,0,2.34099007585469e-09
7887,5,1,201,1112,204312,0,9.08083499582365e-09
7888,5,1,217,1110,213402,0,1.47536236718718e-08
7889,5,1,212,1067,273400,0,3.30078114706997e-08
7890,5,1,228,1089,254454,0,3.14058084518603e-08
7891,5,1,192,1098,190691,0,5.06002028115596e-07
7892,5,1,187,1040,163573,0,2.57419206737318e-07
7893,5,1,190,1106,169368,0,2.42494813385885e-08
7894,5,1,188,1059,206193,0,1.62826800761262e-07
7895,5,1,216,1098,192056,0,1.87678969994195e-08
7896,5,1,216,1106,192363,0,4.32482213305451e-08
7897,5,1,231,1051,167993,0,1.51499171130082e-08
7898,5,1,218,1089,194891,0,1.87976801151014e-07
7899,5,1,221,1078,233199,0,4.79882956021186e-09
7900,5,1,245,1100,261751,0,2.90220832539538e-08
7901,5,1,229,1115,246771,0,4.08045828573521e-09
7902,5,1,254,1101,278978,0,2.33984042777389e-08
7903,5,1,163,1107,210870,0,5.91637745214526e-08
7904,5,1,204,1082,229381,0,2.68144430517652e-09
7905,5,1,229,1084,404085,0,1.52099333991176e-08
7906,5,1,189,1026,447585,0,1.62808776002045e-08
7907,5,1,229,1109,307404,0,1.40079518231356e-08
7908,5,1,200,1099,271539,0,1.78107683475888e-08
7909,5,1,209,1090,283141,0,5.88460431277542e-09
7910,5,1,201,1102,251567,0,1.60657078914888e-08
7911,5,1,204,1114,247428,0,5.55583327118904e-09
7912,5,1,217,1063,224081,0,5.76008312427578e-09
7913,5,1,204,1102,314690,0,6.34305770562913e-09
7914,5,1,194,1065,276933,0,1.25224171674351e-08
7915,5,1,228,1134,258745,0,1.82508048039431e-08
7916,5,1,170,1037,303852,0,3.26938793919679e-09
7917,5,1,184,1048,259188,0,4.85767391146161e-09
7918,5,1,149,1071,292044,0,2.43710288588234e-08
7919,5,1,185,1094,330271,0,2.38330057435031e-09
7920,5,1,219,1106,445219,0,4.89788912851553e-09
7921,5,1,230,1074,471314,0,1.60693606410163e-08
7922,5,1,231,1089,381426,0,7.85429897825205e-08
7923,5,1,214,1079,360257,0,3.28024385965379e-08
7924,5,1,229,1093,452986,0,3.87743678599303e-08
7925,5,1,226,1067,483712,0,8.10798727855397e-07
7926,5,1,217,1096,551723,0,5.66898188756094e-09
7927,5,1,218,1100,538126,0,3.04950097146101e-08
7928,5,1,228,1046,479363,0,8.06868014009811e-09
7929,5,1,222,1101,405894,0,9.67200523280571e-09
7930,5,1,197,1094,414243,0,1.1701016029265e-08
7931,5,1,218,1073,549267,0,4.07004351700968e-08
7932,5,1,196,1087,608753,0,9.48737112047777e-09
7933,5,1,203,1098,416395,0,5.56673684498962e-09
7934,5,1,216,1111,565223,0,5.52440793169503e-07
7935,5,1,211,1089,407008,0,9.92346857357966e-09
7936,5,1,185,1128,400683,0,9.87365476170486e-08
7937,5,1,198,1071,347289,0,2.88706246488224e-08
7938,5,1,198,1072,460896,0,1.52681670006983e-08
7939,5,1,229,1077,415401,0,5.49833902349427e-08
7940,5,1,188,1062,432140,0,7.22272031020659e-09
7941,5,1,181,1098,521337,0,1.1086246661247e-08
7942,5,1,175,1049,499469,0,1.00920286275054e-07
7943,5,1,207,1098,381210,0,5.90444931142212e-08
7944,5,1,210,1134,347511,0,1.42669259857217e-08
7945,5,1,255,1057,392275,0,3.24877372960053e-08
7946,5,1,216,1093,358504,0,1.57037258349459e-08
7947,5,1,195,1105,354646,0,3.67195197861545e-09
7948,5,1,191,1083,345959,0,2.32989056471092e-08
7949,5,1,227,1029,415155,0,5.8921436967384e-08
7950,5,1,190,1082,374757,0,5.57637577417524e-09
7951,5,1,195,1059,338280,0,3.81030441496781e-08
7952,5,1,203,1075,361103,0,1.13112113278585e-08
7953,5,1,211,1062,370802,0,2.71642296239904e-08
7954,5,1,220,1069,321805,0,9.42635033127619e-07
7955,5,1,203,1130,377937,0,4.49865752778274e-07
7956,5,1,231,1114,355700,0,1.20302485131405e-08
7957,5,1,180,1098,405276,0,4.1857744757416e-09
7958,5,1,185,1104,336539,0,6.37738402677774e-07
7959,5,1,189,1101,262769,0,1.52577982305364e-06
7960,5,1,201,1108,257183,0,1.53684794251507e-08
7961,5,1,186,1113,295879,0,3.76905890847822e-08
7962,5,1,186,1059,296744,0,1.86469998058601e-06
7963,5,1,188,1091,338068,0,9.23440001876754e-09
7964,5,1,201,1092,236047,0,6.89993148432084e-08
7965,5,1,185,1061,234901,0,3.69009073202005e-09
7966,5,1,205,1094,198733,0,1.55647230688964e-08
7967,5,1,184,1084,214353,0,2.42758399753934e-08
7968,5,1,181,1073,312688,0,8.66880902239956e-09
7969,5,1,175,1141,243291,0,8.39541561763352e-08
7970,5,1,189,1100,227971,0,4.96771026803809e-09
7971,5,1,193,1061,277768,0,4.3688455140978e-08
7972,5,1,185,1109,283812,0,1.11879158181612e-07
7973,5,1,212,1132,256679,0,8.50442776689608e-09
7974,5,1,235,1107,244658,0,3.59026433490739e-07
7975,5,1,249,1087,241789,0,1.63250191473773e-06
7976,5,1,227,1178,193013,0,1.47202921844066e-08
7977,5,1,203,1121,269123,0,3.24516792667926e-08
7978,5,1,214,1145,275311,0,9.81931720260393e-09
7979,5,1,203,1112,296834,0,1.53931897829356e-09
7980,5,1,229,1114,264975,0,1.48439923661379e-08
7981,5,1,251,1113,247336,0,3.11937549915226e-06
7982,5,1,216,1106,238601,0,2.2225254685822e-08
7983,5,1,223,1107,240550,0,1.28252856357212e-08
7984,5,1,191,1136,222212,0,6.30463258552765e-09
7985,5,1,240,1091,309501,0,5.36890334449348e-09
7986,5,1,220,1080,336103,0,8.81734186461448e-09
7987,5,1,234,1143,318575,0,4.27709446027418e-08
7988,5,1,202,1116,373454,0,1.11753359964572e-08
7989,5,1,203,1106,363565,0,5.73915011718055e-09
7990,5,1,177,1114,374620,0,2.72617004736703e-09
7991,5,1,220,1152,387287,0,7.89689205740592e-08
7992,5,1,237,1082,298559,0,8.72007597914025e-08
7993,5,1,261,1089,279190,0,4.0231546288749e-08
7994,5,1,220,1108,276637,0,4.27193652114284e-08
7995,5,1,236,1195,344573,0,8.11530139560551e-09
7996,5,1,246,1083,448784,0,1.17711985162794e-08
7997,5,1,202,1085,288802,0,4.93627569395911e-08
7998,5,1,230,1144,338940,0,2.14140062795166e-09
7999,5,1,231,1138,320337,0,2.84081664331472e-06
8000,5,1,256,1102,391010,0,1.09049677439356e-06
8001,5,1,225,1086,277966,0,1.1415945859944e-08
8002,5,1,256,1095,341856,0,1.54079416769243e-07
8003,5,1,255,1096,287826,0,1.06539534862242e-08
8004,5,1,218,1149,341238,0,1.11437869895351e-08
8005,5,1,236,1152,236819,0,1.10535389743829e-07
8006,5,1,201,1101,237656,0,3.34985315276641e-08
8007,5,1,210,1046,251583,0,1.16874342863737e-07
8008,5,1,239,1112,295627,0,1.41039384665455e-08
8009,5,1,239,1122,235253,0,1.61030643915783e-07
8010,5,1,238,1076,233125,0,2.51801599549553e-08
8011,5,1,208,1133,221324,0,2.98451952592499e-09
8012,5,1,219,1173,231786,0,1.01285148623634e-07
8013,5,1,226,1102,246310,0,9.66948864639538e-08
8014,5,1,237,1096,279194,0,1.30209744551291e-07
8015,5,1,256,1143,337788,0,9.74378588337984e-07
8016,5,1,227,1185,303832,0,3.79177654666616e-08
8017,5,1,267,1130,235815,0,1.75731225688282e-08
8018,5,1,240,1082,197670,0,1.08273188609366e-07
8019,5,1,209,1105,210356,0,1.97150424477399e-08
8020,5,1,215,1092,268143,0,2.83863998782158e-08
8021,5,1,226,1068,202261,0,6.08286765827471e-08
8022,5,1,214,1106,240574,0,1.95704991695311e-08
8023,5,1,250,1134,230865,0,1.96936645780922e-08
8024,5,1,218,1085,269842,0,1.17320707278888e-08
8025,5,1,201,1104,287015,0,1.01485250609297e-08
8026,5,1,212,1085,265861,0,1.68618599498078e-08
8027,5,1,207,1095,249467,0,3.31905558132565e-07
8028,5,1,223,1123,267092,0,1.66151143628234e-08
8029,5,1,234,1125,249554,0,7.11645625630413e-08
8030,5,1,213,1140,192797,0,1.77082546429872e-08
8031,5,1,235,1084,192443,0,1.68353814517993e-08
8032,5,1,241,1117,165946,0,1.56102765868395e-07
8033,5,1,214,1110,205403,0,1.33327623670903e-08
8034,5,1,216,1062,229031,0,9.78983984270606e-09
8035,5,1,172,1140,253166,0,2.05674220390784e-07
8036,5,1,227,1123,312827,0,4.30796909510993e-08
8037,5,1,235,1108,305088,0,1.1312650155534e-06
8038,5,1,251,1140,322159,0,2.40349182706184e-08
8039,5,1,241,1098,280449,0,3.83377886670116e-08
8040,5,1,226,1091,329394,0,2.39552181651762e-08
8041,5,1,223,1109,307795,0,3.24706854105384e-08
8042,5,1,232,1095,294635,0,2.76520703696688e-09
8043,5,1,201,1069,296206,0,5.13803677779204e-08
8044,5,1,188,1092,227741,0,9.9202062999593e-07
8045,5,1,233,1169,268416,0,5.05815898860381e-08
8046,5,1,180,1136,295749,0,1.65550673950249e-07
8047,5,1,171,1058,358895,0,1.17829705040168e-08
8048,5,1,199,1085,261064,0,1.84377149655069e-08
8049,5,1,192,1120,244575,0,4.63609954717833e-08
8050,5,1,222,1109,270913,0,2.51934788404777e-08
8051,5,1,202,1071,259797,0,2.14504875352335e-08
8052,5,1,190,1069,226273,0,1.65711056866415e-08
8053,5,1,202,1135,169870,0,5.62067565360178e-08
8054,5,1,209,1101,244567,0,2.3206137199988e-09
8055,5,1,210,1086,230262,0,7.32627570311357e-08
8056,5,1,189,1078,236052,0,5.16590034104258e-09
8057,5,1,207,1042,255684,0,2.09335061213221e-08
8058,5,1,200,1093,302868,0,2.04515849675936e-09
8059,5,1,191,1055,259239,0,6.18849552016938e-08
8060,5,1,212,1052,200072,0,4.01756957159924e-09
8061,5,1,178,1036,205858,0,8.96580482444304e-09
8062,5,1,221,1050,187288,0,4.92120956564589e-07
8063,5,1,195,1113,231559,0,6.50971536175651e-08
8064,5,1,197,1064,193232,0,4.50909024798619e-09
8065,5,1,174,1058,157598,0,1.43668477882673e-08
8066,5,1,220,1054,169914,0,3.3182125621397e-05
8067,5,1,220,1097,189322,0,8.65982274943776e-09
8068,5,1,196,1072,188606,0,1.71821805836911e-08
8069,5,1,219,1097,175573,0,1.16787850007666e-07
8070,5,1,204,1094,184426,0,2.20086708379875e-08
8071,5,1,195,1113,170488,0,3.24759899314243e-08
8072,5,1,210,1136,140649,0,4.42351347755486e-08
8073,5,1,195,1102,136707,0,2.12442197093223e-07
8074,5,1,163,1142,140100,0,1.06823286721916e-08
8075,5,1,192,1103,145754,0,1.85875463875205e-08
8076,5,1,231,1125,189027,0,1.17453388658203e-07
8077,5,1,205,1070,149662,0,3.44119024606178e-09
8078,5,1,206,1110,152821,0,2.32699187371723e-08
8079,5,1,217,1130,162769,0,3.49334941337902e-07
8080,5,1,202,1116,152281,0,5.37657568477926e-09
8081,5,1,203,1067,156463,0,2.18081708917714e-08
8082,5,1,195,1109,167748,0,3.07528671787232e-08
8083,5,1,173,1129,130808,0,3.16117678799557e-09
8084,5,1,222,1119,139426,0,1.30815361565313e-08
8085,5,1,214,1091,150325,0,8.06337036506174e-08
8086,5,1,202,1112,133653,0,2.08311403302219e-09
8087,5,1,203,1052,130751,0,8.29640853625575e-09
8088,5,1,199,1111,136287,0,5.2025584750199e-09
8089,5,1,200,1129,148227,0,4.86757698007792e-08
8090,5,1,206,1121,131261,0,6.01127952238037e-09
8091,5,1,197,1144,157525,0,3.29313878556307e-09
8092,5,1,193,1087,151563,0,6.7318273475171e-08
8093,5,1,196,1090,146827,0,3.63340613328929e-09
8094,5,1,227,1050,172502,0,7.81229122840004e-09
8095,5,1,201,1111,160286,0,1.80931167433132e-08
8096,5,1,198,1073,136767,0,1.16565009835883e-08
8097,5,1,188,1027,143934,0,1.77102155809811e-08
8098,5,1,221,1113,199699,0,8.6716348633483e-08
8099,5,1,208,1060,231299,0,3.47682572386536e-09
8100,5,1,225,1126,192721,0,1.85954200527996e-08
8101,5,1,204,1090,214518,0,1.4470749395746e-08
8102,5,1,212,1102,194035,0,2.2720454027021e-08
8103,5,1,219,1110,164445,0,1.17564734699116e-08
8104,5,1,210,1119,175484,0,7.02407800152653e-08
8105,5,1,229,1136,219571,0,2.04633790643428e-07
8106,5,1,191,1118,185145,0,1.66083262562301e-08
8107,5,1,240,1077,212501,0,7.6380089699194e-09
8108,5,1,232,1105,237858,0,4.88851544414015e-09
8109,5,1,223,1109,173757,0,4.42934140519301e-08
8110,5,1,211,1143,180468,0,1.95773285198981e-08
8111,5,1,208,1068,177041,0,4.02625439221073e-09
8112,5,1,225,1148,149611,0,1.35185234045107e-07
8113,5,1,212,1116,162917,0,2.55143431284719e-08
8114,5,1,223,1157,187118,0,1.01482541298466e-08
8115,5,1,206,1109,161945,0,6.81866757894893e-09
8116,5,1,214,1093,153821,0,3.73509934379068e-09
8117,5,1,191,1084,182527,0,4.88598967200899e-08
8118,5,1,195,1089,232559,0,8.49724536376893e-08
8119,5,1,220,1164,250100,0,1.10264436814262e-08
8120,5,1,228,1131,248481,0,6.24292075128896e-08
8121,5,1,228,1117,267802,0,1.96424332800637e-08
8122,5,1,244,1144,247422,0,4.75814387534916e-09
8123,5,1,183,1137,301288,0,3.898668338885e-09
8124,5,1,195,1111,373377,0,6.75354893474576e-08
8125,5,1,213,1064,270705,0,1.28503453388133e-07
8126,5,1,225,1132,228877,0,1.33270843336509e-08
8127,5,1,201,1121,237252,0,8.21029604729156e-09
8128,5,1,209,1094,254173,0,8.64744755210608e-08
8129,5,1,192,1126,276324,0,1.2133883393131e-07
8130,5,1,203,1121,279311,0,2.62790540454013e-08
8131,5,1,205,1092,225917,0,4.33163057360546e-09
8132,5,1,223,1132,178474,0,9.77032534456933e-08
8133,5,1,215,1153,245534,0,7.82770161330097e-09
8134,5,1,211,1080,221905,0,5.49855840914167e-09
8135,5,1,207,1145,201835,0,1.01797712989922e-08
8136,5,1,208,1131,175867,0,7.76762029435934e-09
8137,5,1,191,1126,164429,0,2.47344109085612e-07
8138,5,1,194,1128,198372,0,7.46392261569102e-07
8139,5,1,216,1095,203716,0,2.13275484201043e-08
8140,5,1,174,1153,192490,0,5.15159052429026e-08
8141,5,1,187,1152,188155,0,2.11071612896764e-08
8142,5,1,190,1114,213126,0,4.51904494394872e-08
8143,5,1,182,1094,253832,0,2.50602716332473e-08
8144,5,1,213,1095,240361,0,4.95331730928967e-08
8145,5,1,240,1115,225788,0,8.42591021554053e-09
8146,5,1,225,1111,221364,0,5.86974076570984e-09
8147,5,1,192,1072,300341,0,2.0159923483121e-08
8148,5,1,229,1110,236773,0,6.10749839725745e-09
8149,5,1,199,1036,271330,0,1.20439205593551e-08
8150,5,1,195,1087,193229,0,3.26417791089628e-08
8151,5,1,183,1048,242565,0,7.25475414876167e-09
8152,5,1,160,1067,184565,0,1.22396728393763e-07
8153,5,1,173,1098,208701,0,1.25049790547486e-08
8154,5,1,206,1084,172326,0,1.26996710168898e-09
8155,5,1,194,1128,216699,0,4.66258114650557e-09
8156,5,1,196,1091,149308,0,1.6449476041383e-08
8157,5,1,184,1147,157872,0,1.04673292457186e-08
8158,5,1,193,1131,176731,0,9.01775062780117e-09
8159,5,1,177,1088,262687,0,7.04732616108728e-09
8160,5,1,185,1068,242123,0,4.8726601007523e-09
8161,5,1,181,1108,242415,0,2.9774793793283e-08
8162,5,1,193,1062,282949,0,2.47454565156423e-08
8163,5,1,153,1085,226538,0,9.63912616779192e-08
8164,5,1,187,1026,240894,0,1.64183496818042e-08
8165,5,1,165,1059,207876,0,2.63608247593317e-08
8166,5,1,196,1113,209385,0,2.51889884642448e-07
8167,5,1,177,1080,193827,0,3.73555770128588e-09
8168,5,1,167,1057,180000,0,7.73044455383945e-09
8169,5,1,191,1111,208832,0,4.55969738115182e-08
8170,5,1,210,1080,250838,0,2.97110602320915e-09
8171,5,1,194,1079,244913,0,1.47137261465985e-07
8172,5,1,200,1100,311136,0,1.25716394159664e-08
8173,5,1,217,1080,373171,0,4.07159480003428e-09
8174,5,1,233,1078,337201,0,6.77421259073046e-09
8175,5,1,237,1152,310385,0,1.56846011208619e-07
8176,5,1,227,1120,226795,0,3.40655534261361e-08
8177,5,1,219,1121,210014,0,2.15480892987146e-09
8178,5,1,204,1087,212991,0,3.04659062569973e-08
8179,5,1,220,1135,194348,0,1.80323245279714e-08
8180,5,1,216,1092,151436,0,1.13732066371358e-08
8181,5,1,200,1081,141393,0,2.07575349313988e-08
8182,5,1,199,1068,172686,0,4.75757093370172e-09
8183,5,1,235,1092,349003,0,9.97722702054372e-09
8184,5,1,201,1033,226991,0,1.92987431133223e-08
8185,5,1,223,1100,263749,0,4.05853413487275e-08
8186,5,1,198,1091,263273,0,2.04408840388108e-08
8187,5,1,219,1080,163406,0,1.05199254302733e-07
8188,5,1,221,1089,154893,0,1.91985599565332e-08
8189,5,1,229,1060,173588,0,4.38510535998076e-09
8190,5,1,225,1116,224732,0,8.22389541279564e-08
8191,5,1,202,1124,205601,0,1.18504536792464e-08
8192,5,1,233,1066,203275,0,1.9111351682369e-07
8193,5,1,233,1106,208155,0,7.0764765742512e-09
8194,5,1,252,1132,171221,0,4.41961336949045e-09
8195,5,1,215,1060,175961,0,4.03633538800568e-08
8196,5,1,214,1097,170612,0,2.96276223345781e-08
8197,5,1,241,1108,163013,0,3.99337631023277e-07
8198,5,1,255,1096,177220,0,6.78054669393901e-09
8199,5,1,198,1075,285357,0,1.13388245210401e-07
8200,5,1,236,1107,349069,0,6.02042805795359e-09
8201,5,1,198,1096,318055,0,7.93123039416737e-08
8202,5,1,235,1115,385814,0,7.97934536240512e-09
8203,5,1,201,1115,333480,0,3.69144491997672e-08
8204,5,1,216,1111,288979,0,4.88437568696023e-08
8205,5,1,228,1066,305233,0,4.66842307260542e-08
8206,5,1,232,1082,298820,0,4.43063800959179e-08
8207,5,1,184,1137,234777,0,4.46429727510242e-09
8208,5,1,236,1118,230820,0,1.5603707161968e-08
8209,5,1,234,1115,237523,0,4.83669113566491e-07
8210,5,1,220,1106,277169,0,4.25939043633012e-08
8211,5,1,203,1116,306409,0,1.24832341780745e-08
8212,5,1,187,1109,261245,0,7.21830953405250e-09
8213,5,1,211,1111,258093,0,1.22951716817271e-07
8214,5,1,208,1132,239758,0,6.67826272707168e-09
8215,5,1,245,1073,180978,0,6.65235031366843e-09
8216,5,1,203,1124,223109,0,1.37146809400041e-08
8217,5,1,183,1096,228591,0,1.02303464520759e-08
8218,5,1,224,1105,230718,0,1.96555957523483e-07
8219,5,1,194,1138,230844,0,1.05511563479862e-08
8220,5,1,226,1087,293586,0,4.31325436984308e-08
8221,5,1,204,1113,245914,0,6.93263251563521e-07
8222,5,1,236,1127,310351,0,1.26569442226677e-08
8223,5,1,187,1052,329002,0,8.18445761913598e-08
8224,5,1,230,1064,299294,0,7.75520990783114e-07
8225,5,1,219,1118,251616,0,6.83113893690296e-09
8226,5,1,208,1120,357613,0,6.13406583885894e-08
8227,5,1,212,1107,273340,0,1.39570798497791e-08
8228,5,1,208,1058,198602,0,3.24586633037562e-08
8229,5,1,229,1130,160136,0,1.38873878768221e-08
8230,5,1,209,1079,154620,0,1.78482157404498e-09
8231,5,1,216,1082,146549,0,1.99350139495746e-07
8232,5,1,199,1088,182702,0,6.23529242691132e-09
8233,5,1,209,1081,170395,0,1.70896832559717e-08
8234,5,1,188,1048,160937,0,1.57431036925539e-08
8235,5,1,189,1089,218742,0,3.07573912701691e-08
8236,5,1,207,1077,194749,0,1.19526341829528e-08
8237,5,1,190,1068,133910,0,7.75828488607813e-09
8238,5,1,206,1073,160981,0,6.5282870550542e-09
8239,5,1,193,1040,168000,0,2.85493400886732e-08
8240,5,1,164,1079,235144,0,1.2601524546581e-08
8241,5,1,201,1135,195315,0,2.25992695515705e-08
8242,5,1,169,1043,146201,0,9.43266866526765e-10
8243,5,1,199,1103,202302,0,6.44061007326642e-09
8244,5,1,193,1081,205657,0,8.81856271647837e-09
8245,5,1,201,1067,211189,0,5.9371759704439e-08
8246,5,1,168,1104,180800,0,6.91433979492086e-08
8247,5,1,205,1120,143538,0,1.75198881484246e-07
8248,5,1,221,1072,171042,0,1.10816991066985e-08
8249,5,1,256,1137,186324,0,1.56264828134238e-06
8250,5,1,226,1087,286142,0,2.55800251578705e-09
8251,5,1,210,1069,286779,0,8.57025869601948e-08
8252,5,1,245,1076,190050,0,6.88603058844257e-09
8253,5,1,204,1132,169428,0,1.11361599473477e-07
8254,5,1,189,1097,183947,0,1.51315865763912e-08
8255,5,1,220,1102,189232,0,5.39288659761638e-09
8256,5,1,186,1087,178168,0,1.6920829152373e-08
8257,5,1,194,1092,192523,0,3.42411143617117e-09
8258,5,1,238,1072,199642,0,5.3035105951308e-09
8259,5,1,183,1060,186187,0,5.93152355825885e-08
8260,5,1,216,1099,224296,0,9.06360635425849e-09
8261,5,1,200,1120,253153,0,3.42817750445989e-08
8262,5,1,213,1122,195265,0,3.11899510570751e-08
8263,5,1,182,1111,183367,0,3.79751590766132e-09
8264,5,1,209,1110,197988,0,2.62468947557668e-08
8265,5,1,194,1074,182928,0,1.44024962680685e-07
8266,5,1,178,1103,179931,0,1.3028327619883e-08
8267,5,1,206,1134,179938,0,2.97392717633769e-09
8268,5,1,174,1042,182469,0,4.20287253557107e-08
8269,5,1,190,1072,184793,0,2.67705443328075e-08
8270,5,1,214,1081,195763,0,1.26019913049788e-08
8271,5,1,203,1107,208184,0,4.3822556983172e-09
8272,5,1,211,1098,223626,0,6.20482613646629e-09
8273,5,1,215,1108,175006,0,3.32791656585307e-08
8274,5,1,237,1137,148019,0,4.95630923199079e-08
8275,5,1,237,1082,160846,0,4.76520394497481e-08
8276,5,1,207,1051,254115,0,8.60253320350372e-08
8277,5,1,189,1112,188219,0,1.22297440389559e-08
8278,5,1,215,1090,270969,0,6.8317571836637e-09
8279,5,1,248,1085,207347,0,1.11291067461557e-08
8280,5,1,179,1056,218448,0,3.44790158862837e-08
8281,5,1,150,1076,194971,0,1.22234456526451e-08
8282,5,1,180,1052,204457,0,8.47109835146323e-08
8283,5,1,194,1051,276701,0,6.53203532917009e-09
8284,5,1,185,1094,211234,0,6.13131260915727e-08
8285,5,1,215,1068,182238,0,1.3840097098982e-07
8286,5,1,222,1106,143942,0,2.47254515099577e-08
8287,5,1,186,1113,144349,0,3.52343056523276e-09
8288,5,1,203,1080,170479,0,1.30207163910504e-09
8289,5,1,205,1077,205446,0,2.73351566334201e-08
8290,5,1,199,1092,267510,0,1.69057608901097e-08
8291,5,1,191,1060,230632,0,5.50614468945758e-08
8292,5,1,194,1072,217391,0,1.6799454481716e-08
8293,5,1,213,1092,267309,0,1.03346776237048e-08
8294,5,1,199,1134,394163,0,1.25715954087661e-07
8295,5,1,211,1173,271508,0,3.69414396783887e-08
8296,5,1,217,1155,283904,0,7.15511304430978e-09
8297,5,1,222,1137,294219,0,7.67283134049976e-09
8298,5,1,200,1146,245222,0,1.27021762265134e-08
8299,5,1,242,1147,225959,0,4.88419395377146e-08
8300,5,1,217,1128,346698,0,2.78618613381485e-09
8301,5,1,220,1123,388048,0,9.31005026340682e-08
8302,5,1,231,1145,260399,0,1.47225705704177e-07
8303,5,1,210,1156,278746,0,1.22465616081618e-08
8304,5,1,241,1131,310123,0,1.98420306953654e-08
8305,5,1,256,1118,267603,0,5.5890631896302e-08
8306,5,1,198,1070,258369,0,1.53761738794261e-08
8307,5,1,232,1110,241199,0,2.28653260130782e-08
8308,5,1,233,1127,188201,0,4.02123830818094e-08
8309,5,1,212,1147,149029,0,9.96230529478458e-08
8310,5,1,221,1120,142910,0,7.9853796902632e-09
8311,5,1,252,1085,151824,0,6.54856058917571e-08
8312,5,1,217,1109,145389,0,1.59096837283207e-07
8313,5,1,218,1123,158322,0,1.73062676742043e-08
8314,5,1,222,1111,199425,0,2.12890470341151e-08
8315,5,1,193,1135,159042,0,6.31925783900475e-09
8316,5,1,251,1105,170689,0,7.1964261454496e-09
8317,5,1,205,1107,159620,0,9.13161972370766e-09
8318,5,1,212,1075,302170,0,3.26751020930652e-08
8319,5,1,220,1101,370173,0,3.36531395459895e-09
8320,5,1,214,1119,219231,0,9.37807288131787e-09
8321,5,1,205,1102,226683,0,6.74426419312387e-09
8322,5,1,249,1126,232317,0,2.04438336042269e-08
8323,5,1,205,1107,269137,0,6.23566436838768e-09
8324,5,1,212,1103,311289,0,9.32556508272002e-09
8325,5,1,206,1074,393240,0,1.6475979401595e-08
8326,5,1,243,1113,428740,0,1.29483226897242e-07
8327,5,1,205,1085,319610,0,1.19764044316655e-08
8328,5,1,197,1113,344794,0,2.96564935063167e-08
8329,5,1,227,1064,295997,0,3.42042938189073e-08
8330,5,1,216,1067,304350,0,1.85374980257259e-08
8331,5,1,193,1108,362844,0,2.34915558303499e-08
8332,5,1,247,1091,397538,0,1.13646031669357e-07
8333,5,1,231,1136,473384,0,1.42429142692375e-08
8334,5,1,220,1028,486547,0,1.81254765412358e-07
8335,5,1,228,1120,394829,0,2.11499827190249e-08
8336,5,1,199,1119,325153,0,1.41807191850161e-08
8337,5,1,218,1103,480634,0,9.98604899339723e-08
8338,5,1,210,1118,474538,0,5.44306746467025e-09
8339,5,1,242,1148,373469,0,6.72188429930712e-08
8340,5,1,200,1108,329677,0,6.07093386316403e-08
8341,5,1,226,1094,378626,0,2.88005362959585e-09
8342,5,1,202,1152,327527,0,2.2380891624472e-08
8343,5,1,238,1106,255180,0,6.40184534943097e-08
8344,5,1,222,1162,381872,0,4.7487414857837e-09
8345,5,1,215,1008,535598,0,1.11979058397255e-08
8346,5,1,233,1113,426250,0,1.16806323641412e-08
8347,5,1,217,1057,314144,0,8.31686790692522e-09
8348,5,1,222,1074,379074,0,8.42596298769693e-09
8349,5,1,214,1077,387989,0,1.41846544023204e-08
8350,5,1,203,1064,371048,0,1.01349911574968e-07
8351,5,1,189,1070,296996,0,9.44161811336696e-08
8352,5,1,184,1038,289009,0,1.01814271839988e-08
8353,5,1,218,1101,359628,0,4.36441892899868e-08
8354,5,1,223,1115,291127,0,9.58146684710756e-08
8355,5,1,221,1149,278506,0,5.01268471309982e-09
8356,5,1,241,1135,240346,0,4.0291305204387e-09
8357,5,1,217,1114,184477,0,1.00744275453025e-07
8358,5,1,225,1124,172935,0,1.74067403832773e-08
8359,5,1,202,1125,297884,0,4.18639845983813e-09
8360,5,1,226,1084,305669,0,1.6318207393916e-06
8361,5,1,248,1042,271240,0,9.61168035944487e-09
8362,5,1,241,1148,227566,0,4.59494753411784e-09
8363,5,1,211,1093,246644,0,1.2657556190877e-06
8364,5,1,239,1062,296757,0,8.74826497262808e-09
8365,5,1,228,1120,286790,0,2.43615381774884e-08
8366,5,1,213,1127,306449,0,7.9874916579274e-09
8367,5,1,232,1115,352625,0,6.74764570471783e-07
8368,5,1,220,1070,529755,0,3.10247099263057e-08
8369,5,1,205,1116,572377,0,4.48508622528454e-07
8370,5,1,203,1081,676376,0,6.97132833634544e-09
8371,5,1,187,1057,625792,0,4.16535407328114e-09
8372,5,1,205,1072,576290,0,1.05960954798329e-08
8373,5,1,206,1092,510588,0,7.00182386497166e-09
8374,5,1,203,1102,440524,0,1.47781411006449e-08
8375,5,1,231,1109,445405,0,3.45833933014373e-08
8376,5,1,225,1111,368407,0,2.18872332210069e-07
8377,5,1,201,1132,363699,0,2.71935880045703e-08
8378,5,1,201,1103,382176,0,1.45020635336732e-07
8379,5,1,206,1097,288446,0,3.33370610629779e-09
8380,5,1,224,1102,275153,0,1.59083071673248e-08
8381,5,1,195,1051,297438,0,4.36966718755901e-07
8382,5,1,224,1087,257612,0,8.76543666763086e-09
8383,5,1,208,1088,236198,0,2.20581212504448e-09
8384,5,1,171,1089,234507,0,3.65762583250184e-09
8385,5,1,174,1047,228456,0,2.06425284255477e-09
8386,5,1,203,1073,241923,0,4.78340299125291e-08
8387,5,1,210,1077,285766,0,1.8730646652543e-07
8388,5,1,202,1070,292065,0,1.10250430939919e-07
8389,5,1,205,1070,224631,0,4.38216323246455e-08
8390,5,1,191,1096,216965,0,5.51244661349973e-09
8391,5,1,220,1090,201746,0,4.81616971779423e-09
8392,5,1,257,1079,217357,0,4.16436513620867e-08
8393,5,1,225,1103,272767,0,3.43276376149885e-08
8394,5,1,217,1072,244435,0,4.19201721460571e-09
8395,5,1,229,1098,312208,0,8.21942123898962e-08
8396,5,1,235,1089,311348,0,7.24099552046219e-08
8397,5,1,226,1109,315482,0,3.25466799104666e-07
8398,5,1,222,1124,312367,0,3.90081353095425e-07
8399,5,1,219,1100,420795,0,1.90860992693357e-08
8400,5,1,228,1161,386995,0,2.09825658150886e-08
8401,5,1,210,1080,571400,0,4.33483781738749e-08
8402,5,1,204,1102,494150,0,2.61151380456484e-08
8403,5,1,230,1090,429552,0,1.86086369202173e-08
8404,5,1,254,1082,318337,0,4.8004940172011e-08
8405,5,1,223,1076,275324,0,1.7992208066834e-08
8406,5,1,229,1111,281332,0,5.96533011770098e-07
8407,5,1,221,1093,350824,0,2.06663067147147e-09
8408,5,1,234,1113,309034,0,4.89245657234512e-08
8409,5,1,217,1079,404237,0,7.1145330215479e-09
8410,5,1,232,1050,465976,0,8.75353246263177e-08
8411,5,1,217,1152,463234,0,7.27581471291848e-09
8412,5,1,240,1071,356796,0,6.40176316615122e-09
8413,5,1,223,1051,349150,0,9.98935898551142e-08
8414,5,1,219,1082,249938,0,6.49055560771129e-09
8415,5,1,240,1051,316233,0,1.19230179715646e-07
8416,5,1,251,1084,245426,0,2.94279115039676e-09
8417,5,1,237,1063,286008,0,2.44749138213989e-09
8418,5,1,228,1092,328608,0,1.23470400403296e-08
8419,5,1,232,1042,532544,0,1.16456986476203e-07
8420,5,1,195,1080,339776,0,7.03348410020754e-08
8421,5,1,238,1132,408611,0,7.59993855352963e-09
8422,5,1,233,1172,456982,0,6.09353203378718e-09
8423,5,1,275,1142,520579,0,2.07283768855463e-08
8424,5,1,230,1131,408362,0,1.64379689679671e-07
8425,5,1,230,1058,462643,0,3.16474267855047e-08
8426,5,1,248,1107,518405,0,1.47655129529876e-07
8427,5,1,221,1068,452584,0,3.79130331497055e-09
8428,5,1,239,1041,526854,0,9.87035306032945e-08
8429,5,1,219,1039,493156,0,2.5607189987814e-08
8430,5,1,198,1094,355652,0,1.64470790359154e-08
8431,5,1,198,1107,449787,0,1.13613701687622e-08
8432,5,1,219,1046,492911,0,4.64310664579366e-09
8433,5,1,186,1089,350112,0,4.01748963359365e-09
8434,5,1,185,1088,370663,0,6.45920721826611e-08
8435,5,1,220,1081,412419,0,2.56203447584533e-08
8436,5,1,187,1133,367810,0,1.79498297171996e-07
8437,5,1,268,1080,400762,0,1.25098665354621e-08
8438,5,1,200,1060,449884,0,8.59885958672628e-09
8439,5,1,232,1085,420841,0,5.69940445425616e-09
8440,5,1,208,1068,481951,0,4.45454791233609e-08
8441,5,1,230,1076,478937,0,2.05009989117254e-08
8442,5,1,203,1095,457451,0,5.32144970452743e-09
8443,5,1,190,1060,358454,0,2.13352298070646e-08
8444,5,1,203,1071,307340,0,2.64247282486527e-09
8445,5,1,183,1094,258647,0,1.27325581152597e-07
8446,5,1,241,1077,294651,0,1.43015847296801e-08
8447,5,1,220,1117,343285,0,4.25434813997421e-08
8448,5,1,239,1084,305783,0,1.55427506066306e-08
8449,5,1,223,1137,215266,0,2.00990785472179e-08
8450,5,1,235,1099,226419,0,6.7512557259198e-09
8451,5,1,259,1112,230542,0,1.17993613458645e-08
8452,5,1,190,1110,216751,0,5.79366706726886e-09
8453,5,1,206,1113,179504,0,3.90493522324017e-08
8454,5,1,243,1118,246374,0,2.97106675237917e-09
8455,5,1,222,1124,169904,0,1.20393161910685e-09
8456,5,1,222,1095,169120,0,9.07273844453051e-09
8457,5,1,219,1096,175642,0,1.49590170665816e-08
8458,5,1,200,1121,189403,0,2.46752991382176e-08
8459,5,1,230,1125,178903,0,2.52712396410081e-08
8460,5,1,209,1100,185169,0,1.73367416561141e-07
8461,5,1,212,1085,159710,0,4.62865984334613e-07
8462,5,1,221,1076,221561,0,4.16470802080687e-08
8463,5,1,203,1132,195514,0,5.15075735000824e-08
8464,5,1,209,1038,214412,0,1.49102171225453e-09
8465,5,1,214,1114,222047,0,2.02516789119431e-08
8466,5,1,221,1078,222065,0,5.82413284795165e-09
8467,5,1,178,1080,191900,0,6.86684123297458e-08
8468,5,1,228,1096,187001,0,2.68813085339031e-09
8469,5,1,217,1115,258480,0,5.85400863054648e-08
8470,5,1,226,1101,302946,0,1.17283189671121e-07
8471,5,1,222,1104,245778,0,5.19538591519675e-07
8472,5,1,204,1093,278658,0,9.1643661436135e-09
8473,5,1,220,1069,280153,0,9.51762766030144e-09
8474,5,1,233,1115,267555,0,3.02687710951387e-08
8475,5,1,258,1069,272306,0,1.85764867705406e-07
8476,5,1,224,1074,294255,0,5.20565912766932e-09
8477,5,1,205,1037,208599,0,4.2037020300287e-08
8478,5,1,211,1117,154226,0,4.75677581065220e-09
8479,5,1,231,1088,181132,0,1.16937872773736e-07
8480,5,1,218,1084,243061,0,2.71217549914232e-08
8481,5,1,238,1071,254690,0,3.38435725893083e-08
8482,5,1,218,1137,159570,0,3.52550512200657e-09
8483,5,1,218,1089,209455,0,5.40430855503199e-09
8484,5,1,242,1114,177123,0,6.67348384204545e-07
8485,5,1,223,1067,164155,0,4.68015715421013e-08
8486,5,1,233,1105,166852,0,1.89865227283786e-08
8487,5,1,226,1126,182474,0,3.62559539645379e-08
8488,5,1,202,1086,184196,0,1.86407068642007e-08
8489,5,1,230,1116,179590,0,2.19005549174749e-08
8490,5,1,243,1084,210192,0,1.9905518036797e-08
8491,5,1,222,1118,177357,0,1.32105384835801e-08
8492,5,1,207,1101,193825,0,1.49475279976582e-08
8493,5,1,249,1106,159540,0,7.79539086153731e-08
8494,5,1,211,1113,142464,0,4.46421972001872e-08
8495,5,1,218,1046,239083,0,5.66689985871578e-08
8496,5,1,219,1040,276132,0,9.75612431251205e-09
8497,5,1,225,1156,235920,0,1.90285579864732e-06
8498,5,1,243,1121,202674,0,4.76801409827354e-09
8499,5,1,217,1109,235823,0,2.20807853711608e-08
8500,5,1,247,1089,195113,0,6.47398534447817e-09
8501,5,1,214,1090,189066,0,2.41267944438393e-08
8502,5,1,232,1100,180264,0,5.74722005783831e-08
8503,5,1,201,1101,199371,0,6.36989467052553e-09
8504,5,1,190,1105,259170,0,5.92751817724885e-09
8505,5,1,208,1107,253428,0,4.02656306745394e-06
8506,5,1,188,1121,222342,0,6.27336197839468e-08
8507,5,1,235,1097,250943,0,4.76250864377247e-08
8508,5,1,228,1108,274784,0,1.25499178214548e-08
8509,5,1,207,1082,201747,0,2.76023468725905e-08
8510,5,1,235,1082,193183,0,1.61520900757054e-08
8511,5,1,244,1112,217031,0,2.62489499891115e-08
8512,5,1,225,1130,223487,0,1.0643356837674e-08
8513,5,1,198,1086,234470,0,1.93705547675776e-08
8514,5,1,190,1046,251898,0,2.95228120214551e-09
8515,5,1,211,1108,244196,0,1.46932029154552e-08
8516,5,1,223,1124,266559,0,1.63170517480463e-06
8517,5,1,223,1128,325115,0,4.5585586294576e-08
8518,5,1,211,1082,261514,0,7.39109741717182e-09
8519,5,1,242,1097,280179,0,6.80810758210671e-08
8520,5,1,242,1111,353507,0,3.51463543890638e-09
8521,5,1,241,1068,286814,0,5.04175835520358e-09
8522,5,1,257,1116,244869,0,1.61330709192446e-08
8523,5,1,247,1091,261704,0,1.03976685600697e-08
8524,5,1,234,1132,294400,0,9.85117584338726e-09
8525,5,1,200,1085,264224,0,6.17154862277617e-09
8526,5,1,221,1141,204473,0,3.2814438152795e-08
8527,5,1,215,1139,138502,0,2.64467444592976e-09
8528,5,1,225,1104,157471,0,3.63448786968593e-09
8529,5,1,240,1092,226105,0,1.76874515069142e-08
8530,5,1,249,1055,312002,0,6.32732325780358e-07
8531,5,1,215,1078,299618,0,1.30866809554331e-08
8532,5,1,224,1067,251206,0,2.12948064912538e-08
8533,5,1,222,1137,231068,0,4.9626090798647e-07
8534,5,1,213,1117,192882,0,1.08595508494734e-07
8535,5,1,253,1102,242729,0,8.86729691958141e-10
8536,5,1,244,1066,230458,0,6.13305357362825e-08
8537,5,1,259,1132,219288,0,6.66824539091865e-09
8538,5,1,243,1081,173879,0,1.01858532209817e-07
8539,5,1,210,1104,175816,0,1.53374374763023e-08
8540,5,1,248,1019,204736,0,3.01956883491041e-08
8541,5,1,234,1089,203698,0,1.08125548698166e-06
8542,5,1,225,1008,260050,0,3.24554091776962e-08
8543,5,1,228,1095,224174,0,7.53435210368974e-07
8544,5,1,227,1087,195698,0,5.17143123178698e-09
8545,5,1,242,1130,150957,0,7.49794237482346e-09
8546,5,1,249,1085,182506,0,1.71240327726173e-08
8547,5,1,206,1138,164581,0,9.36125518754222e-08
8548,5,1,230,1061,170255,0,1.4321646279596e-08
8549,5,1,195,1066,221359,0,1.6876626098605e-08
8550,5,1,207,1064,268441,0,2.29106158966961e-08
8551,5,1,222,1059,259967,0,2.33892229322152e-08
8552,5,1,215,1040,372015,0,2.49621930152112e-08
8553,5,1,191,1067,464387,0,2.4657944083514e-08
8554,5,1,189,1070,383477,0,2.26711045279145e-08
8555,5,1,190,1089,403756,0,3.41742103833974e-08
8556,5,1,191,1098,404249,0,4.053608874719e-08
8557,5,1,214,1101,494682,0,7.75923580428847e-08
8558,5,1,183,1094,353228,0,1.00226675637696e-06
8559,5,1,218,1055,255198,0,2.32901881723783e-08
8560,5,1,243,1066,202890,0,1.88584663205118e-08
8561,5,1,230,1088,225817,0,1.42454344092877e-08
8562,5,1,234,1057,197221,0,1.49773948167001e-08
8563,5,1,213,1054,214623,0,6.3134186520634e-09
8564,5,1,210,1112,458915,0,1.26946414924299e-08
8565,5,1,221,1077,408741,0,1.78900549306926e-07
8566,5,1,235,1003,324399,0,2.16103100073813e-08
8567,5,1,223,1079,301556,0,2.92208453623197e-08
8568,5,1,217,1114,307536,0,1.62566519737501e-08
8569,5,1,214,1082,221009,0,8.78075047327963e-08
8570,5,1,240,1089,290130,0,1.76473654015754e-08
8571,5,1,213,1103,350631,0,9.14122611814094e-09
8572,5,1,233,1078,365193,0,1.57981779260648e-07
8573,5,1,191,1049,383668,0,5.48479436209448e-09
8574,5,1,205,1050,275057,0,1.20254440067423e-08
8575,5,1,229,1140,225292,0,5.07326227997593e-09
8576,5,1,229,1064,261668,0,7.94860192580405e-09
8577,5,1,234,1032,254168,0,1.57439794492256e-09
8578,5,1,190,1049,222911,0,1.86982503040002e-07
8579,5,1,211,1048,244919,0,1.94978200010132e-08
8580,5,1,243,1109,200493,0,3.68650297116724e-09
8581,5,1,234,1051,234984,0,2.19017277846698e-08
8582,5,1,229,1062,333542,0,1.14444909533147e-07
8583,5,1,203,1034,308806,0,3.356884156384e-09
8584,5,1,211,1089,219437,0,1.65848360551339e-08
8585,5,1,202,1110,233199,0,4.36558418539629e-07
8586,5,1,185,1112,240178,0,1.73857083811591e-07
8587,5,1,233,1104,233836,0,2.03673288446461e-09
8588,5,1,228,1008,207816,0,4.71984116186314e-08
8589,5,1,207,1086,275926,0,2.41740693646029e-08
8590,5,1,216,1090,278948,0,8.05269470855288e-09
8591,5,1,213,1100,333073,0,8.24264479078501e-08
8592,5,1,193,1087,187409,0,1.23330928894715e-08
8593,5,1,192,1100,222809,0,1.45950492945826e-07
8594,5,1,222,1082,180642,0,8.19810809279485e-08
8595,5,1,196,1103,180194,0,2.88753331150452e-09
8596,5,1,200,1107,149717,0,7.64150432020222e-07
8597,5,1,195,1097,151756,0,1.00385872766441e-08
8598,5,1,241,1128,224523,0,1.5639081597547e-07
8599,5,1,247,1108,192874,0,2.00064666380162e-08
8600,5,1,212,1130,192579,0,4.1605656349543e-07
8601,5,1,239,1075,150142,0,1.6067893399646e-08
8602,5,1,248,1088,243067,0,2.43917572803644e-07
8603,5,1,215,1129,171389,0,2.34768334477341e-08
8604,5,1,210,1097,189316,0,3.52885512134513e-08
8605,5,1,230,1104,150539,0,9.27434934361088e-09
8606,5,1,229,1074,192628,0,3.57248277240395e-08
8607,5,1,249,1111,209670,0,1.464094415475e-08
8608,5,1,231,1114,165233,0,1.43354712080297e-08
8609,5,1,245,1026,202281,0,1.69871105069982e-09
8610,5,1,212,1098,192814,0,2.80848349030333e-08
8611,5,1,189,1071,188116,0,2.49358226657426e-08
8612,5,1,231,1069,164840,0,2.9485168039947e-08
8613,5,1,221,1106,174360,0,4.47880726176993e-08
8614,5,1,248,1058,211420,0,5.79653214636762e-08
8615,5,1,196,1079,207048,0,3.02081222240901e-07
8616,5,1,211,1099,200697,0,2.01915315528942e-08
8617,5,1,197,1126,167946,0,1.26067025039919e-08
8618,5,1,210,1083,163353,0,5.93550825717407e-07
8619,5,1,204,1052,178021,0,1.24478320567038e-09
8620,5,1,214,1114,149250,0,2.82076556290249e-08
8621,5,1,225,1071,210899,0,2.29643542021704e-08
8622,5,1,212,1066,204337,0,4.30193227149266e-09
8623,5,1,209,1070,225636,0,6.43874187929483e-09
8624,5,1,216,1090,227734,0,5.20290687944781e-09
8625,5,1,234,1074,196416,0,1.01714907589435e-08
8626,5,1,217,1075,188702,0,2.39847738112908e-07
8627,5,1,232,1049,139926,0,8.59529449626632e-09
8628,5,1,221,1069,199870,0,1.86505197260647e-08
8629,5,1,261,1079,163294,0,1.11312047066455e-08
8630,5,1,211,1121,128698,0,7.65662252791654e-08
8631,5,1,233,1087,144263,0,5.72613179520215e-09
8632,5,1,204,1097,143926,0,2.64038237711129e-08
8633,5,1,242,1124,177019,0,1.9779362082487e-08
8634,5,1,237,1106,180907,0,9.14067817441747e-07
8635,5,1,213,1095,169716,0,3.63135570347183e-07
8636,5,1,207,1085,183837,0,1.00225152328304e-07
8637,5,1,220,1099,201305,0,1.13630069187443e-08
8638,5,1,257,1126,164162,0,7.14215581839136e-07
8639,5,1,220,1078,182761,0,7.55010562676828e-08
8640,5,1,231,1073,253687,0,6.18758749189756e-09
8641,5,1,220,1090,199675,0,1.93028850365313e-07
8642,5,1,224,1056,179036,0,6.02413480363378e-08
8643,5,1,228,1107,173079,0,4.12172004779281e-08
8644,5,1,248,1094,185044,0,1.90631454590635e-08
8645,5,1,245,1099,137324,0,3.29452224329455e-08
8646,5,1,219,1093,193054,0,1.81099321199378e-08
8647,5,1,217,1124,143406,0,1.28685816581432e-08
8648,5,1,231,1102,235089,0,1.97950899348717e-08
8649,5,1,234,1148,188820,0,5.44325208815335e-09
8650,5,1,214,1118,140067,0,9.03981819927785e-09
8651,5,1,226,1089,138843,0,3.99815393098415e-08
8652,5,1,223,1106,203679,0,1.59280269433858e-08
8653,5,1,242,1065,178532,0,2.3120157067561e-07
8654,5,1,220,1046,253661,0,1.13297956499516e-08
8655,5,1,224,1097,146865,0,2.19033994230937e-08
8656,5,1,204,1101,137228,0,7.19862514200144e-09
8657,5,1,197,1089,129421,0,3.71399916424695e-08
8658,5,1,212,1104,154257,0,2.9053573042094e-09
8659,5,1,213,1097,156603,0,1.50285502158422e-08
8660,5,1,223,1119,175217,0,4.15797969980572e-07
8661,5,1,215,1121,161880,0,8.6230636304043e-08
8662,5,1,239,1050,149424,0,4.04133384632082e-09
8663,5,1,213,1083,139713,0,1.11049830723002e-08
8664,5,1,217,1084,168962,0,1.93996802036295e-08
8665,5,1,227,1095,170128,0,6.87645232710085e-09
8666,5,1,225,1087,173168,0,9.26847330047517e-09
8667,5,1,234,1067,148738,0,5.76469276416992e-07
8668,5,1,222,1082,166490,0,2.99032600930102e-09
8669,5,1,234,1079,199891,0,2.1996829409248e-08
8670,5,1,211,1056,221855,0,1.0674366525031e-06
8671,5,1,224,1102,198461,0,6.88537649504709e-08
8672,5,1,229,1092,185647,0,1.34212919832987e-08
8673,5,1,206,1074,199823,0,2.15072026570129e-08
8674,5,1,220,1077,177823,0,3.61200016045504e-08
8675,5,1,202,1108,220450,0,2.06364952515135e-08
8676,5,1,197,1054,220364,0,1.66220330234166e-08
8677,5,1,210,1095,204407,0,5.48695347898316e-07
8678,5,1,227,1091,151264,0,4.30434853261603e-08
8679,5,1,216,1095,156370,0,7.88480606079417e-09
8680,5,1,219,1086,177763,0,1.01221219355486e-08
8681,5,1,208,1094,178549,0,1.71665753833697e-07
8682,5,1,202,1104,167991,0,1.33458266736125e-08
8683,5,1,209,1074,140203,0,1.25831464205855e-07
8684,5,1,191,1097,183185,0,2.45861773108314e-08
8685,5,1,210,1115,232421,0,8.87701829570303e-08
8686,5,1,224,1075,290565,0,9.2328529614937e-09
8687,5,1,261,1054,287919,0,6.30008674476021e-09
8688,5,1,224,1091,218374,0,7.82178764937249e-07
8689,5,1,228,1104,149441,0,1.06459661517294e-08
8690,5,1,214,1116,153462,0,8.56127563774189e-08
8691,5,1,225,1110,144883,0,9.06394437231998e-09
8692,5,1,192,1099,149523,0,7.3079446854994e-09
8693,5,1,217,1065,211673,0,8.91618466082738e-08
8694,5,1,234,1057,212477,0,3.8495450857562e-07
8695,5,1,179,1105,163889,0,5.69779574609742e-09
8696,5,1,209,1104,188859,0,3.12891648132568e-07
8697,5,1,213,1089,192122,0,7.30918154178099e-08
8698,5,1,212,1100,227109,0,4.10899123501762e-09
8699,5,1,203,1137,187201,0,3.8720348583175e-07
8700,5,1,263,1084,179754,0,1.23764477066591e-09
8701,5,1,184,1086,209583,0,5.47361037526899e-08
8702,5,1,174,1063,188158,0,4.95688764363695e-09
8703,5,1,182,1069,210943,0,3.75117885688336e-09
8704,5,1,212,1116,234885,0,2.08258647045905e-08
8705,5,1,228,1055,205839,0,2.39820120779187e-08
8706,5,1,219,1084,196690,0,4.31122601882311e-09
8707,5,1,199,1074,192534,0,1.05577576497566e-07
8708,5,1,172,1096,268644,0,9.38811381407268e-08
8709,5,1,232,1066,258346,0,7.11329561021097e-08
8710,5,1,242,1096,214660,0,2.77853045436167e-08
8711,5,1,208,1066,293194,0,6.8683495968509e-09
8712,5,1,209,1054,179680,0,1.48125696223079e-08
8713,5,1,238,1034,205637,0,8.04652725929254e-07
8714,5,1,223,1075,182517,0,1.66150111883807e-08
8715,5,1,229,1074,233513,0,1.82174218037635e-08
8716,5,1,226,1082,246456,0,4.17866131726096e-09
8717,5,1,208,1044,208891,0,1.18915317906892e-07
8718,5,1,194,1079,210974,0,3.60286551201304e-08
8719,5,1,214,1073,204049,0,6.65952522279341e-08
8720,5,1,232,1091,237767,0,6.31225525110055e-09
8721,5,1,243,1059,305576,0,2.28705800400073e-08
8722,5,1,233,1095,248692,0,1.27954246928697e-08
8723,5,1,247,1095,222529,0,4.45849029191762e-08
8724,5,1,264,1113,293530,0,1.05055292273268e-06
8725,5,1,207,1091,320154,0,2.08218202637949e-07
8726,5,1,196,1108,212285,0,6.47807086633677e-08
8727,5,1,210,1151,164372,0,5.39088870321835e-09
8728,5,1,209,1142,228469,0,1.06644202733207e-08
8729,5,1,249,1108,232744,0,3.78104127187644e-09
8730,5,1,257,1075,217409,0,2.67249187872496e-08
8731,5,1,252,1122,227888,0,1.20633348584227e-08
8732,5,1,235,1080,273263,0,2.30331358849285e-08
8733,5,1,224,1093,223952,0,3.37654467303373e-07
8734,5,1,232,1145,173611,0,1.59462599660112e-08
8735,5,1,250,1075,180478,0,3.23291579841139e-07
8736,5,1,254,1154,188719,0,1.96720557187357e-08
8737,5,1,254,1108,178041,0,2.43459592510656e-08
8738,5,1,222,1154,156179,0,4.6825295484209e-08
8739,5,1,262,1109,158611,0,4.20481773329375e-08
8740,5,1,242,1080,233908,0,2.07071321603919e-07
8741,5,1,237,1110,261267,0,2.70828766029952e-07
8742,5,1,227,1106,229458,0,3.72642841800494e-09
8743,5,1,233,1091,216858,0,3.00358757304411e-06
8744,5,1,236,1100,192160,0,4.47386584017773e-07
8745,5,1,236,1181,178791,0,9.73456819092286e-08
8746,5,1,239,1069,212939,0,3.17545752184928e-08
8747,5,1,257,1096,264490,0,2.86026404077734e-08
8748,5,1,231,1110,208251,0,4.12704706074716e-08
8749,5,1,234,1093,274620,0,4.12902401421483e-09
8750,5,1,236,1054,250343,0,1.98121520480803e-08
8751,5,1,224,1116,236527,0,3.27505464504965e-09
8752,5,1,186,1094,251978,0,1.36196672943831e-07
8753,5,1,226,1050,261446,0,9.05761977523497e-08
8754,5,1,242,1144,231057,0,5.41140546002056e-08
8755,5,1,212,1093,178281,0,5.26205291925676e-08
8756,5,1,228,1095,215625,0,7.35254564675759e-06
8757,5,1,249,1067,281619,0,4.90295528532224e-09
8758,5,1,219,1100,289889,0,3.3991791040715e-08
8759,5,1,230,1099,282842,0,1.46882467372983e-08
8760,5,1,215,1097,208461,0,2.28235838599544e-09
8761,5,1,189,1129,283347,0,2.4575468477133e-08
8762,5,1,179,1114,255193,0,8.14275047051704e-09
8763,5,1,233,1096,244070,0,1.07638539481589e-08
8764,5,1,214,1072,236829,0,1.1596373163408e-08
8765,5,1,216,1070,302863,0,1.34924500419602e-07
8766,5,1,167,1057,214712,0,1.64475200700858e-08
8767,5,1,220,1115,185587,0,5.83567614765148e-08
8768,5,1,235,1091,272076,0,1.97009579939019e-08
8769,5,1,229,1083,247943,0,8.67939459977365e-08
8770,5,1,227,1077,202631,0,6.35268554376273e-09
8771,5,1,228,1115,271785,0,1.03393672474659e-08
8772,5,1,245,1110,275643,0,1.3938766677588e-08
8773,5,1,226,1133,239857,0,1.17573962491133e-07
8774,5,1,214,1105,280810,0,2.59313446900291e-08
8775,5,1,208,1073,235886,0,2.84754874061587e-07
8776,5,1,222,1067,223389,0,1.0594214917579e-08
8777,5,1,212,1075,274802,0,4.06118287458807e-09
8778,5,1,194,1069,229500,0,1.20061683338967e-08
8779,5,1,218,1107,187849,0,5.89384982495325e-06
8780,5,1,214,1082,175889,0,8.86496862586637e-09
8781,5,1,221,1092,212335,0,1.04724576634794e-07
8782,5,1,223,1048,179883,0,5.15360464383324e-09
8783,5,1,217,1052,211739,0,8.63626150900585e-09
8784,5,1,233,1099,267877,0,1.12165709630735e-08
8785,5,1,188,1070,227628,0,2.07255612141918e-08
8786,5,1,183,1068,207891,0,5.38732863511292e-09
8787,5,1,217,1069,202700,0,2.47157643178325e-08
8788,5,1,217,1063,177314,0,1.56753496567141e-08
8789,5,1,211,1157,212623,0,7.86248542592934e-09
8790,5,1,207,1039,201600,0,5.70421915658571e-09
8791,5,1,216,1077,207193,0,8.70036827179748e-09
8792,5,1,187,1059,236914,0,1.02208677255668e-08
8793,5,1,246,1076,276868,0,9.48074631935589e-09
8794,5,1,215,1083,240247,0,6.46505140954602e-09
8795,5,1,241,1073,251420,0,1.57468541460128e-08
8796,5,1,200,1078,266051,0,2.31391690655144e-08
8797,5,1,215,1105,169716,0,3.58036294922108e-07
8798,5,1,203,1059,156435,0,2.60659343619076e-07
8799,5,1,201,1059,179791,0,4.15968843853218e-07
8800,5,1,214,1082,208704,0,9.51411820836461e-09
8801,5,1,223,1094,232777,0,1.69316059446907e-08
8802,5,1,214,1051,220813,0,2.70288857344989e-08
8803,5,1,236,1095,215785,0,2.74789008457704e-08
8804,5,1,206,1091,184194,0,9.59706597855129e-09
8805,5,1,160,1109,170506,0,7.28119567765934e-08
8806,5,1,203,1097,151182,0,2.95178943816672e-08
8807,5,1,193,1083,138911,0,9.7623058862694e-09
8808,5,1,216,1131,208216,0,3.01864879972808e-08
8809,5,1,236,1102,234569,0,6.72926352527099e-07
8810,5,1,228,1083,283338,0,1.92132413852552e-07
8811,5,1,202,1098,193610,0,1.6078172711384e-08
8812,5,1,236,1085,160988,0,7.24669255560026e-09
8813,5,1,233,1101,186695,0,1.60011911736033e-07
8814,5,1,205,1090,136261,0,3.20403406300043e-08
8815,5,1,228,1087,159101,0,2.7034021785509e-08
8816,5,1,201,1065,136445,0,7.59612325003172e-08
8817,5,1,258,1015,166561,0,6.72288905214816e-08
8818,5,1,223,1072,158103,0,1.18672148352431e-08
8819,5,1,209,1069,133373,0,2.62519204094817e-08
8820,5,1,211,1082,143596,0,3.40299359815324e-07
8821,5,1,196,1103,136153,0,1.46536612681744e-08
8822,5,1,208,1085,114921,0,1.63397844226668e-08
8823,5,1,196,1026,178818,0,2.09590045640798e-09
8824,5,1,181,1065,164043,0,7.04550479364382e-08
8825,5,1,155,1047,234813,0,1.42638071369603e-08
8826,5,1,189,1063,281704,0,2.36442299441396e-08
8827,5,1,190,1045,450491,0,3.34708736380749e-08
8828,5,1,228,1070,315025,0,1.04485479125865e-07
8829,5,1,187,1067,353060,0,1.11831159611801e-08
8830,5,1,204,1141,334801,0,2.39810983101287e-08
8831,5,1,239,1079,235326,0,1.27496393694579e-08
8832,5,1,201,1094,178935,0,3.01732536389161e-08
8833,5,1,203,1056,183799,0,2.81456374523609e-08
8834,5,1,236,1110,151659,0,2.6847437781254e-08
8835,5,1,222,1104,177307,0,6.26937638430046e-09
8836,5,1,236,1110,201712,0,1.61462102018276e-08
8837,5,1,218,1073,161626,0,5.81254386352125e-09
8838,5,1,227,1083,210651,0,9.608186645896e-09
8839,5,1,236,1071,277759,0,1.83525472299126e-08
8840,5,1,234,1083,254142,0,2.21354392633399e-08
8841,5,1,225,1075,225238,0,3.43899279720869e-09
8842,5,1,240,1059,233199,0,1.86803907335318e-07
8843,5,1,208,1134,202664,0,3.70702592310284e-08
8844,5,1,212,1118,182260,0,1.32334439425547e-08
8845,5,1,227,1125,177422,0,9.72217639058941e-09
8846,5,1,231,1108,141856,0,5.2635996863855e-08
8847,5,1,209,1080,172812,0,1.61292789492524e-07
8848,5,1,223,1085,131438,0,7.99152472890309e-09
8849,5,1,204,1100,137331,0,5.09228832923587e-08
8850,5,1,217,1061,145914,0,3.49859775427669e-06
8851,5,1,209,1063,146740,0,7.61602357547405e-09
8852,5,1,242,1090,156249,0,5.79503490393755e-09
8853,5,1,191,1098,141536,0,2.17366082872754e-08
8854,5,1,250,1112,142799,0,6.5330825728902e-08
8855,5,1,219,1095,190981,0,5.10921650748582e-08
8856,5,1,211,1109,149376,0,8.87421138636816e-09
8857,5,1,225,1044,165293,0,1.81254750690464e-08
8858,5,1,243,1086,154050,0,8.41487736252725e-07
8859,5,1,215,1082,137602,0,8.75319833910346e-09
8860,5,1,217,1110,138054,0,2.36706156603618e-08
8861,5,1,185,1042,187665,0,3.54003854141186e-09
8862,5,1,200,1094,190184,0,5.38448506988594e-08
8863,5,1,205,1026,174768,0,2.85339859200824e-09
8864,5,1,205,1081,173686,0,1.16234030918077e-07
8865,5,1,220,1073,177057,0,1.50296161032151e-08
8866,5,1,230,1147,145340,0,1.22330174557564e-08
8867,5,1,236,1132,161306,0,1.64378939610185e-06
8868,5,1,224,1072,164114,0,4.05842354799744e-08
8869,5,1,230,1048,274136,0,1.1011938691779e-07
8870,5,1,229,1085,158840,0,5.97416640926871e-08
8871,5,1,209,1051,153152,0,1.02867382615345e-08
8872,5,1,259,1107,162101,0,1.24923285430391e-07
8873,5,1,201,1086,137947,0,1.02122012543802e-07
8874,5,1,193,1098,156794,0,1.03691673222775e-08
8875,5,1,237,1039,170052,0,1.9164805119103e-07
8876,5,1,202,1125,189007,0,6.14135258791452e-07
8877,5,1,218,1083,191910,0,6.1283941351557e-09
8878,5,1,212,1074,165425,0,1.49425537752411e-08
8879,5,1,199,1106,163064,0,8.37169582714454e-09
8880,5,1,232,1123,179301,0,4.80826710027546e-08
8881,5,1,216,1138,203333,0,1.13408022106898e-08
8882,5,1,218,1091,291684,0,2.65583087371753e-09
8883,5,1,225,1087,290185,0,4.06492222792689e-08
8884,5,1,242,1134,382508,0,6.50584975157716e-09
8885,5,1,212,1036,941091,0,2.30134652157414e-08
8886,5,1,203,1102,272373,0,1.29928348939319e-08
8887,5,1,238,1106,233083,0,1.13541782588618e-08
8888,5,1,251,1083,178939,0,1.35539781163414e-08
8889,5,1,226,1185,144668,0,6.18451302120005e-08
8890,5,1,226,1150,223589,0,1.32248859035471e-06
8891,5,1,217,1135,247004,0,8.77969424768234e-09
8892,5,1,217,1111,191441,0,1.18381302461612e-07
8893,5,1,207,1099,243145,0,8.28644570244581e-09
8894,5,1,202,1095,240938,0,1.07285261165413e-08
8895,5,1,216,1106,223415,0,1.64343059187797e-08
8896,5,1,257,1102,283939,0,1.46468764040114e-07
8897,5,1,217,1134,254377,0,1.26796275647852e-07
8898,5,1,216,1131,247192,0,1.03867624095699e-07
8899,5,1,219,1059,256754,0,1.30781587269741e-07
8900,5,1,245,1168,202286,0,1.04928291936271e-07
8901,5,1,217,1124,148807,0,1.00665355546675e-08
8902,5,1,256,1104,206992,0,4.0299713918568e-09
8903,5,1,231,1138,193610,0,2.54622856330449e-08
8904,5,1,244,1117,219661,0,4.28247461990607e-08
8905,5,1,242,1132,239078,0,2.96264115174855e-08
8906,5,1,221,1108,211470,0,2.71769010334204e-08
8907,5,1,222,1149,225467,0,6.00602248097449e-07
8908,5,1,239,1140,208319,0,1.34754957311793e-08
8909,5,1,255,1104,331076,0,1.29565884572213e-07
8910,5,1,263,1139,302105,0,5.54848336809166e-07
8911,5,1,244,1097,343606,0,3.46460184505586e-08
8912,5,1,262,1093,361932,0,2.68156609072102e-07
8913,5,1,210,1133,279295,0,4.52116183223298e-09
8914,5,1,221,1099,273923,0,1.54824520382671e-08
8915,5,1,267,1121,315756,0,6.11973281356674e-09
8916,5,1,237,1133,231162,0,2.20580201684233e-08
8917,5,1,241,1085,322180,0,7.07109766722904e-08
8918,5,1,217,1047,327395,0,8.48497622135791e-08
8919,5,1,232,1099,208632,0,2.96018925013702e-08
8920,5,1,225,1066,183653,0,3.92459511069769e-08
8921,5,1,250,1088,205885,0,2.21396441117039e-08
8922,5,1,250,1149,201073,0,5.59634913682414e-08
8923,5,1,240,1103,235438,0,6.96658215662536e-09
8924,5,1,253,1113,287485,0,6.62422041304084e-08
8925,5,1,207,1125,166900,0,4.13705586978441e-09
8926,5,1,209,1074,193177,0,2.68031361560237e-08
8927,5,1,212,1047,187415,0,1.103709763887e-08
8928,5,1,238,1101,177076,0,1.41738997049605e-08
8929,5,1,220,1058,212843,0,3.96319282498933e-08
8930,5,1,186,1085,176316,0,4.24152055989084e-07
8931,5,1,195,1118,164215,0,1.26299693752919e-08
8932,5,1,210,1049,160672,0,7.70609740715334e-09
8933,5,1,213,1020,173673,0,1.82603787251461e-08
8934,5,1,200,1046,175775,0,9.34100306060862e-09
8935,5,1,187,1048,224012,0,3.36540768741901e-09
8936,5,1,259,1093,161319,0,3.44840088584379e-08
8937,5,1,212,1114,209816,0,5.52413741247049e-08
8938,5,1,220,1074,288427,0,3.80516357038224e-08
8939,5,1,220,1029,222018,0,1.57021950181351e-07
8940,5,1,228,1097,146262,0,8.44189348838163e-07
8941,5,1,221,1062,139362,0,4.31751727352724e-08
8942,5,1,210,1123,164777,0,7.95703795992087e-09
8943,5,1,207,1098,208021,0,3.051696445622e-07
8944,5,1,204,1086,236009,0,1.99287109999694e-08
8945,5,1,250,1045,239863,0,2.94553684241317e-09
8946,5,1,224,1087,160554,0,4.30848970577592e-07
8947,5,1,226,1114,172256,0,2.65826591729862e-08
8948,5,1,212,1130,242843,0,6.47597849428917e-09
8949,5,1,213,1076,171703,0,7.18995802505147e-08
8950,5,1,237,1095,272832,0,2.90467920247683e-08
8951,5,1,233,1116,189359,0,9.72510763632309e-08
8952,5,1,239,1085,215887,0,3.73579631443824e-08
8953,5,1,241,1136,150460,0,1.50512887642084e-09
8954,5,1,211,1102,198801,0,1.82829116376907e-08
8955,5,1,237,1081,150789,0,2.69289713229503e-08
8956,5,1,235,1101,128834,0,1.52202199682076e-07
8957,5,1,200,1109,151802,0,3.33096399490041e-07
8958,5,1,218,1050,174519,0,8.13502033548159e-09
8959,5,1,245,1060,163857,0,2.30078937862124e-08
8960,5,1,245,1076,140324,0,1.02898096612275e-08
8961,5,1,228,1113,179104,0,2.33927026594105e-05
8962,5,1,205,1093,242174,0,6.74238938000744e-09
8963,5,1,241,1063,239550,0,1.19381308321274e-08
8964,5,1,202,1067,220429,0,1.41019805235565e-08
8965,5,1,218,1110,353712,0,6.65840006811051e-08
8966,5,1,236,1069,392607,0,1.02480787754865e-07
8967,5,1,273,1039,251544,0,8.67898751231460e-09
8968,5,1,234,1077,244172,0,3.02502018199412e-08
8969,5,1,216,1035,331322,0,1.22936497836017e-08
8970,5,1,226,1125,244460,0,5.59748252323382e-08
8971,5,1,223,1082,181118,0,9.56927128859587e-07
8972,5,1,228,1070,213384,0,2.68361081832409e-08
8973,5,1,200,1019,179515,0,1.5643827979709e-07
8974,5,1,231,1043,191639,0,8.27677140890839e-09
8975,5,1,254,1059,181104,0,1.79384918549038e-08
8976,5,1,204,1071,118364,0,1.32938192204535e-07
8977,5,1,188,1108,130614,0,2.17218752745492e-07
8978,5,1,192,1081,118784,0,7.50359870946887e-08
8979,5,1,241,1109,143019,0,9.13766263996993e-08
8980,5,1,215,1083,180311,0,1.12754772872245e-07
8981,5,1,226,1047,308881,0,3.27668620852318e-09
8982,5,1,252,1024,184471,0,1.42659516120037e-08
8983,5,1,232,1128,168563,0,1.65842531778014e-08
8984,5,1,251,1105,195772,0,1.53327236884997e-08
8985,5,1,205,1105,161901,0,3.79354512642758e-08
8986,5,1,227,1128,160812,0,3.42040448073835e-06
8987,5,1,266,1068,202379,0,1.01811362562657e-07
8988,5,1,198,1066,229413,0,7.52082718765626e-08
8989,5,1,221,1051,257339,0,2.61020861863225e-09
8990,5,1,224,1083,184211,0,1.61620568347658e-08
8991,5,1,251,1070,194927,0,2.69545090791246e-08
8992,5,1,235,1132,222666,0,2.9610453528508e-06
8993,5,1,230,1084,209954,0,3.26392126881153e-09
8994,5,1,241,1083,218754,0,9.74069948296641e-09
8995,5,1,223,1141,136342,0,2.14902993570013e-08
8996,5,1,195,1067,126581,0,8.77834314837449e-09
8997,5,1,228,1049,187158,0,1.9433087823848e-08
8998,5,1,234,1084,194933,0,5.91674437207731e-09
8999,5,1,241,1124,144304,0,1.39358773608824e-08
9000,5,1,254,1059,251427,0,5.66910030180291e-09
9001,5,1,231,1058,211151,0,2.81694416906922e-08
9002,5,1,206,1067,169515,0,2.18607651327652e-07
9003,5,1,244,1099,139753,0,3.46772468129267e-08
9004,5,1,216,1046,184591,0,2.5703513926204e-08
9005,5,1,237,1033,220432,0,1.0481053041451e-08
9006,5,1,244,1066,191517,0,1.43826482853368e-08
9007,5,1,220,1067,166778,0,1.14132373919598e-08
9008,5,1,235,1042,170625,0,1.99500614470877e-08
9009,5,1,234,1075,204787,0,5.60869902376959e-09
9010,5,1,234,1106,252692,0,8.41724359783481e-09
9011,5,1,227,1103,184333,0,2.7599954279451e-08
9012,5,1,249,1086,199665,0,5.30726961467554e-08
9013,5,1,207,1150,224527,0,1.56519976108572e-08
9014,5,1,258,1099,340619,0,1.24432578456147e-08
9015,5,1,237,1062,255733,0,1.65944079514121e-08
9016,5,1,222,1112,303988,0,5.99391865388801e-08
9017,5,1,204,1063,358124,0,5.11066512387639e-08
9018,5,1,216,1062,325761,0,7.71740144283985e-09
9019,5,1,259,1073,385221,0,1.24172536089843e-08
9020,5,1,231,1090,457352,0,1.1589962170589e-08
9021,5,1,232,1107,382856,0,4.1921636869975e-08
9022,5,1,228,1031,295783,0,8.82713200180835e-09
9023,5,1,270,1103,381944,0,3.9292434755511e-09
9024,5,1,272,1053,291720,0,2.69573454583779e-08
9025,5,1,211,1077,273823,0,3.12742292278588e-08
9026,5,1,224,1066,342184,0,6.6119440703115e-08
9027,5,1,183,1011,321211,0,3.21198191452692e-08
9028,5,1,206,1086,392304,0,7.55280092374202e-09
9029,5,1,211,1027,362184,0,1.28748037820272e-07
9030,5,1,177,1041,266703,0,9.28556988342035e-08
9031,5,1,241,1094,236994,0,3.50847838852633e-08
9032,5,1,231,1125,433891,0,6.78662321725671e-08
9033,5,1,253,1037,436303,0,5.23444088033138e-07
9034,5,1,247,1074,242102,0,1.44675295851276e-08
9035,5,1,212,1070,196721,0,9.18622179531754e-08
9036,5,1,199,1034,215332,0,2.38240690369867e-09
9037,5,1,225,1025,256330,0,1.06744130960471e-08
9038,5,1,189,1059,159789,0,3.59934738291009e-08
9039,5,1,221,1066,176498,0,4.68050874473928e-09
9040,5,1,204,1065,182007,0,1.1210196925458e-08
9041,5,1,234,1069,156677,0,5.56634647540254e-08
9042,5,1,208,1087,155912,0,2.89677021389272e-08
9043,5,1,236,1088,155906,0,5.25076039172864e-08
9044,5,1,237,1102,194499,0,1.81477584923657e-08
9045,5,1,246,1079,113470,0,2.40371896194826e-07
9046,5,1,208,1083,139174,0,2.17996605712295e-08
9047,5,1,195,1055,135787,0,1.46007343471721e-07
9048,5,1,218,1078,128571,0,1.04087302538609e-06
9049,5,1,226,1154,137599,0,2.34317936979014e-07
9050,5,1,224,1067,234768,0,6.7120898628515e-09
9051,5,1,217,1132,209270,0,3.30358052449368e-08
9052,5,1,189,1067,258439,0,7.43197937497654e-08
9053,5,1,221,1102,237498,0,5.0530129800082e-08
9054,5,1,217,1093,270891,0,4.12070456145325e-07
9055,5,1,205,1111,285611,0,5.72444805857833e-08
9056,5,1,233,1105,297895,0,2.16842084800282e-08
9057,5,1,205,1082,194780,0,9.98535336672758e-09
9058,5,1,221,1064,165973,0,5.06407242847907e-08
9059,5,1,205,1083,224234,0,1.50335284468725e-08
9060,5,1,228,1099,261569,0,2.63546207482659e-08
9061,5,1,238,1103,216949,0,6.00195099127181e-09
9062,5,1,209,1060,191126,0,1.05209991143506e-07
9063,5,1,180,1069,170250,0,6.60612326298508e-09
9064,5,1,190,1104,141970,0,1.23503765022613e-08
9065,5,1,222,1081,149564,0,1.17626623116315e-08
9066,5,1,234,1110,155586,0,5.68058370483315e-09
9067,5,1,242,1104,167883,0,2.02388919149165e-07
9068,5,1,208,1088,173415,0,2.32701218677601e-08
9069,5,1,218,1141,210101,0,5.22020484223578e-09
9070,5,1,228,1097,262765,0,1.83473405485907e-08
9071,5,1,225,1125,175430,0,2.57085465969564e-08
9072,5,1,221,1121,166877,0,5.85940334845147e-09
9073,5,1,211,1099,185219,0,1.52475592580031e-07
9074,5,1,212,1153,168319,0,2.68369662855663e-08
9075,5,1,212,1107,226709,0,6.37083519195026e-08
9076,5,1,228,1119,179240,0,1.11788465801074e-08
9077,5,1,247,1093,133933,0,8.66317630305315e-09
9078,5,1,234,1074,100098,0,7.34513759842963e-09
9079,5,1,236,1097,167415,0,5.72796511575994e-09
9080,5,1,249,1040,238621,0,5.45234930215227e-09
9081,5,1,222,1069,225495,0,6.07428175832032e-08
9082,5,1,229,1108,203298,0,3.71650730788615e-08
9083,5,1,209,1066,488585,0,6.63979839405516e-08
9084,5,1,247,1073,442841,0,1.32942332960866e-08
9085,5,1,248,1027,430798,0,1.56339311798318e-08
9086,5,1,236,1092,349320,0,1.68470360512874e-08
9087,5,1,240,1129,219054,0,3.35554631171201e-09
9088,5,1,225,1120,159632,0,5.07073825567895e-09
9089,5,1,212,1106,316952,0,1.47738193881574e-08
9090,5,1,233,1098,596549,0,2.43138301338397e-08
9091,5,1,223,1115,405919,0,1.728365219114e-08
9092,5,1,245,1113,374165,0,6.609141181659e-08
9093,5,1,225,1057,339802,0,1.24433782085177e-08
9094,5,1,230,1107,410967,0,2.72909145373066e-08
9095,5,1,232,1057,418145,0,3.21481703901683e-08
9096,5,1,231,1066,624583,0,3.26061730295758e-07
9097,5,1,220,1093,393023,0,1.77195212940033e-08
9098,5,1,209,1054,342782,0,3.64750395962561e-08
9099,5,1,253,1100,281605,0,1.26396823066575e-08
9100,5,1,252,1069,383708,0,7.76648246698099e-09
9101,5,1,215,1077,347089,0,2.26857405079543e-08
9102,5,1,215,1127,257783,0,4.77338179905558e-08
9103,5,1,238,1094,252850,0,4.67077469087361e-08
9104,5,1,221,1019,253402,0,1.87708009643888e-09
9105,5,1,238,1112,293704,0,3.78890505117522e-07
9106,5,1,250,1094,221312,0,1.49675402395381e-08
9107,5,1,244,1102,187736,0,8.09192868899963e-09
9108,5,1,250,1119,193860,0,1.78682560735658e-08
9109,5,1,216,1106,215665,0,1.74235866958335e-08
9110,5,1,233,1092,188398,0,1.12365517507074e-08
9111,5,1,236,1082,178311,0,6.01719130384825e-08
9112,5,1,234,1102,161959,0,3.96249341395811e-09
9113,5,1,225,1060,202425,0,5.87436310254154e-09
9114,5,1,269,1083,270404,0,1.4813785215982e-07
9115,5,1,264,1069,204177,0,4.07321114192046e-09
9116,5,1,250,1129,215001,0,1.58550516232107e-08
9117,5,1,204,1084,245050,0,1.90867717348342e-08
9118,5,1,212,1054,268961,0,2.47917545403417e-07
9119,5,1,233,1084,298867,0,1.99827845292863e-08
9120,5,1,193,1085,326015,0,4.01986348479897e-08
9121,5,1,200,1055,302219,0,2.91360668936817e-08
9122,5,1,218,1077,302186,0,4.46878034889812e-09
9123,5,1,253,1085,248319,0,2.76885219002133e-08
9124,5,1,256,1093,222765,0,1.00318514637952e-06
9125,5,1,214,1069,154602,0,6.97186155518139e-08
9126,5,1,205,1075,232136,0,2.31596208711129e-08
9127,5,1,190,1074,206260,0,2.3225815141603e-09
9128,5,1,208,1114,240090,0,1.35649113093785e-07
9129,5,1,219,1144,234827,0,4.75614038285293e-09
9130,5,1,227,1117,252591,0,2.39416992076649e-08
9131,5,1,237,1096,226094,0,4.23015221034116e-09
9132,5,1,223,1102,235342,0,1.12630022170216e-07
9133,5,1,218,1063,235237,0,7.35316778384255e-09
9134,5,1,195,1046,169146,0,4.34832903303667e-09
9135,5,1,255,1067,181665,0,9.57313434043515e-09
9136,5,1,195,1088,185747,0,1.76345960838112e-08
9137,5,1,236,1102,240310,0,6.21926648645732e-09
9138,5,1,217,1040,288666,0,1.59795240134823e-08
9139,5,1,222,1066,190455,0,3.51880579719821e-09
9140,5,1,238,1078,268955,0,2.06341175569381e-08
9141,5,1,235,1069,251169,0,6.55411016273513e-08
9142,5,1,250,1074,277816,0,2.07895702624298e-08
9143,5,1,239,1119,192243,0,7.29255738928124e-08
9144,5,1,204,1071,253624,0,4.29584197401237e-08
9145,5,1,212,1037,326599,0,1.62759572765939e-08
9146,5,1,216,1105,336538,0,3.50438765174946e-07
9147,5,1,220,1063,241914,0,2.19920856041198e-08
9148,5,1,218,1084,254832,0,1.68207359709105e-07
9149,5,1,197,1089,208467,0,1.36236032882077e-08
9150,5,1,209,1066,225273,0,3.35590358273034e-08
9151,5,1,197,1059,239240,0,5.34839633909052e-09
9152,5,1,212,1094,407579,0,1.91149179457625e-07
9153,5,1,239,1084,435738,0,2.95381651145615e-07
9154,5,1,216,1090,301510,0,6.60708906961068e-08
9155,5,1,240,1044,492584,0,6.38111482488478e-08
9156,5,1,220,1070,265411,0,1.02177605421966e-08
9157,5,1,244,1108,266503,0,3.9069208321986e-08
9158,5,1,240,1051,386947,0,1.59174835907059e-07
9159,5,1,227,1054,563549,0,4.25865533447837e-09
9160,5,1,246,1065,548553,0,3.11414071702874e-08
9161,5,1,239,1092,404937,0,1.582835618785e-08
9162,5,1,227,1065,451194,0,3.50512445756773e-09
9163,5,1,245,1105,380960,0,2.6275084757344e-08
9164,5,1,267,1060,700621,0,5.31343257400418e-08
9165,5,1,214,1094,682649,0,1.04695290347825e-08
9166,5,1,241,1030,578830,0,9.08214156973604e-09
9167,5,1,227,1083,408524,0,2.13233290580197e-08
9168,5,1,187,1087,312866,0,1.07233358838926e-08
9169,5,1,222,1090,249959,0,3.04108224092663e-09
9170,5,1,249,1092,229702,0,1.06094560167767e-07
9171,5,1,234,1055,325481,0,5.7949904829569e-09
9172,5,1,222,1083,384487,0,2.08402605180412e-08
9173,5,1,219,1034,389292,0,4.41457672269535e-09
9174,5,1,215,1109,307580,0,8.69104143589091e-08
9175,5,1,219,1094,650328,0,7.04136342202108e-09
9176,5,1,231,1044,872724,0,2.17249780511664e-08
9177,5,1,215,1106,452184,1,0.00186232720141376
9178,5,1,241,1091,340666,1,0.00186226060872917
9179,5,1,235,1105,232842,1,0.00186220410306729
9180,5,1,215,1062,249811,1,0.00186229236157149
9181,5,1,212,1113,248075,1,0.00186224719363455
9182,5,1,226,1084,282907,1,0.00186222685888113
9183,5,1,251,1079,205877,1,0.00186221426666562
9184,5,1,254,1099,239148,1,0.00186220873201349
9185,5,1,224,1133,163965,1,0.00186220890990896
9186,5,1,203,1068,183064,1,0.00186221513891359
9187,5,1,254,1045,191204,1,0.00186220723259772
9188,5,1,271,1051,287831,1,0.00186237830645207
9189,5,1,233,1045,300133,1,0.00186220260010872
9190,5,1,216,1024,246597,1,0.0018622468688912
9191,5,1,182,1032,217798,1,0.00186221167141269
9192,5,1,208,1040,245722,1,0.00186243511146981
9193,5,1,201,1066,198867,1,0.0018622759865724
9194,5,1,172,1107,237910,1,0.00186220373602472
9195,5,1,206,1062,232499,1,0.00186221228690463
9196,5,1,220,1010,205407,1,0.00186262908613201
9197,5,1,186,1071,213739,1,0.00186226999086791
9198,5,1,184,1069,173005,1,0.00186220145311604
9199,5,1,193,1054,145213,1,0.0018622146073856
9200,5,1,210,1097,179452,1,0.00186222662734828
9201,5,1,194,1026,210907,1,0.00186228943167091
9202,5,1,191,1043,227210,1,0.00186221987990123
9203,5,1,196,1040,272486,1,0.00186220450243066
9204,5,1,208,1019,196766,1,0.00186220182786089
9205,5,1,202,1036,207470,1,0.00186223288401596
9206,5,1,188,1021,337106,1,0.00186224734629391
9207,5,1,169,1038,279689,1,0.00186224903277053
9208,5,1,170,1063,348860,1,0.00186234027335468
9209,5,1,184,1008,263614,1,0.00186236458114042
9210,5,1,217,1074,230263,1,0.00186220299358209
9211,5,1,181,1046,320512,1,0.00186220416271228
9212,5,1,230,1102,327172,1,0.0018622027390087
9213,5,1,213,1094,296906,1,0.00186277722755149
9214,5,1,218,1040,243711,1,0.00186221736956267
9215,5,1,205,1032,248010,1,0.00186221124006575
9216,5,1,181,1040,227574,1,0.00186222793034788
9217,5,1,242,1029,211523,1,0.00186222465723852
9218,5,1,208,1078,226729,1,0.00186220490854068
9219,5,1,202,1088,212342,1,0.00186238435677447
9220,5,1,186,1041,251101,1,0.00186220219263721
9221,5,1,205,1053,290141,1,0.00186220061571649
9222,5,1,181,1090,224657,1,0.00186587708401534
9223,5,1,209,1095,224262,1,0.00186220291920105
9224,5,1,230,1092,326859,1,0.00186221290971927
9225,5,1,179,1075,473551,1,0.00186220517509559
9226,5,1,196,1055,217525,0,9.57755967089782e-09
9227,5,1,200,1063,280437,0,7.26187090343731e-09
9228,5,1,233,1075,291833,1,0.00186225541161315
9229,5,1,235,1086,321290,1,0.00186254060526664
9230,5,1,206,1105,254669,1,0.001862216935513
9231,5,1,225,1073,215732,1,0.00186225223469618
9232,5,1,228,1059,181976,1,0.00186221285229554
9233,5,1,220,1141,295503,1,0.00186222626975594
9234,5,1,213,1040,335774,1,0.00186247313032384
9235,5,1,224,1063,339689,1,0.00186243365669509
9236,5,1,221,1085,231295,1,0.00186222068059641
9237,5,1,243,1086,258376,1,0.00186220032525198
9238,5,1,205,1096,254432,1,0.00186223970621698
9239,5,1,251,1114,238939,1,0.00186224588288406
9240,5,1,200,1101,218374,1,0.00186246216623931
9241,5,1,213,1111,204497,1,0.00186219901106458
9242,5,1,228,1095,185626,1,0.00186221580609183
9243,5,1,231,1106,197520,1,0.00186224242490051
9244,5,1,239,1129,209570,1,0.0018622072063901
9245,5,1,208,1065,227336,1,0.00186220336268209
9246,5,1,234,1067,292590,1,0.00186220433653027
9247,5,1,228,1087,257757,1,0.0018622003877386
9248,5,1,221,1085,255948,1,0.00186221585717645
9249,5,1,234,1085,229993,1,0.00186273585559134
9250,5,1,243,1070,274422,1,0.00186226381434727
9251,5,1,255,1058,252111,1,0.0018622043329658
9252,5,1,238,1102,232992,1,0.00105745487914267
9253,5,1,242,1060,278723,1,0.00186219943510447
9254,5,1,248,1164,183457,1,0.00186239551049642
9255,5,1,241,1149,153560,1,0.00186126541739909
9256,5,1,253,1097,224714,1,0.00186249503761635
9257,5,1,225,1128,162343,1,0.00186220649156807
9258,5,1,253,1128,191214,1,0.00186233454789148
9259,5,1,225,1103,178034,1,0.00186226710281156
9260,5,1,224,1118,206444,1,0.00186220037707514
9261,5,1,215,1113,148515,1,0.00186223134113822
9262,5,1,217,1079,203430,1,0.00186222161671918
9263,5,1,245,1108,215647,1,0.00186222590653591
9264,5,1,228,1084,214070,1,0.0018622149743794
9265,5,1,220,1101,222722,1,0.00186229157622885
9266,5,1,205,1084,244752,1,0.00186234141473365
9267,5,1,229,1105,174013,1,0.00186235756066217
9268,5,1,255,1046,175598,1,0.00186220799343523
9269,5,1,236,1027,177613,1,0.00186221303930852
9270,5,1,249,1130,203382,1,0.00186223332104445
9271,5,1,245,1091,227784,1,0.00186220036007295
9272,5,1,216,1083,190340,1,0.00186220807982767
9273,5,1,219,1078,157760,1,0.0018633329032289
9274,5,1,230,1052,143078,1,0.00186226377247773
9275,5,1,232,1109,141380,1,0.00171496753160836
9276,5,1,253,1087,143666,1,0.0017987524324756
9277,5,1,248,1132,202106,1,0.00186220451295057
9278,5,1,241,1087,165553,1,0.00186222642043408
9279,5,1,220,1101,282180,1,0.00186241704437679
9280,5,1,221,1099,245624,1,0.00186220899344587
9281,5,1,250,1106,195269,1,0.00187903608420417
9282,5,1,225,1096,225219,1,0.00186223615841813
9283,5,1,222,1124,175422,1,0.00186229564921368
9284,5,1,192,1066,166787,1,0.00186224262577512
9285,5,1,196,1085,215077,1,0.0018622236407725
9286,5,1,195,1029,191981,1,0.00186225362643789
9287,5,1,195,1117,147141,1,0.0018622095856673
9288,5,1,219,1096,160318,1,0.00186223545754275
9289,5,1,209,1062,226493,1,0.00186220614306513
9290,5,1,250,1074,171871,1,0.0018625385145558
9291,5,1,239,1065,163065,1,0.00186221129173838
9292,5,1,255,1043,262675,1,0.00186237289989522
9293,5,1,242,1102,204450,1,0.00186231072118135
9294,5,1,243,1063,192528,1,0.00185680865967111
9295,5,1,203,1076,184439,1,0.00186220259920492
9296,5,1,216,1137,290011,1,0.00186220521955866
9297,5,1,232,1070,219843,1,0.00186220869087187
9298,5,1,195,1109,213462,1,0.00186235512997106
9299,5,1,242,1100,240455,1,0.0018626307460856
9300,5,1,211,1076,285920,1,0.00186236382640129
9301,5,1,218,1034,252346,1,0.00186223781677257
9302,5,1,255,1072,261569,1,0.00186221033884667
9303,5,1,226,1080,238247,1,0.00186224258300473
9304,5,1,191,1068,139705,1,0.00186221779050929
9305,5,1,225,1080,165973,1,0.00186225265365182
9306,5,1,209,1083,140852,1,0.00186381223506564
9307,5,1,226,1146,146850,1,0.00186205642176139
9308,5,1,259,1063,202998,1,8.4912970354292e-06
9309,5,1,235,1057,161350,1,0.00186217066818628
9310,5,1,232,1100,147565,1,0.00175811770517022
9311,5,1,234,1084,167816,1,0.00186227183317656
9312,5,1,226,1044,202197,1,0.00186220532614648
9313,5,1,237,1075,150146,1,0.00186221496656387
9314,5,1,243,1027,164474,1,0.00186221188402779
9315,5,1,234,1124,138635,1,0.00186221010914701
9316,5,1,209,1077,173361,1,0.00186227627351004
9317,5,1,222,1075,141199,1,0.00186220040481706
9318,5,1,223,1065,136703,1,0.00186228986913958
9319,5,1,247,1091,109765,1,0.0018622084691111
9320,5,1,201,1127,135926,1,0.00186253407662573
9321,5,1,238,1048,124596,1,0.00186221437580499
9322,5,1,224,1117,184834,1,0.00186223429227698
9323,5,1,218,1076,203501,1,0.00186236011450533
9324,5,1,237,1094,150440,1,0.00186229979245724
9325,5,1,261,1109,182475,1,0.0018622739285599
9326,5,1,240,1111,178298,1,0.00186221923251942
9327,5,1,217,1075,158604,1,0.00186221193466046
9328,5,1,197,1098,235585,1,0.00186258550390169
9329,5,1,215,1037,204543,1,0.00186224758730344
9330,5,1,213,1102,218684,1,0.00186220158865211
9331,5,1,213,1095,248788,1,0.00186223883867629
9332,5,1,228,1095,349737,1,0.0018624003115623
9333,5,1,223,1123,298192,1,0.0018622060869679
9334,5,1,228,1078,275116,1,0.00186223686731854
9335,5,1,197,1099,215273,1,0.00186221807943985
9336,5,1,226,1096,143195,1,0.00186221013978651
9337,5,1,204,1079,160514,1,0.00186223413769383
9338,4,1,239,1064,179738,0,0.000239942983258679
9339,4,1,99,835,157127,0,5.75377601845805e-08
9340,4,1,86,863,187231,0,1.51097540957545e-07
9341,4,1,91,880,208377,0,1.45944351977063e-08
9342,4,1,91,884,225844,0,8.09654431325078e-08
9343,4,1,88,888,170870,0,5.13832528992249e-09
9344,4,1,87,850,280506,0,3.82298694279103e-07
9345,4,1,98,864,200122,0,3.80860970676929e-07
9346,4,1,92,885,189002,0,2.3234882748247e-08
9347,4,1,86,822,247228,0,1.5671100544013e-08
9348,4,1,98,841,193011,0,1.84334909488195e-08
9349,4,1,94,856,140241,0,1.36357368494192e-08
9350,4,1,107,835,202849,0,6.23387250214023e-09
9351,4,1,92,851,141924,0,2.12383158044426e-09
9352,4,1,102,889,112295,0,1.96178035354861e-08
9353,4,1,129,860,144948,0,2.25336366608843e-08
9354,4,1,115,873,174296,0,3.88059058590388e-08
9355,4,1,95,887,175530,0,5.76089741601779e-08
9356,4,1,71,815,170081,0,4.10438498872575e-09
9357,4,1,91,847,219117,0,5.5457665960884e-08
9358,4,1,107,867,197888,0,9.08056491431149e-09
9359,4,1,85,876,158004,0,6.20245688371489e-09
9360,4,1,100,835,106831,0,1.82765368820901e-08
9361,4,1,106,845,127993,0,2.53585261408663e-08
9362,4,1,131,879,129549,0,2.35898636862956e-08
9363,4,1,86,870,172804,0,9.12171442641166e-08
9364,4,1,101,854,261505,0,3.379891227651e-08
9365,4,1,107,856,185089,0,1.14973923368363e-08
9366,4,1,82,835,159810,0,6.59662907267692e-08
9367,4,1,95,816,231185,0,1.68718088025033e-07
9368,4,1,78,850,144934,0,5.79546374068444e-08
9369,4,1,99,840,146430,0,6.90531591421066e-09
9370,4,1,102,885,149162,0,8.91715055559995e-09
9371,4,1,93,863,138544,0,3.67879161452777e-08
9372,4,1,100,802,145129,0,5.54949793324424e-08
9373,4,1,99,838,134069,0,3.7186782318299e-08
9374,4,1,102,831,117277,0,3.03369151662973e-09
9375,4,1,100,874,142595,0,1.14460601134074e-07
9376,4,1,90,870,136212,0,1.35264916391891e-08
9377,4,1,85,852,174261,0,9.43108339676492e-09
9378,4,1,74,827,175702,0,4.45084533989796e-09
9379,4,1,93,863,150031,0,6.26964849260928e-08
9380,4,1,100,878,118942,0,4.82866935960604e-09
9381,4,1,96,837,129792,0,4.42830031194702e-09
9382,4,1,119,862,148448,0,1.53965565979245e-08
9383,4,1,101,860,149734,0,1.34207547577568e-08
9384,4,1,93,863,181156,0,2.87883387763769e-08
9385,4,1,109,909,127911,0,5.15767910600811e-09
9386,4,1,84,868,132211,0,1.26980303033673e-08
9387,4,1,92,861,181134,0,0.000369761434390407
9388,4,1,88,843,198505,0,1.28883123812596e-08
9389,4,1,103,860,164387,0,3.101196553638e-09
9390,4,1,93,842,154991,0,2.68947233406076e-08
9391,4,1,82,895,280265,0,6.88374435912393e-09
9392,4,1,82,865,169162,0,5.20990792236482e-08
9393,4,1,114,877,120961,0,1.62027644389166e-08
9394,4,1,87,897,128606,0,1.25461493573014e-07
9395,4,1,113,836,156239,0,5.00537497342018e-08
9396,4,1,79,838,167225,0,1.48423624433342e-07
9397,4,1,96,837,156654,0,2.67904860422411e-08
9398,4,1,77,877,117441,0,1.31032879320023e-08
9399,4,1,90,824,130662,0,1.14817822143558e-08
9400,4,1,89,859,188206,0,5.39538807419564e-09
9401,4,1,98,900,195230,0,2.05277435850383e-08
9402,4,1,108,867,163723,0,2.97931708014389e-09
9403,4,1,105,863,145031,0,1.26922303708217e-08
9404,4,1,97,873,217495,0,1.8416297777716e-09
9405,4,1,89,828,192103,0,2.42174512166613e-07
9406,4,1,77,836,145873,0,5.11132882384502e-09
9407,4,1,96,885,174944,0,7.08327583803782e-09
9408,4,1,96,855,192828,0,1.64777676530925e-08
9409,4,1,81,845,188833,0,2.0620316950144e-09
9410,4,1,95,824,195169,0,6.78246975513381e-09
9411,4,1,105,851,203495,0,5.15941043688977e-07
9412,4,1,87,911,145181,0,4.5961528623728e-08
9413,4,1,99,838,136174,0,1.05699246654603e-08
9414,4,1,104,859,122649,0,5.15990553593542e-09
9415,4,1,110,900,116179,0,9.72133822022525e-09
9416,4,1,112,810,143822,0,2.04196121507296e-08
9417,4,1,96,893,168333,0,2.11663116999739e-08
9418,4,1,105,867,184613,0,2.36379297241731e-09
9419,4,1,105,897,118368,0,2.46120530341593e-07
9420,4,1,112,833,148411,0,1.6838372633644e-08
9421,4,1,113,851,143234,0,7.04955745023012e-09
9422,4,1,119,833,141257,0,3.01597331497236e-08
9423,4,1,91,864,182536,0,2.77568473529719e-08
9424,4,1,97,855,228518,0,9.34843174857047e-09
9425,4,1,84,845,167977,0,5.17774087437695e-07
9426,4,1,80,832,201224,0,1.00651459615295e-06
9427,4,1,92,835,197476,0,5.48255733388158e-09
9428,4,1,110,833,211557,0,3.36145426334476e-08
9429,4,1,96,857,158514,0,2.67369213755863e-07
9430,4,1,117,852,193160,0,4.81600542727862e-08
9431,4,1,117,861,201026,0,7.77025501854154e-09
9432,4,1,112,883,208885,0,2.28770947382896e-08
9433,4,1,90,866,131453,0,2.23941606422232e-08
9434,4,1,97,835,134976,0,1.50683414011666e-07
9435,4,1,90,873,142331,0,6.12725736593983e-07
9436,4,1,78,841,117604,0,1.20895303983517e-06
9437,4,1,99,829,123547,0,1.95466197065203e-09
9438,4,1,113,861,143952,0,9.61272034078911e-09
9439,4,1,101,844,187536,0,1.09818442933668e-08
9440,4,1,90,831,195228,0,6.52024025505498e-08
9441,4,1,89,881,207167,0,8.21379288866089e-08
9442,4,1,96,902,193352,0,6.43492764334977e-09
9443,4,1,110,900,144626,0,9.67039352085328e-09
9444,4,1,101,891,167898,0,1.18392948294272e-08
9445,4,1,107,841,145560,0,1.05972198560136e-08
9446,4,1,100,863,136524,0,9.39744563306407e-08
9447,4,1,84,875,140575,0,4.77585160104782e-08
9448,4,1,100,841,129943,0,2.3251540971286e-05
9449,4,1,95,874,165834,0,2.86434392025098e-09
9450,4,1,97,874,114482,0,1.98422757131721e-08
9451,4,1,100,855,166623,0,4.09336948583415e-09
9452,4,1,84,827,155537,0,5.61704245370114e-09
9453,4,1,97,824,223427,0,6.09735157815599e-09
9454,4,1,76,832,209919,0,5.18947101917083e-09
9455,4,1,87,818,217614,0,1.45765297339461e-09
9456,4,1,83,866,201615,0,7.57238226518899e-09
9457,4,1,99,846,236617,0,5.51508270822838e-08
9458,4,1,124,837,232786,0,2.59756219565518e-08
9459,4,1,92,811,157716,0,1.23288619089478e-07
9460,4,1,84,867,150128,0,3.29866995167988e-08
9461,4,1,82,859,251943,0,3.15955666482567e-08
9462,4,1,99,817,205934,0,8.95840742237452e-08
9463,4,1,85,856,238487,0,9.00705022317175e-07
9464,4,1,89,836,246990,0,1.03717960906927e-08
9465,4,1,101,790,218589,0,2.09530008757897e-07
9466,4,1,105,803,163984,0,1.16183715023304e-08
9467,4,1,105,843,152213,0,7.01916317129798e-09
9468,4,1,94,835,204831,0,3.0729897582683e-08
9469,4,1,75,831,173709,0,3.43184840776521e-08
9470,4,1,78,841,155481,0,8.91837739125215e-09
9471,4,1,91,814,151154,0,2.45489743754317e-09
9472,4,1,96,839,128520,0,6.25900276381252e-08
9473,4,1,90,857,131122,0,1.61595829284005e-07
9474,4,1,91,836,149872,0,8.6173113533939e-09
9475,4,1,109,865,192495,0,1.68084358179098e-07
9476,4,1,77,815,428577,0,3.18874974207216e-08
9477,4,1,97,868,280603,0,1.97406786002304e-08
9478,4,1,97,873,286850,0,1.18933982484786e-08
9479,4,1,78,845,216507,0,7.93129055936386e-09
9480,4,1,100,781,199246,0,6.17860389738469e-09
9481,4,1,100,838,473613,0,8.58778995989843e-08
9482,4,1,112,859,315452,0,5.56066344490114e-08
9483,4,1,81,840,208534,0,1.67885745871565e-08
9484,4,1,62,853,235105,0,1.00514872671263e-08
9485,4,1,79,834,241154,0,1.71320136455053e-07
9486,4,1,86,852,213284,0,1.69573832294158e-08
9487,4,1,75,861,187517,0,6.65907659449895e-09
9488,4,1,97,850,304103,0,1.12503136329046e-07
9489,4,1,99,830,228829,0,1.07033708115484e-08
9490,4,1,69,846,241894,0,1.36718245460469e-08
9491,4,1,98,837,254616,0,8.4130255741938e-09
9492,4,1,78,836,224556,0,1.12865811220739e-07
9493,4,1,89,859,243065,0,3.85183021924794e-07
9494,4,1,88,846,232149,0,3.89855003607039e-09
9495,4,1,89,826,372803,0,1.85632175346957e-08
9496,4,1,85,857,489410,0,1.1136015844317e-08
9497,4,1,89,814,473198,0,7.92217947149585e-09
9498,4,1,92,820,718627,0,1.64301127769444e-08
9499,4,1,79,833,743336,0,1.25857255549287e-08
9500,4,1,78,825,517614,0,3.30705439602033e-09
9501,4,1,81,847,567952,0,1.3955809710029e-08
9502,4,1,94,802,824699,0,2.96863525100594e-09
9503,4,1,100,848,295724,0,7.89267521017119e-09
9504,4,1,85,825,230132,0,2.90966481864949e-07
9505,4,1,79,779,186879,0,9.22009134180847e-08
9506,4,1,78,817,187909,0,3.9996386794842e-08
9507,4,1,101,845,267833,0,3.1598907117072e-08
9508,4,1,72,804,184353,0,4.44447043501576e-08
9509,4,1,111,846,208684,0,1.05689785740363e-08
9510,4,1,105,825,176206,0,8.25201318432171e-09
9511,4,1,90,816,179939,0,2.42558270665967e-08
9512,4,1,86,829,186813,0,5.63757821144128e-08
9513,4,1,92,854,207533,0,3.24222471778536e-08
9514,4,1,85,853,269946,0,5.0151086454154e-07
9515,4,1,85,799,301536,0,1.19194062808139e-08
9516,4,1,88,819,228841,0,4.68152799213497e-07
9517,4,1,86,849,178312,0,4.32615927331472e-08
9518,4,1,85,856,361962,0,1.69859582149111e-07
9519,4,1,74,824,217696,0,7.96832809075831e-08
9520,4,1,97,818,210140,0,4.91581041254802e-08
9521,4,1,86,816,224651,0,6.85920834042339e-09
9522,4,1,79,788,206200,0,6.65154369197817e-07
9523,4,1,73,819,210118,0,8.50384444900972e-09
9524,4,1,80,886,210596,0,4.39977523277782e-09
9525,4,1,91,862,329035,0,2.55045485557417e-08
9526,4,1,82,832,356065,0,4.30277634769715e-08
9527,4,1,91,863,248318,0,4.83516303838052e-09
9528,4,1,117,869,282732,0,1.24051824010306e-08
9529,4,1,93,840,177866,0,9.15286419260879e-08
9530,4,1,108,898,173670,0,2.03581851460148e-09
9531,4,1,83,878,168008,0,1.32240032856752e-07
9532,4,1,110,870,210513,0,9.91809527575033e-09
9533,4,1,90,847,219216,0,2.1684506981073e-09
9534,4,1,95,861,164819,0,4.16775862433535e-08
9535,4,1,94,846,244639,0,8.40670809030111e-08
9536,4,1,90,841,175236,0,7.31330721582696e-09
9537,4,1,94,822,172836,0,2.16063929671453e-07
9538,4,1,104,834,200549,0,2.20883562247555e-07
9539,4,1,98,865,163688,0,3.0834613250757e-08
9540,4,1,110,842,171585,0,3.50520678717372e-07
9541,4,1,122,888,183227,0,5.09690163152127e-09
9542,4,1,94,851,156840,0,1.05279063044908e-08
9543,4,1,116,824,141971,0,2.08817302976243e-06
9544,4,1,80,875,134495,0,9.5268830006822e-09
9545,4,1,106,893,132505,0,2.68284576705227e-08
9546,4,1,104,825,133036,0,1.35082532922972e-08
9547,4,1,144,848,224538,0,2.18175407684425e-08
9548,4,1,75,860,121045,0,2.00437914355719e-08
9549,4,1,85,884,148993,0,3.55846660284739e-09
9550,4,1,85,875,148801,0,7.69370642147448e-09
9551,4,1,87,843,226388,0,4.23227532431614e-09
9552,4,1,92,884,276923,0,3.36127116427574e-08
9553,4,1,92,879,244826,0,4.00481709367865e-09
9554,4,1,100,834,235831,0,2.14002424112001e-09
9555,4,1,91,856,212620,0,4.56038214976732e-08
9556,4,1,89,858,224243,0,2.62884518553239e-09
9557,4,1,86,859,157226,0,3.9918834324348e-07
9558,4,1,101,851,169195,0,6.05747615061664e-09
9559,4,1,104,887,149678,0,1.66413467545277e-07
9560,4,1,101,828,164211,0,1.17172812978902e-08
9561,4,1,87,831,172066,0,6.34411683831832e-09
9562,4,1,79,833,155172,0,1.42516156335846e-08
9563,4,1,93,871,169929,0,1.7493549742562e-08
9564,4,1,90,883,190640,0,3.05165815473727e-08
9565,4,1,88,839,153999,0,3.0271388961329e-08
9566,4,1,106,828,152908,0,1.83769077907878e-06
9567,4,1,73,827,163377,0,1.080969776745e-08
9568,4,1,68,798,155174,0,4.02458487340154e-08
9569,4,1,71,822,178645,0,2.38605056598189e-07
9570,4,1,98,818,186619,0,5.83792464649277e-08
9571,4,1,73,804,189822,0,2.53224515026819e-07
9572,4,1,97,856,170156,0,8.09527472369668e-07
9573,4,1,96,838,256336,0,3.45246411876526e-08
9574,4,1,89,850,183075,0,5.33552977998323e-09
9575,4,1,89,796,205253,0,5.36859098998003e-09
9576,4,1,85,805,213808,0,2.90780029439701e-08
9577,4,1,75,797,150727,0,4.11753108751528e-09
9578,4,1,89,843,167146,0,3.45667759820828e-08
9579,4,1,90,834,163528,0,2.38824177498301e-07
9580,4,1,87,831,177411,0,2.07305709323303e-07
9581,4,1,85,823,230444,0,2.44514872207966e-07
9582,4,1,90,809,190244,0,2.1076448117799e-08
9583,4,1,103,854,277069,0,7.65573628769145e-08
9584,4,1,85,841,285999,0,5.23168154276744e-09
9585,4,1,98,841,245249,0,1.97611537781896e-08
9586,4,1,97,844,201332,0,1.3369807464775e-08
9587,4,1,93,870,256440,0,4.9530753062994e-08
9588,4,1,118,839,222664,0,1.17741852994204e-08
9589,4,1,80,852,262565,0,3.73394429373552e-08
9590,4,1,93,833,454728,0,2.16353391132215e-08
9591,4,1,80,824,369973,0,4.77860661786041e-08
9592,4,1,89,816,197052,0,1.40589303449037e-07
9593,4,1,101,813,258987,0,1.29507092746905e-08
9594,4,1,81,795,222253,0,3.1856065157682e-08
9595,4,1,93,840,217729,0,2.26688714365185e-08
9596,4,1,76,833,217926,0,8.34885769647094e-09
9597,4,1,79,841,210662,0,6.87394134168209e-09
9598,4,1,94,885,139081,0,3.32629226384653e-09
9599,4,1,115,888,129988,0,8.47379629880425e-09
9600,4,1,92,833,136417,0,2.94982233479336e-09
9601,4,1,73,858,153183,0,5.02472001034678e-09
9602,4,1,81,839,153489,0,5.69869610436417e-08
9603,4,1,75,858,337326,0,1.01745411835445e-08
9604,4,1,95,818,226248,0,2.05973950362505e-08
9605,4,1,88,900,180394,0,7.00760152968797e-08
9606,4,1,88,873,174420,0,4.71465287243594e-09
9607,4,1,94,892,192506,0,4.77711570040875e-08
9608,4,1,97,864,179622,0,3.894290426676e-08
9609,4,1,95,825,195452,0,5.28661809904138e-08
9610,4,1,71,833,142661,0,2.3184360965781e-07
9611,4,1,95,825,157458,0,7.8028982351276e-07
9612,4,1,93,832,192328,0,3.28395352013057e-08
9613,4,1,75,803,133069,0,4.1078232751148e-08
9614,4,1,93,843,147598,0,3.87734722139323e-09
9615,4,1,77,873,175954,0,2.4374927866424e-07
9616,4,1,91,842,153314,0,3.78087794828871e-09
9617,4,1,92,828,216983,0,9.79199080952191e-09
9618,4,1,87,856,153082,0,8.88105417474492e-09
9619,4,1,109,873,142266,0,4.99770126531013e-07
9620,4,1,99,874,156378,0,1.00283737252545e-08
9621,4,1,82,846,171488,0,6.57176337373848e-09
9622,4,1,103,830,179563,0,3.44097792046728e-08
9623,4,1,85,884,166446,0,1.01205986596502e-08
9624,4,1,97,840,225485,0,1.27912710034687e-07
9625,4,1,97,871,254608,0,1.07849152556637e-08
9626,4,1,98,887,162757,0,5.01523023978219e-08
9627,4,1,87,870,172159,0,2.26811482826933e-06
9628,4,1,95,880,159577,0,4.94249095697956e-09
9629,4,1,111,906,200499,0,2.56401592107471e-08
9630,4,1,104,847,241160,0,2.04133181353254e-08
9631,4,1,73,858,180967,0,7.11963325262642e-07
9632,4,1,75,833,177162,0,9.50148388597613e-09
9633,4,1,72,844,173095,0,3.93415477065036e-09
9634,4,1,94,835,194991,0,3.70840001119604e-08
9635,4,1,109,875,204490,0,3.83907320157133e-09
9636,4,1,81,854,234787,0,1.8986390642881e-08
9637,4,1,90,879,195607,0,1.19969727373065e-08
9638,4,1,105,839,225562,0,8.84054496077062e-09
9639,4,1,91,868,252945,0,6.38135610577854e-09
9640,4,1,114,847,274925,0,9.32072589474334e-09
9641,4,1,81,840,288028,0,1.56318810132529e-07
9642,4,1,105,839,309933,0,1.03455769427779e-08
9643,4,1,101,868,279318,0,2.58828843900753e-07
9644,4,1,88,893,227481,0,1.37878452522099e-07
9645,4,1,101,873,161695,0,7.06825990258123e-07
9646,4,1,86,861,187952,0,1.06800610418702e-08
9647,4,1,84,827,201828,0,1.27456885601057e-07
9648,4,1,99,843,194374,0,6.10659721129675e-09
9649,4,1,87,883,167589,0,2.20567928069471e-08
9650,4,1,82,857,177053,0,2.50692216770352e-07
9651,4,1,105,854,244355,0,9.07179558559265e-09
9652,4,1,102,888,235934,0,2.91829518028472e-08
9653,4,1,87,849,206897,0,1.4344495495663e-08
9654,4,1,104,834,250657,0,3.94767349559607e-09
9655,4,1,103,860,249166,0,2.4774324798706e-08
9656,4,1,100,883,296892,0,1.386913726467e-08
9657,4,1,106,901,326707,0,2.08541666679408e-08
9658,4,1,98,853,294529,0,1.32652867307086e-08
9659,4,1,116,893,308793,0,1.61689306498425e-08
9660,4,1,87,856,293175,0,1.9309210748856e-07
9661,4,1,100,862,261415,0,4.42988939229396e-09
9662,4,1,105,852,244313,0,3.50079401191938e-08
9663,4,1,122,831,343378,0,7.43935233343583e-09
9664,4,1,124,865,440166,0,2.12486214526219e-07
9665,4,1,128,835,345483,0,1.4295459171751e-08
9666,4,1,120,886,314322,0,2.46786857322111e-08
9667,4,1,93,824,296680,0,1.953351529002e-09
9668,4,1,82,846,360786,0,2.20208746482797e-09
9669,4,1,107,843,316201,0,1.05145338723235e-07
9670,4,1,109,814,289644,0,1.35752806375936e-07
9671,4,1,94,856,309379,0,2.6122340059731e-08
9672,4,1,96,806,310037,0,4.55400924549726e-07
9673,4,1,103,904,202807,0,7.77931073090949e-07
9674,4,1,101,850,219852,0,6.45927953495843e-09
9675,4,1,80,867,234850,0,4.05913829496196e-06
9676,4,1,104,850,223666,0,2.26353832267933e-07
9677,4,1,96,880,235439,0,3.67444463634479e-07
9678,4,1,84,879,243669,0,1.1884553132493e-08
9679,4,1,89,867,244266,0,8.4824911225396e-09
9680,4,1,106,907,332243,0,2.42893525024208e-08
9681,4,1,111,854,324180,0,4.9762512938343e-08
9682,4,1,101,864,264110,0,1.44235113851483e-06
9683,4,1,102,855,219561,0,9.95409702782561e-06
9684,4,1,109,843,291807,0,1.83723777108468e-08
9685,4,1,92,873,256799,0,3.69349089543016e-09
9686,4,1,111,889,334533,0,2.47358047807585e-08
9687,4,1,95,871,279937,0,1.94429629363987e-08
9688,4,1,93,852,260505,0,1.0925468137977e-08
9689,4,1,111,819,206247,0,2.07678299948125e-07
9690,4,1,84,872,264851,0,2.81781169659013e-09
9691,4,1,97,908,186620,0,2.38688828731572e-08
9692,4,1,79,835,245263,0,1.140399283611e-08
9693,4,1,85,895,236232,0,4.35966181189608e-08
9694,4,1,106,887,297287,0,9.36640028759716e-07
9695,4,1,98,896,308856,0,5.55998452749767e-09
9696,4,1,88,866,271730,0,5.21808962680019e-07
9697,4,1,106,846,274363,0,3.52503246912385e-07
9698,4,1,77,826,224304,0,1.22525187172646e-08
9699,4,1,133,863,256425,0,1.7475991338802e-09
9700,4,1,98,831,234794,0,3.39600488401952e-09
9701,4,1,93,859,242740,0,3.24134657523096e-08
9702,4,1,100,834,273963,0,1.03999064146471e-06
9703,4,1,96,892,281934,0,2.86999841618725e-08
9704,4,1,97,809,434209,0,3.19901936971537e-08
9705,4,1,88,876,319315,0,9.69060039344391e-09
9706,4,1,99,843,248816,0,4.64217714960802e-05
9707,4,1,81,882,246719,0,1.98388285535461e-08
9708,4,1,116,881,291203,0,5.27813443843674e-07
9709,4,1,108,886,347121,0,5.56041047772901e-09
9710,4,1,121,883,355546,0,1.21052766453429e-08
9711,4,1,90,925,204940,0,2.60615345055154e-07
9712,4,1,89,883,231577,0,1.00570848111326e-08
9713,4,1,80,898,200966,0,1.81569198527449e-08
9714,4,1,91,850,187139,0,8.99496609476853e-08
9715,4,1,103,855,150620,0,1.54867421617139e-09
9716,4,1,109,853,255858,0,3.00172103321031e-08
9717,4,1,108,874,285230,0,9.71517400386241e-09
9718,4,1,102,909,313426,0,7.55447046484854e-07
9719,4,1,83,846,335723,0,3.62077951258422e-08
9720,4,1,78,838,340384,0,1.86245135826351e-07
9721,4,1,81,851,257682,0,2.89605887606339e-08
9722,4,1,97,865,226857,0,1.57007468113993e-08
9723,4,1,99,909,235954,0,1.09312896429723e-08
9724,4,1,92,859,174320,0,4.49242182460878e-09
9725,4,1,103,894,168424,0,1.27394226685204e-07
9726,4,1,113,907,253908,0,8.6522786930352e-08
9727,4,1,77,892,384866,0,2.43261796506622e-08
9728,4,1,97,890,328759,0,7.29038479627431e-07
9729,4,1,85,876,244475,0,1.66990789683369e-08
9730,4,1,94,851,295924,0,2.41471059431061e-08
9731,4,1,94,872,301350,0,1.60782527489795e-08
9732,4,1,94,864,311061,0,1.10903933685182e-08
9733,4,1,83,933,298098,0,9.2963134292832e-09
9734,4,1,97,852,330065,0,1.39333140720076e-07
9735,4,1,89,882,285193,0,4.1810331702715e-08
9736,4,1,88,840,215779,0,6.95951138378345e-09
9737,4,1,94,873,197732,0,1.80926653071656e-08
9738,4,1,81,828,214501,0,1.93300228810897e-09
9739,4,1,71,828,251544,0,2.61585428584577e-08
9740,4,1,96,859,263197,0,7.8199332934299e-07
9741,4,1,97,859,289758,0,4.8492409310913e-08
9742,4,1,83,810,214071,0,5.65116292546236e-09
9743,4,1,91,845,230135,0,7.49900630694714e-09
9744,4,1,110,848,285029,0,1.04159067315243e-08
9745,4,1,93,836,256212,0,4.35406219242539e-08
9746,4,1,73,855,246423,0,2.30305560319803e-08
9747,4,1,78,833,273329,0,4.01441039604804e-09
9748,4,1,69,804,273981,0,1.46481762311367e-08
9749,4,1,93,884,241455,0,1.08451137885177e-08
9750,4,1,78,899,171135,0,1.56214655599001e-08
9751,4,1,83,862,175985,0,2.05122035271409e-08
9752,4,1,89,840,200288,0,1.02496588178554e-07
9753,4,1,81,867,182830,0,7.2689239484307e-09
9754,4,1,72,838,193006,0,4.413106589137e-09
9755,4,1,107,861,237596,0,1.903922857842e-08
9756,4,1,111,846,215970,0,1.09065284779414e-07
9757,4,1,94,826,313564,0,1.32076936854091e-08
9758,4,1,127,904,278246,0,4.38272399397463e-09
9759,4,1,112,844,292455,0,2.97542999684616e-09
9760,4,1,106,918,259437,0,1.52577251962575e-07
9761,4,1,103,865,240357,0,2.61165153491688e-08
9762,4,1,126,846,327482,0,7.97830467738648e-08
9763,4,1,64,836,257153,0,1.32719943863864e-07
9764,4,1,93,835,315748,0,3.13511933663423e-09
9765,4,1,104,914,240853,0,1.98105190325093e-08
9766,4,1,107,874,323179,0,3.05753855783317e-09
9767,4,1,116,807,311718,0,1.09627952497478e-08
9768,4,1,113,862,261521,0,3.83633472895406e-09
9769,4,1,88,879,283587,0,4.65966202008112e-08
9770,4,1,88,871,255546,0,5.54078488559458e-08
9771,4,1,82,865,253574,0,5.23112362200943e-09
9772,4,1,87,878,241831,0,7.28684724388134e-09
9773,4,1,66,931,242104,0,7.75430593915739e-09
9774,4,1,81,847,245005,0,1.41926486341282e-08
9775,4,1,103,859,229571,0,2.43816637105487e-08
9776,4,1,88,877,249343,0,8.34357619806141e-09
9777,4,1,101,855,231116,0,1.48637852386821e-08
9778,4,1,74,858,211298,0,1.65816974691042e-08
9779,4,1,94,852,292937,0,3.34081246560446e-08
9780,4,1,118,834,227529,0,2.5938979813703e-08
9781,4,1,79,840,270637,0,3.43676969790864e-09
9782,4,1,85,851,259699,0,1.80867839138493e-08
9783,4,1,71,921,253896,0,2.25940083715922e-07
9784,4,1,85,889,337356,0,1.3531430355098e-06
9785,4,1,105,867,304805,0,1.05191454437945e-08
9786,4,1,94,891,310824,0,1.38452541877217e-08
9787,4,1,96,868,244017,0,3.88608558365022e-07
9788,4,1,110,856,302795,0,3.64703081133853e-09
9789,4,1,125,891,353595,0,1.14809244329535e-07
9790,4,1,83,888,342167,0,6.7000928914043e-08
9791,4,1,88,858,229266,0,1.61184368244637e-08
9792,4,1,93,842,313781,0,9.39258989192407e-09
9793,4,1,96,876,392748,0,1.90504358881654e-08
9794,4,1,80,864,353820,0,6.38632323199827e-09
9795,4,1,112,864,333393,0,1.26982256001861e-08
9796,4,1,102,850,340878,0,1.49784697556802e-07
9797,4,1,102,818,328109,0,7.14095191972353e-09
9798,4,1,105,856,249776,0,6.47378204460171e-08
9799,4,1,97,842,266252,0,2.8286876194607e-08
9800,4,1,74,882,242909,0,7.27182169102655e-08
9801,4,1,99,924,238525,0,1.54285916317111e-08
9802,4,1,89,860,342136,0,3.70630106305241e-08
9803,4,1,89,880,338756,0,3.751770691851e-09
9804,4,1,91,869,299809,0,3.42977703212951e-08
9805,4,1,66,875,233442,0,5.13490728881099e-09
9806,4,1,108,876,244660,0,1.12090745325917e-07
9807,4,1,86,867,290094,0,8.13180137554574e-09
9808,4,1,102,881,320036,0,5.07080588664913e-09
9809,4,1,97,887,257996,0,4.07107063711894e-09
9810,4,1,88,831,218436,0,1.09552024499863e-07
9811,4,1,86,901,255563,0,1.64162062835524e-07
9812,4,1,91,858,241984,0,7.44940142865556e-09
9813,4,1,82,893,228813,0,9.50092896122884e-09
9814,4,1,112,886,242777,0,3.42966269087284e-09
9815,4,1,102,869,266054,0,8.32337680140288e-08
9816,4,1,117,872,272939,0,1.00671189768393e-06
9817,4,1,108,899,243497,0,3.14721263656703e-07
9818,4,1,86,878,304525,0,3.81798422459255e-08
9819,4,1,87,870,256364,0,6.08515354401091e-09
9820,4,1,94,865,264329,0,1.25301586262408e-08
9821,4,1,95,869,263372,0,3.02378590663932e-09
9822,4,1,85,873,271836,0,7.33211598614984e-09
9823,4,1,88,926,321875,0,1.77536279177647e-07
9824,4,1,105,863,436134,0,5.12112078282461e-07
9825,4,1,97,861,327283,0,5.80778804325156e-09
9826,4,1,102,887,341449,0,4.92761206934008e-09
9827,4,1,90,859,391937,0,6.53036165761572e-09
9828,4,1,115,905,358596,0,4.92715213090426e-09
9829,4,1,97,899,284120,0,1.1423584215499e-06
9830,4,1,103,860,360251,0,2.73565523821636e-08
9831,4,1,98,854,330550,0,7.87897506571689e-09
9832,4,1,99,859,265207,0,2.270239267986e-08
9833,4,1,120,839,290875,0,1.30632691250984e-08
9834,4,1,95,871,316134,0,2.31089086321544e-08
9835,4,1,116,839,244048,0,9.8032478588605e-08
9836,4,1,99,841,224141,0,3.20163534939104e-08
9837,4,1,132,851,291952,0,1.24411874862651e-08
9838,4,1,95,872,283342,0,6.03664428804718e-08
9839,4,1,85,884,272047,0,9.28525019301891e-08
9840,4,1,109,861,297987,0,2.46686069620708e-09
9841,4,1,91,903,275674,0,3.50537942611715e-08
9842,4,1,84,892,254171,0,5.92261555372544e-09
9843,4,1,102,867,296673,0,9.69885996965434e-08
9844,4,1,123,869,254592,0,4.27084111844615e-08
9845,4,1,116,862,236033,0,1.65259353733255e-08
9846,4,1,94,866,264922,0,8.87819924495448e-08
9847,4,1,93,871,321940,0,6.92453049349888e-09
9848,4,1,111,862,344700,0,2.2780603937394e-08
9849,4,1,103,891,305958,0,4.37871840854335e-09
9850,4,1,103,890,400709,0,6.47084095206758e-09
9851,4,1,94,866,325953,0,3.02556000224501e-08
9852,4,1,82,894,287351,0,1.34440673686726e-08
9853,4,1,114,866,365066,0,1.59261003784654e-08
9854,4,1,97,882,344255,0,2.61950621286417e-08
9855,4,1,127,846,303911,0,5.16288721176635e-09
9856,4,1,115,855,291151,0,3.87734934169389e-06
9857,4,1,109,883,498070,0,2.40736093269131e-08
9858,4,1,126,878,350202,0,1.07860844686808e-08
9859,4,1,91,891,246207,0,6.88917913719947e-09
9860,4,1,100,871,294963,0,3.96013728326268e-08
9861,4,1,89,894,285752,0,4.17747384674341e-07
9862,4,1,95,855,261215,0,1.76711833959304e-08
9863,4,1,132,842,323705,0,3.40053521691898e-08
9864,4,1,90,862,277037,0,2.68834004315124e-08
9865,4,1,87,896,325988,0,6.82363952740904e-09
9866,4,1,107,872,302487,0,1.16644202324338e-07
9867,4,1,95,850,335916,0,4.90815043893173e-08
9868,4,1,115,842,308597,0,2.55825954064567e-08
9869,4,1,113,898,293821,0,2.0732562782597e-08
9870,4,1,99,856,400406,0,1.78038045903464e-08
9871,4,1,109,882,301802,0,2.4061029601229e-07
9872,4,1,107,856,289764,0,1.46748257211336e-07
9873,4,1,129,850,257320,0,1.53927513616403e-08
9874,4,1,82,850,239435,0,4.67198409803059e-08
9875,4,1,105,857,257044,0,7.05574032765852e-08
9876,4,1,87,893,255223,0,3.03662858657301e-08
9877,4,1,95,829,255986,0,1.47379623387066e-08
9878,4,1,101,872,256721,0,2.44027977208748e-08
9879,4,1,98,889,210820,0,2.10868805478683e-08
9880,4,1,100,866,188367,0,1.28167073727525e-07
9881,4,1,115,911,185728,0,2.05930722279479e-07
9882,4,1,113,826,224023,0,1.12883762551543e-08
9883,4,1,99,904,300834,0,1.77383144403617e-08
9884,4,1,110,855,208495,0,5.1961748085807e-08
9885,4,1,102,840,210176,0,1.10426770209036e-08
9886,4,1,107,840,210932,0,2.90550593572244e-09
9887,4,1,109,846,187173,0,1.87206499375305e-08
9888,4,1,111,874,260080,0,5.5158781700529e-09
9889,4,1,103,866,237548,0,1.62068728115084e-08
9890,4,1,122,867,254776,0,2.48643930664699e-09
9891,4,1,108,846,170131,0,3.9300718495408e-09
9892,4,1,86,898,181683,0,5.25060378445346e-09
9893,4,1,100,835,217442,0,1.17269180675585e-08
9894,4,1,113,844,259952,0,2.12669894141601e-07
9895,4,1,113,876,188956,0,8.93221299694599e-08
9896,4,1,93,888,217241,0,4.18591795386595e-09
9897,4,1,99,859,177380,0,2.33256527965745e-08
9898,4,1,121,850,153983,0,8.87970590392483e-09
9899,4,1,107,839,153633,0,1.55843850201061e-08
9900,4,1,113,876,149528,0,1.56899299884286e-08
9901,4,1,99,891,221072,0,1.20128619584016e-08
9902,4,1,90,840,238324,0,7.56499037074953e-08
9903,4,1,118,868,245640,0,8.17662109739108e-09
9904,4,1,97,866,170677,0,7.46845300997074e-09
9905,4,1,97,845,174356,0,2.50300961595392e-09
9906,4,1,91,828,142922,0,1.69305263964936e-07
9907,4,1,98,841,154294,0,1.47368448389043e-07
9908,4,1,95,896,183075,0,1.39202754176386e-07
9909,4,1,85,876,193832,0,2.316514348024e-08
9910,4,1,86,902,171696,0,1.28862209581754e-08
9911,4,1,94,864,206822,0,1.93664612721939e-08
9912,4,1,101,894,203443,0,5.21107001057823e-09
9913,4,1,110,862,180360,0,1.54581383329078e-08
9914,4,1,122,838,160478,0,1.29602140431171e-08
9915,4,1,121,877,135307,0,3.70947532944735e-08
9916,4,1,103,865,129512,0,1.97419333152178e-09
9917,4,1,114,830,153180,0,9.93548207824682e-09
9918,4,1,98,855,144352,0,2.85540751656729e-08
9919,4,1,116,854,138750,0,8.60493618834822e-08
9920,4,1,99,888,163111,0,7.01950708452876e-09
9921,4,1,117,905,207661,0,6.85314907075564e-09
9922,4,1,106,857,167304,0,4.11542725839887e-09
9923,4,1,120,873,161042,0,1.90798005350612e-09
9924,4,1,98,907,152191,0,4.73928377728953e-08
9925,4,1,112,887,155180,0,8.64133714699956e-09
9926,4,1,89,845,149328,0,6.47342253768092e-09
9927,4,1,100,872,131640,0,6.91632012200249e-09
9928,4,1,92,840,153904,0,1.81222200997801e-08
9929,4,1,95,899,170065,0,4.6385408329361e-08
9930,4,1,103,888,190262,0,1.67839722448952e-09
9931,4,1,110,849,180146,0,3.69318322237777e-08
9932,4,1,104,886,196512,0,1.63811516223932e-08
9933,4,1,121,860,251725,0,1.15582193112751e-08
9934,4,1,99,891,216773,0,9.17966106427021e-09
9935,4,1,115,842,143390,0,3.14866910214182e-07
9936,4,1,119,902,151591,0,3.09094746400436e-08
9937,4,1,121,851,137613,0,5.79603604970397e-08
9938,4,1,91,809,148714,0,2.06265142169864e-07
9939,4,1,71,908,167892,0,6.8208734056383e-09
9940,4,1,87,859,216487,0,6.94970733568796e-08
9941,4,1,102,865,204517,0,2.99367235243057e-08
9942,4,1,122,818,199518,0,1.82515819587914e-08
9943,4,1,105,842,232627,0,4.00499559479992e-09
9944,4,1,114,861,253698,0,4.75721128730198e-09
9945,4,1,121,880,181280,0,5.45362330566027e-09
9946,4,1,103,857,185871,0,6.2334223154104e-09
9947,4,1,113,883,216860,0,1.69915537466113e-07
9948,4,1,100,880,133959,0,1.39012318559814e-08
9949,4,1,130,876,157406,0,9.23624480205422e-09
9950,4,1,115,888,178758,0,9.45770512567722e-08
9951,4,1,109,875,167833,0,1.23230648672721e-08
9952,4,1,89,883,197729,0,7.93890324565975e-09
9953,4,1,86,896,185969,0,2.28561946747733e-09
9954,4,1,102,848,223314,0,8.47550968334975e-08
9955,4,1,120,860,186135,0,1.9792262941193e-08
9956,4,1,108,876,169794,0,6.41817030249338e-09
9957,4,1,118,877,205470,0,5.1497585725144e-08
9958,4,1,112,837,169357,0,5.57531367769116e-09
9959,4,1,100,864,178379,0,3.17804026222579e-08
9960,4,1,94,861,214931,0,1.09081089721785e-07
9961,4,1,101,826,342419,0,1.17644126910161e-08
9962,4,1,104,877,302977,0,3.60291148480402e-09
9963,4,1,97,860,215480,0,1.5179898101521e-08
9964,4,1,77,843,255738,0,2.93581627553966e-08
9965,4,1,82,865,256718,0,9.18333864105219e-07
9966,4,1,106,846,192292,0,1.65479035438219e-08
9967,4,1,125,876,228128,0,2.60563573498297e-08
9968,4,1,94,855,161003,0,1.66596231365944e-08
9969,4,1,93,840,125176,0,1.41810618523603e-08
9970,4,1,104,883,169629,0,3.12143649948784e-08
9971,4,1,95,856,236598,0,8.64351101391798e-09
9972,4,1,101,856,229424,0,7.26635014685652e-09
9973,4,1,93,866,274076,0,1.13728507644423e-08
9974,4,1,99,826,199637,0,1.13571696095543e-08
9975,4,1,117,849,260904,0,2.36910656433407e-09
9976,4,1,107,870,309398,0,4.85162927796444e-08
9977,4,1,94,863,297609,0,2.54754243515369e-09
9978,4,1,94,837,299803,0,5.04249696353492e-09
9979,4,1,97,810,216141,0,3.45122980125285e-09
9980,4,1,89,831,226504,0,4.22204634433907e-09
9981,4,1,104,864,270278,0,5.93934950151656e-09
9982,4,1,116,846,207622,0,1.46815341408183e-08
9983,4,1,104,858,269222,0,6.76083231369504e-08
9984,4,1,102,872,240966,0,3.22863585007867e-08
9985,4,1,104,866,219423,0,5.90432682260702e-09
9986,4,1,111,831,243537,0,2.33645019822539e-08
9987,4,1,112,836,316096,0,3.04462130436568e-07
9988,4,1,110,864,185008,0,7.50909897778135e-09
9989,4,1,115,833,170188,0,4.86185678826582e-08
9990,4,1,113,830,152137,0,2.09408389578767e-08
9991,4,1,108,857,211162,0,1.6111756187477e-08
9992,4,1,105,844,216438,0,2.48496071869005e-09
9993,4,1,129,898,195022,0,7.72618807925596e-09
9994,4,1,126,886,132358,0,7.07445536964724e-09
9995,4,1,100,849,136458,0,2.87770984405398e-06
9996,4,1,105,864,122065,0,4.42390986926046e-08
9997,4,1,109,914,101290,0,2.61033869740794e-08
9998,4,1,92,870,145376,0,4.97878168147937e-07
9999,4,1,103,872,131825,0,1.31583345647251e-08
10000,4,1,104,861,151857,0,2.39961312411221e-08
10001,4,1,99,860,209131,0,3.97716828019938e-09
10002,4,1,82,832,161377,0,1.9861015082163e-07
10003,4,1,98,809,147069,0,9.91957084535809e-09
10004,4,1,98,865,174055,0,2.634974888071e-08
10005,4,1,111,845,154715,0,9.0153990284347e-08
10006,4,1,110,847,187233,0,8.60045800402204e-09
10007,4,1,105,886,183955,0,5.29039477973015e-08
10008,4,1,103,847,217501,0,3.36917519620739e-07
10009,4,1,86,886,232715,0,4.84404189950102e-08
10010,4,1,125,871,185294,0,1.2262176932924e-07
10011,4,1,112,842,165813,0,1.13809063329966e-06
10012,4,1,86,848,158932,0,1.35138912993817e-08
10013,4,1,99,857,152199,0,2.18583892783494e-08
10014,4,1,122,870,133549,0,3.99226304667485e-08
10015,4,1,120,879,101751,0,4.21524528207121e-08
10016,4,1,106,889,128397,0,1.58094557568185e-08
10017,4,1,101,866,155548,0,3.55043479682901e-06
10018,4,1,123,858,154932,0,6.42455033659893e-08
10019,4,1,112,859,213584,0,3.06075738278426e-07
10020,4,1,96,906,230664,0,1.46969763117602e-08
10021,4,1,114,849,194313,0,2.54585067561809e-08
10022,4,1,120,884,212638,0,4.51059390097368e-09
10023,4,1,116,865,245499,0,2.06414690160943e-07
10024,4,1,106,899,288931,0,6.8965565835324e-09
10025,4,1,111,859,260885,0,5.97098760571913e-08
10026,4,1,134,889,212947,0,7.86709150267026e-09
10027,4,1,93,873,250052,0,2.67720101946391e-08
10028,4,1,102,855,294395,0,2.07297774665577e-08
10029,4,1,88,849,255905,0,2.26820160661776e-07
10030,4,1,99,867,308666,0,1.99134292065674e-07
10031,4,1,87,880,179674,0,7.23203866948365e-09
10032,4,1,76,894,162312,0,9.71359755628114e-08
10033,4,1,112,845,203580,0,1.4424206752113e-08
10034,4,1,88,888,178528,0,1.29877017993438e-08
10035,4,1,109,840,155594,0,5.61419790098684e-09
10036,4,1,104,912,121626,0,1.09837299413919e-08
10037,4,1,90,870,120236,0,1.40364542361342e-07
10038,4,1,101,854,182392,0,9.6739783145845e-08
10039,4,1,92,869,156830,0,3.41490092737013e-08
10040,4,1,81,834,132232,0,1.94771747387427e-08
10041,4,1,123,888,196543,0,4.82680406901687e-08
10042,4,1,85,845,165517,0,3.6858986121314e-09
10043,4,1,89,882,152923,0,9.89929577663495e-08
10044,4,1,85,880,210760,0,4.42302668170031e-09
10045,4,1,83,831,254436,0,4.75921966643858e-08
10046,4,1,109,884,244970,0,1.34648757823421e-08
10047,4,1,97,859,268880,0,2.31081811689178e-08
10048,4,1,83,879,366749,0,1.03476253906547e-08
10049,4,1,99,841,367700,0,6.1960842292117e-08
10050,4,1,99,888,373439,0,1.21501454318427e-08
10051,4,1,104,845,384346,0,6.26041178071181e-08
10052,4,1,94,851,405752,0,1.39360420902026e-08
10053,4,1,105,880,303385,0,1.41838788012207e-08
10054,4,1,109,860,248084,0,1.73668268895018e-07
10055,4,1,103,837,324947,0,6.68423390455377e-08
10056,4,1,111,866,358949,0,6.49284184084454e-09
10057,4,1,105,844,315068,0,1.90304784538947e-07
10058,4,1,98,865,278393,0,2.44365502414824e-08
10059,4,1,91,852,335102,0,2.86914566827678e-07
10060,4,1,102,855,284278,0,1.27963818943411e-08
10061,4,1,90,863,317509,0,1.91211867963504e-07
10062,4,1,103,836,251863,0,9.69365385436308e-08
10063,4,1,122,832,289623,0,1.57963907234641e-07
10064,4,1,83,873,313810,0,5.45761949895173e-09
10065,4,1,94,841,328640,0,3.31723910076256e-09
10066,4,1,103,817,267632,0,2.2585361831117e-07
10067,4,1,104,848,286638,0,4.49138000805472e-08
10068,4,1,88,870,262562,0,5.5362578613774e-09
10069,4,1,102,841,226054,0,1.43369900350406e-07
10070,4,1,99,824,282790,0,1.20736168103923e-08
10071,4,1,82,850,310550,0,4.59414461131836e-08
10072,4,1,121,871,347848,0,1.35948039009207e-08
10073,4,1,105,842,416662,0,1.09902642264672e-07
10074,4,1,124,859,371721,0,2.63816543794665e-09
10075,4,1,94,894,385325,0,1.06482090484884e-07
10076,4,1,123,836,388499,0,1.63125224107554e-08
10077,4,1,99,880,262116,0,3.59634146956741e-09
10078,4,1,122,908,193945,0,3.82479342488453e-07
10079,4,1,94,875,164486,0,1.46027700401839e-08
10080,4,1,98,886,184647,0,5.43157108169564e-08
10081,4,1,121,888,197587,0,1.7913748195051e-07
10082,4,1,98,878,310326,0,3.88181961168183e-08
10083,4,1,112,816,312043,0,9.43755529371941e-09
10084,4,1,100,815,303195,0,1.61410630036993e-07
10085,4,1,96,884,342368,0,2.17164134178345e-08
10086,4,1,91,861,288774,0,4.28593899155653e-08
10087,4,1,96,885,273110,0,5.27639477201318e-09
10088,4,1,108,858,265004,0,7.61161037240012e-09
10089,4,1,101,880,317941,0,1.02040240359623e-08
10090,4,1,102,869,354547,0,1.52744592877439e-08
10091,4,1,139,852,291208,0,3.60689172315134e-08
10092,4,1,100,833,237124,0,5.89871512239618e-08
10093,4,1,123,851,165496,0,2.20803082754139e-07
10094,4,1,114,885,160861,0,7.00245832577817e-09
10095,4,1,108,861,279687,0,1.38529038202291e-07
10096,4,1,92,888,233697,0,7.90575537056689e-09
10097,4,1,99,870,159546,0,4.42345974236478e-09
10098,4,1,108,875,247192,0,1.43582293379951e-07
10099,4,1,113,907,180218,0,8.68716654418441e-09
10100,4,1,116,880,197558,0,2.0716599138218e-06
10101,4,1,89,837,129000,0,3.96041759573569e-09
10102,4,1,69,862,170994,0,8.58441350437364e-08
10103,4,1,95,895,237866,0,1.29621410398454e-07
10104,4,1,94,847,298796,0,1.02024945861592e-08
10105,4,1,105,900,180697,0,2.7123699529457e-08
10106,4,1,103,872,154234,0,1.06777964775384e-07
10107,4,1,110,896,186515,0,1.24626531908566e-08
10108,4,1,97,899,192492,0,1.36814272169369e-07
10109,4,1,81,845,165690,0,2.0279724727027e-08
10110,4,1,107,906,157978,0,1.19780954779602e-08
10111,4,1,96,874,140975,0,8.76592142765141e-08
10112,4,1,121,907,103075,0,1.99376437223037e-07
10113,4,1,101,875,108854,0,1.31754616301456e-08
10114,4,1,116,893,116283,0,3.04811261410536e-08
10115,4,1,116,848,135514,0,1.01240984369327e-07
10116,4,1,107,870,123747,0,3.81579515997821e-08
10117,4,1,96,805,123252,0,2.16686007699025e-08
10118,4,1,91,892,127998,0,1.59866647560558e-08
10119,4,1,113,851,143607,0,3.1313467138394e-09
10120,4,1,95,836,147874,0,5.09226446256492e-08
10121,4,1,121,885,149752,0,8.4360411686789e-09
10122,4,1,105,860,160962,0,7.10615453551798e-07
10123,4,1,99,843,157054,0,5.61008296172676e-09
10124,4,1,126,867,153177,0,2.49069289887924e-07
10125,4,1,124,840,155952,0,1.69181500190157e-08
10126,4,1,103,845,124658,0,1.22169441411613e-08
10127,4,1,93,908,104491,0,1.76594710015687e-08
10128,4,1,107,854,106281,0,2.16908840018006e-08
10129,4,1,95,866,124320,0,1.94232320144623e-09
10130,4,1,94,854,123682,0,2.69885271519495e-08
10131,4,1,102,872,197805,0,1.84614429419226e-08
10132,4,1,112,839,378179,0,2.09780951845463e-09
10133,4,1,96,783,159978,0,4.8741009202081e-09
10134,4,1,110,896,203352,0,6.49484666732394e-09
10135,4,1,105,845,210705,0,1.39747210782375e-08
10136,4,1,120,879,184210,0,9.30841119409647e-09
10137,4,1,108,866,217979,0,5.9663460795928e-08
10138,4,1,93,886,218391,0,8.0720107969753e-09
10139,4,1,103,879,212499,0,9.51843938028447e-07
10140,4,1,114,847,271771,0,7.36949787531333e-09
10141,4,1,99,863,289751,0,3.91955615188414e-08
10142,4,1,111,829,376857,0,9.35467892066299e-09
10143,4,1,110,861,300506,0,4.2382045300489e-06
10144,4,1,89,859,284301,0,1.32009547431974e-08
10145,4,1,111,890,204387,0,5.5701984975801e-08
10146,4,1,72,835,164011,0,4.49133049885569e-08
10147,4,1,104,852,225262,0,3.8816636668802e-08
10148,4,1,111,864,169185,0,1.93989510533616e-07
10149,4,1,118,872,213874,0,1.9979401309605e-08
10150,4,1,94,889,280216,0,4.00490746718936e-09
10151,4,1,90,873,274883,0,6.15502556066179e-07
10152,4,1,122,831,309695,0,1.19388691758885e-07
10153,4,1,112,896,228985,0,2.14698425629902e-08
10154,4,1,80,874,235495,0,7.93830093515481e-08
10155,4,1,121,816,267126,0,7.15002045047197e-09
10156,4,1,105,879,293785,0,4.03197685106409e-09
10157,4,1,92,860,366055,0,3.72489364086095e-08
10158,4,1,110,860,218770,0,6.50847115661049e-09
10159,4,1,102,854,247475,0,1.56855563201181e-07
10160,4,1,99,867,242128,0,3.83527234058223e-07
10161,4,1,106,906,160314,0,6.28824023207106e-09
10162,4,1,110,920,154885,0,6.04837077586907e-08
10163,4,1,97,869,165458,0,3.21986015849247e-08
10164,4,1,114,822,194494,0,5.81344778137375e-08
10165,4,1,112,826,284518,0,8.45186772819974e-08
10166,4,1,90,861,265436,0,2.24303292653856e-08
10167,4,1,98,856,305152,0,1.33099588744185e-07
10168,4,1,108,834,242584,0,1.78182121582941e-08
10169,4,1,95,865,185724,0,6.00275672121518e-08
10170,4,1,116,870,199014,0,1.95864936773467e-08
10171,4,1,89,855,195374,0,6.01008348333506e-09
10172,4,1,82,855,264058,0,7.19928586329186e-09
10173,4,1,90,847,221867,0,2.12577081472549e-09
10174,4,1,109,877,233924,0,5.14908497866869e-09
10175,4,1,110,855,251481,0,5.54942176953249e-09
10176,4,1,119,900,256428,0,6.70251122553437e-09
10177,4,1,110,873,230610,0,4.11995197528186e-07
10178,4,1,115,876,224072,0,9.93559888341678e-09
10179,4,1,98,842,220789,0,1.54363069168818e-07
10180,4,1,61,878,238084,0,7.62181439905905e-09
10181,4,1,87,856,328576,0,1.25984016158216e-08
10182,4,1,83,877,277787,0,5.95736060741022e-09
10183,4,1,112,862,270779,0,1.88822633704653e-07
10184,4,1,97,857,241686,0,7.71256935832425e-08
10185,4,1,95,854,253706,0,2.54705914544909e-08
10186,4,1,84,918,193287,0,1.08292644813128e-08
10187,4,1,118,877,233217,0,1.32454127434169e-08
10188,4,1,114,904,203495,0,1.38728876681332e-08
10189,4,1,115,871,182833,0,2.49250848011992e-09
10190,4,1,94,869,183489,0,1.41276604599773e-08
10191,4,1,122,840,181960,0,2.24548863773228e-07
10192,4,1,113,871,203932,0,1.47380206601051e-07
10193,4,1,110,884,258424,0,4.94979879075561e-09
10194,4,1,118,873,231168,0,1.19822120702276e-08
10195,4,1,106,901,210035,0,1.93051528731649e-08
10196,4,1,101,875,167843,0,1.35493420256205e-08
10197,4,1,110,865,153651,0,1.70574626506756e-07
10198,4,1,91,856,161920,0,2.20440157468856e-07
10199,4,1,89,848,191767,0,1.24133788050817e-07
10200,4,1,121,832,189283,0,1.15335691344474e-08
10201,4,1,75,859,131711,0,2.69255586668673e-09
10202,4,1,101,865,162403,0,2.84882057019073e-08
10203,4,1,98,886,149987,0,1.11931507582934e-08
10204,4,1,118,878,138363,0,1.96979877837459e-07
10205,4,1,108,853,157139,0,6.92097397159076e-09
10206,4,1,83,857,182262,0,4.69939191013521e-08
10207,4,1,117,815,172476,0,6.92011844646643e-08
10208,4,1,100,857,183932,0,4.01604333531239e-09
10209,4,1,103,872,172001,0,1.25792761332672e-08
10210,4,1,101,870,166367,0,9.10507472482767e-09
10211,4,1,93,860,206758,0,6.26433470955044e-06
10212,4,1,111,870,151929,0,1.04985371600147e-08
10213,4,1,117,864,122867,0,2.29849562472547e-09
10214,4,1,103,863,137873,0,3.02072771709363e-08
10215,4,1,117,862,167446,0,1.70681910515725e-08
10216,4,1,106,834,161343,0,2.61754168096922e-08
10217,4,1,99,880,193391,0,3.06623449381523e-08
10218,4,1,119,903,231657,0,1.15673804392376e-07
10219,4,1,109,876,186186,0,1.95359269617168e-08
10220,4,1,126,878,221942,0,6.88484942896982e-09
10221,4,1,86,825,195512,0,6.94415659703992e-09
10222,4,1,86,883,192186,0,1.15610338312599e-07
10223,4,1,108,828,214965,0,1.72292823385621e-07
10224,4,1,97,858,203695,0,3.19434984933176e-07
10225,4,1,121,886,218631,0,4.09690139755182e-08
10226,4,1,100,830,257858,0,3.15052948669326e-08
10227,4,1,106,870,229740,0,8.9488332724689e-09
10228,4,1,98,905,229466,0,2.95796986121055e-08
10229,4,1,101,854,171040,0,1.28840280972922e-07
10230,4,1,83,798,210164,0,5.45633763335241e-08
10231,4,1,105,850,213761,0,2.24667561601538e-08
10232,4,1,110,833,223940,0,7.74179871821284e-09
10233,4,1,109,839,235176,0,7.24455967834723e-08
10234,4,1,89,869,189019,0,8.54766336142221e-08
10235,4,1,92,857,223692,0,4.87123204839216e-08
10236,4,1,104,871,177891,0,4.68651523689078e-08
10237,4,1,110,828,157636,0,1.41754537867023e-08
10238,4,1,102,829,173251,0,6.15653606539412e-07
10239,4,1,106,895,129348,0,1.97946004097002e-08
10240,4,1,99,914,128416,0,1.69049736348829e-08
10241,4,1,110,877,150896,0,1.88419534665331e-08
10242,4,1,103,888,162685,0,8.33515439683208e-09
10243,4,1,117,843,179089,0,3.13547715685422e-09
10244,4,1,93,839,171589,0,4.32230619274089e-08
10245,4,1,90,946,164814,0,1.50584435985846e-08
10246,4,1,104,923,190798,0,3.96798272969192e-09
10247,4,1,102,831,135589,0,1.93163154851551e-08
10248,4,1,124,828,198106,0,1.90321815020045e-08
10249,4,1,125,853,188156,0,1.86592113772914e-08
10250,4,1,119,832,183815,0,2.76034741162545e-08
10251,4,1,113,859,151293,0,7.78099775493187e-08
10252,4,1,83,845,171938,0,9.23933600304352e-09
10253,4,1,100,849,219006,0,1.04708648366454e-06
10254,4,1,113,901,177637,0,7.57956058857473e-09
10255,4,1,102,843,164815,0,5.63330056083961e-09
10256,4,1,87,868,164984,0,6.97508892799396e-09
10257,4,1,118,855,236773,0,1.48721915361973e-07
10258,4,1,111,860,205265,0,9.47313088773275e-09
10259,4,1,117,844,205664,0,1.70886654721159e-08
10260,4,1,119,889,196060,0,6.8637411813587e-09
10261,4,1,103,831,158338,0,1.47726947643998e-08
10262,4,1,98,834,199935,0,5.34730324025275e-08
10263,4,1,122,853,254752,0,4.94329607894073e-09
10264,4,1,122,865,144849,0,2.00355183596594e-08
10265,4,1,122,917,144259,0,7.83226696007696e-09
10266,4,1,115,861,130350,0,3.33123153433424e-09
10267,4,1,102,843,117768,0,1.00857049490812e-08
10268,4,1,96,856,191775,0,1.6596035927673e-08
10269,4,1,102,857,201710,0,1.35926445175304e-08
10270,4,1,79,889,201837,0,1.1684837468846e-08
10271,4,1,96,847,193187,0,3.95541849908618e-08
10272,4,1,91,859,231604,0,2.44373541012208e-08
10273,4,1,100,898,212976,0,9.06791695617884e-09
10274,4,1,72,863,208004,0,9.97075765278612e-08
10275,4,1,89,855,255640,0,1.04094523871871e-08
10276,4,1,115,900,205624,0,2.90101277339981e-07
10277,4,1,102,870,164501,0,6.13008737228594e-09
10278,4,1,84,896,157440,0,9.1648611271509e-08
10279,4,1,100,841,196019,0,7.88409307109451e-09
10280,4,1,100,870,170278,0,3.5469256735164e-09
10281,4,1,90,851,135179,0,2.76885321155564e-08
10282,4,1,103,836,192604,0,1.34289292570165e-08
10283,4,1,102,864,219580,0,9.54492410307692e-10
10284,4,1,98,855,254626,0,1.33871641411244e-08
10285,4,1,90,853,233407,0,3.01749823351348e-09
10286,4,1,81,866,204976,0,4.0639267672295e-08
10287,4,1,92,893,192890,0,1.71598453602655e-08
10288,4,1,84,878,257648,0,1.02573968491444e-07
10289,4,1,76,840,228220,0,2.88935934047101e-08
10290,4,1,92,865,279730,0,6.42150185278568e-08
10291,4,1,81,846,253615,0,5.13516417269693e-07
10292,4,1,94,829,297496,0,3.39054072997702e-08
10293,4,1,117,850,266624,0,1.61926829715741e-08
10294,4,1,97,879,171646,0,3.77190613936844e-09
10295,4,1,111,874,180984,0,5.63163602239192e-08
10296,4,1,105,871,225396,0,6.68214765486709e-07
10297,4,1,100,870,259501,0,5.56616284249343e-09
10298,4,1,85,855,256710,0,1.09701204484541e-08
10299,4,1,97,882,357733,0,3.32001249073665e-08
10300,4,1,111,848,279678,0,6.0122296063941e-09
10301,4,1,81,861,269754,0,1.17072401375528e-07
10302,4,1,100,870,378467,0,1.33678902642232e-07
10303,4,1,101,857,488927,0,5.96941968143375e-08
10304,4,1,81,828,464475,0,3.58498421036926e-09
10305,4,1,88,865,427526,0,1.59285083292543e-08
10306,4,1,85,887,352844,0,2.51227696203666e-08
10307,4,1,90,835,338209,0,1.15190320515327e-08
10308,4,1,103,868,353521,0,2.79063954705556e-06
10309,4,1,65,821,357966,0,6.45516278224344e-09
10310,4,1,88,872,332167,0,3.66909449997354e-08
10311,4,1,108,884,428644,0,9.56603494460865e-09
10312,4,1,97,889,364242,0,8.26953894122837e-09
10313,4,1,90,842,277661,0,2.27964015183439e-07
10314,4,1,99,889,241939,0,3.61500037009862e-08
10315,4,1,93,855,234317,0,8.22818141764636e-09
10316,4,1,103,873,377828,0,2.31178468127022e-08
10317,4,1,96,840,380819,0,1.46342926013997e-08
10318,4,1,87,843,345012,0,3.95945596019922e-09
10319,4,1,90,943,291692,0,8.39642429433476e-08
10320,4,1,109,865,312805,0,2.25849630445621e-08
10321,4,1,98,867,351199,0,1.75077387328752e-08
10322,4,1,78,873,331072,0,3.03970253040247e-09
10323,4,1,83,875,296854,0,1.59913847416746e-08
10324,4,1,95,826,306736,0,7.51292505200304e-08
10325,4,1,103,892,269747,0,7.07331763035092e-07
10326,4,1,107,849,326001,0,2.95259404325739e-08
10327,4,1,113,894,358301,0,4.86832784311882e-09
10328,4,1,101,858,333660,0,8.07942528715186e-09
10329,4,1,115,878,321232,0,6.95681317730691e-09
10330,4,1,112,847,373991,0,5.44398483479837e-09
10331,4,1,98,831,322844,0,1.53742299546178e-08
10332,4,1,77,848,386117,0,5.39829243434556e-08
10333,4,1,95,855,309403,0,8.54815995116154e-09
10334,4,1,111,857,274133,0,7.14507850959092e-07
10335,4,1,103,865,334677,0,1.0840074153604e-07
10336,4,1,87,871,292776,0,1.88317601950376e-08
10337,4,1,91,891,288589,0,3.12134819914311e-09
10338,4,1,79,813,325621,0,3.65246579011002e-08
10339,4,1,88,845,272604,0,1.85116408000171e-09
10340,4,1,89,848,184145,0,9.23949245607093e-08
10341,4,1,68,853,222778,0,1.5917429853232e-08
10342,4,1,83,829,176579,0,3.16339024929771e-07
10343,4,1,70,866,180438,0,1.24615928902196e-07
10344,4,1,94,878,202883,0,1.65018554253823e-08
10345,4,1,93,846,248639,0,3.94740743801825e-08
10346,4,1,104,890,183140,0,6.68732302491994e-09
10347,4,1,93,860,201769,0,5.01892994697827e-07
10348,4,1,100,896,153562,0,4.95215733231998e-09
10349,4,1,103,912,182109,0,8.12627545619838e-08
10350,4,1,84,842,247162,0,9.48223282616859e-09
10351,4,1,106,844,308326,0,1.39266726852563e-07
10352,4,1,109,893,301272,0,3.31902930550808e-08
10353,4,1,88,814,375146,0,1.51552060996728e-08
10354,4,1,73,860,466999,0,1.11808236802843e-08
10355,4,1,101,864,394796,0,6.52664418561595e-09
10356,4,1,102,841,384584,0,1.49661339585206e-08
10357,4,1,88,887,415958,0,7.00630722095351e-09
10358,4,1,79,895,423715,0,6.00266129804927e-08
10359,4,1,74,859,589544,0,7.13764082440366e-09
10360,4,1,99,874,427418,0,7.31413888946418e-09
10361,4,1,96,871,466539,0,7.12963637466268e-08
10362,4,1,90,833,471156,0,4.14020317578762e-07
10363,4,1,102,858,446365,0,4.70788028200002e-08
10364,4,1,90,883,363743,0,1.97580151109228e-08
10365,4,1,109,865,324870,0,3.60522394023929e-08
10366,4,1,108,827,302031,0,1.2861410392047e-08
10367,4,1,107,881,276767,0,5.5850100200712e-07
10368,4,1,90,858,234946,0,1.03703611038818e-07
10369,4,1,85,897,287289,0,2.08433608966567e-07
10370,4,1,89,924,215233,0,2.73243624132183e-08
10371,4,1,87,883,197617,0,2.23374352566442e-07
10372,4,1,84,874,184250,0,9.52357701325898e-09
10373,4,1,91,876,180640,0,1.30855798314448e-07
10374,4,1,97,907,173426,0,6.53137808140634e-09
10375,4,1,97,950,215892,0,1.97212416098657e-08
10376,4,1,83,885,235589,0,3.02588482752597e-08
10377,4,1,120,868,311660,0,2.36018530139725e-09
10378,4,1,105,914,274126,0,5.24440424290455e-09
10379,4,1,100,908,235318,0,9.54819290121595e-09
10380,4,1,85,871,214392,0,4.50927550699218e-08
10381,4,1,87,940,266854,0,2.56442003217393e-08
10382,4,1,92,892,251146,0,3.89045936511822e-08
10383,4,1,97,890,237222,0,1.2028518879256e-05
10384,4,1,92,905,265281,0,1.94463713718294e-08
10385,4,1,114,868,212467,0,1.83077149556697e-08
10386,4,1,83,838,166067,0,8.12153271771354e-08
10387,4,1,75,865,191567,0,3.42025166501964e-09
10388,4,1,100,867,178120,0,1.70818257685063e-07
10389,4,1,119,860,190058,0,8.91917284162933e-08
10390,4,1,86,900,175972,0,1.70281431212966e-07
10391,4,1,93,894,173300,0,3.56507465156775e-07
10392,4,1,104,915,151001,0,8.32565393126404e-09
10393,4,1,98,885,159606,0,1.40294972435085e-07
10394,4,1,90,852,186840,0,2.42289951768346e-08
10395,4,1,87,883,196949,0,6.82156504487292e-09
10396,4,1,107,919,174502,0,9.48355306921544e-09
10397,4,1,94,885,180327,0,6.73863021567554e-09
10398,4,1,110,835,163747,0,9.97291636337478e-09
10399,4,1,120,871,175313,0,1.71647334075082e-08
10400,4,1,70,875,171742,0,2.82978568430701e-08
10401,4,1,96,879,174452,0,4.92556255168701e-09
10402,4,1,100,857,289215,0,1.09604219936577e-07
10403,4,1,85,907,346129,0,2.6117956839863e-08
10404,4,1,99,840,325940,0,8.42294587911575e-09
10405,4,1,81,889,203803,0,6.46074364301318e-09
10406,4,1,94,877,204763,0,4.32687944744099e-09
10407,4,1,81,882,193646,0,9.63539177350586e-08
10408,4,1,81,866,162446,0,5.27072401571893e-09
10409,4,1,93,880,169609,0,8.59907245400252e-08
10410,4,1,90,865,189421,0,1.57529344692486e-08
10411,4,1,83,905,212257,0,3.31966077393784e-08
10412,4,1,90,892,278729,0,2.36426782332465e-07
10413,4,1,111,918,234530,0,2.33994636391295e-07
10414,4,1,107,833,221059,0,6.13363761440404e-09
10415,4,1,96,866,245811,0,7.73679330658708e-09
10416,4,1,92,856,224370,0,1.50558888500109e-08
10417,4,1,92,826,253959,0,1.06095377969023e-07
10418,4,1,102,890,274611,0,1.14124666057928e-08
10419,4,1,86,859,268335,0,1.39463257514386e-08
10420,4,1,107,861,172154,0,7.74970804014995e-09
10421,4,1,98,900,212662,0,8.54362547614487e-09
10422,4,1,106,903,233262,0,6.92598525707436e-09
10423,4,1,74,885,237897,0,2.76757923983349e-09
10424,4,1,89,896,286379,0,8.03434397241097e-09
10425,4,1,84,864,270156,0,5.3001252542609e-09
10426,4,1,101,847,278892,0,4.87753268721401e-08
10427,4,1,97,838,231244,0,4.90425151205803e-08
10428,4,1,92,850,253076,0,1.83040177753405e-08
10429,4,1,80,850,316306,0,1.19795683078379e-08
10430,4,1,82,884,231790,0,8.55535236203415e-09
10431,4,1,101,852,172011,0,6.03943425239197e-08
10432,4,1,90,876,210069,0,8.93032454623587e-09
10433,4,1,96,841,221835,0,9.57044971470593e-07
10434,4,1,82,820,239820,0,3.75409199002279e-08
10435,4,1,84,893,257089,0,9.23416625957602e-08
10436,4,1,104,840,250651,0,3.57554960058856e-08
10437,4,1,82,861,341608,0,7.09310691652313e-08
10438,4,1,96,857,221690,0,1.24999027229618e-08
10439,4,1,94,830,215744,0,9.03583918649209e-09
10440,4,1,91,840,261882,0,3.34947487635957e-08
10441,4,1,82,854,274510,0,1.00141621242067e-08
10442,4,1,84,869,348105,0,1.12665534246055e-08
10443,4,1,94,873,351727,0,4.57854932560539e-09
10444,4,1,79,848,349833,0,4.54602402084681e-08
10445,4,1,85,873,317614,0,4.07745728134871e-09
10446,4,1,81,860,359326,0,1.86299745099472e-08
10447,4,1,96,930,295801,0,4.04383371999227e-08
10448,4,1,95,911,294709,0,1.48521529375294e-08
10449,4,1,87,899,309889,0,9.10434893077588e-09
10450,4,1,93,885,226887,0,4.93672151778566e-06
10451,4,1,82,877,224793,0,3.37188031138452e-08
10452,4,1,93,866,171605,0,8.65640709172757e-09
10453,4,1,82,856,220421,0,1.34444315503381e-08
10454,4,1,116,829,191334,0,5.37170724751347e-08
10455,4,1,102,832,237624,0,5.45873493477508e-08
10456,4,1,89,845,267275,0,1.88706078726376e-07
10457,4,1,93,854,288515,0,1.98123209902157e-08
10458,4,1,80,828,297829,0,1.13263859471389e-08
10459,4,1,91,852,327206,0,1.66180288185507e-07
10460,4,1,98,856,261854,0,2.89953955106372e-08
10461,4,1,90,822,236525,0,3.94856077896624e-09
10462,4,1,94,912,224796,0,1.97371710182587e-08
10463,4,1,107,862,238291,0,2.91318323837087e-08
10464,4,1,96,832,228161,0,1.40456085014196e-08
10465,4,1,84,831,170511,0,4.82216677675686e-09
10466,4,1,97,833,164813,0,2.23191223226511e-08
10467,4,1,85,848,162781,0,7.41087631463284e-09
10468,4,1,88,830,164646,0,4.03557787513652e-09
10469,4,1,74,903,142016,0,2.52655019918442e-08
10470,4,1,91,886,122356,0,5.41610222885218e-09
10471,4,1,94,838,128891,0,1.77604875971047e-09
10472,4,1,112,863,139073,0,3.61269105032972e-08
10473,4,1,100,873,145022,0,9.77429883610621e-08
10474,4,1,96,858,153686,0,4.57004462739065e-09
10475,4,1,109,841,167751,0,2.37108184021436e-08
10476,4,1,89,899,135856,0,1.67185178013883e-08
10477,4,1,77,848,162198,0,1.61469354404007e-07
10478,4,1,79,840,113250,0,1.5479036080261e-09
10479,4,1,118,877,126662,0,2.32273689439792e-08
10480,4,1,81,903,125758,0,1.07102025348012e-08
10481,4,1,94,870,173812,0,1.94362851496385e-08
10482,4,1,117,880,156553,0,1.55143553499113e-08
10483,4,1,88,889,187564,0,8.08316943563245e-09
10484,4,1,106,826,182527,0,2.51751072287608e-08
10485,4,1,75,889,187596,0,2.71742854478275e-09
10486,4,1,82,872,201091,0,4.19056740694754e-08
10487,4,1,86,894,198109,0,6.04516893011221e-09
10488,4,1,97,867,177370,0,1.69356436955636e-08
10489,4,1,96,901,151853,0,7.34097848491883e-09
10490,4,1,75,886,127411,0,1.50480090248656e-08
10491,4,1,79,826,141261,0,1.37993543136428e-08
10492,4,1,68,848,141862,0,5.14338952042783e-08
10493,4,1,78,860,140517,0,3.53845843281702e-08
10494,4,1,87,912,144176,0,1.59957415786761e-08
10495,4,1,105,832,173002,0,1.12701472583062e-07
10496,4,1,98,845,159599,0,2.77972525627981e-08
10497,4,1,102,857,148642,0,3.81198291667321e-08
10498,4,1,103,858,108182,0,2.20308651903189e-08
10499,4,1,90,857,130260,0,6.45697452486549e-09
10500,4,1,86,857,183662,0,1.36264040917671e-08
10501,4,1,91,835,196754,0,2.57619801363931e-09
10502,4,1,80,843,201134,0,2.42955984234348e-08
10503,4,1,98,864,179853,0,1.30572151631699e-08
10504,4,1,101,860,172625,0,2.03144811017074e-08
10505,4,1,106,876,155599,0,1.74391852106126e-08
10506,4,1,116,884,144930,0,9.11524137812215e-08
10507,4,1,92,836,152161,0,7.79406945096159e-09
10508,4,1,109,865,186328,0,9.29548903027854e-09
10509,4,1,87,859,150582,0,1.79457681338286e-06
10510,4,1,92,836,146289,0,1.23903879362626e-08
10511,4,1,112,870,145219,0,3.26531377083857e-08
10512,4,1,90,866,133894,0,3.126495455104e-09
10513,4,1,119,865,156649,0,1.9221659047772e-06
10514,4,1,94,928,228555,0,1.86189635333845e-08
10515,4,1,99,871,203315,0,2.00800746208287e-08
10516,4,1,85,892,141799,0,1.89824870980458e-08
10517,4,1,90,893,158559,0,1.09138333033133e-08
10518,4,1,92,889,153096,0,4.3885530060593e-08
10519,4,1,82,828,143213,0,3.09351939343794e-09
10520,4,1,105,837,156519,0,1.66010645242722e-08
10521,4,1,60,857,153682,0,8.22409828085333e-08
10522,4,1,88,844,157511,0,2.34783849324699e-06
10523,4,1,64,891,154238,0,1.0586971162604e-08
10524,4,1,85,891,131730,0,9.66670974302778e-08
10525,4,1,89,852,149989,0,6.28373659587381e-09
10526,4,1,92,820,119870,0,3.45355607731999e-08
10527,4,1,95,895,131676,0,9.87951856211812e-09
10528,4,1,108,888,162704,0,1.28471048660691e-08
10529,4,1,97,886,201242,0,1.00677187758035e-08
10530,4,1,78,860,179437,0,1.44974028157154e-08
10531,4,1,80,848,254781,0,8.59249373404819e-09
10532,4,1,83,904,186748,0,6.39259401368947e-08
10533,4,1,93,884,146768,0,4.22974948914201e-09
10534,4,1,93,871,163155,0,9.01969994346713e-09
10535,4,1,92,831,132948,0,1.03681742838183e-08
10536,4,1,115,867,128141,0,1.05947680618649e-08
10537,4,1,83,887,111318,0,9.24715125122557e-09
10538,4,1,100,917,129625,0,6.19079187638238e-09
10539,4,1,101,877,155816,0,1.41707607642919e-07
10540,4,1,104,901,145553,0,1.87282988104663e-08
10541,4,1,110,859,134592,0,7.95520929657192e-09
10542,4,1,97,899,147623,0,7.12165943674658e-09
10543,4,1,120,902,155374,0,3.89219732935576e-09
10544,4,1,107,893,121743,0,9.16744015033462e-09
10545,4,1,113,872,148907,0,6.11090534823079e-09
10546,4,1,79,922,150615,0,9.84301167697195e-07
10547,4,1,106,866,144420,0,2.77452600334775e-08
10548,4,1,102,905,164983,0,1.34633978555961e-06
10549,4,1,92,861,144180,0,2.92940075856846e-08
10550,4,1,107,872,203689,0,1.41917116436642e-08
10551,4,1,118,901,191842,0,9.84414112561635e-09
10552,4,1,88,907,145328,0,7.91652114955028e-09
10553,4,1,105,902,173209,0,6.13799466841797e-09
10554,4,1,98,834,160834,0,4.78626319125182e-07
10555,4,1,95,896,203778,0,4.89833899662331e-08
10556,4,1,89,845,207402,0,3.57596198324262e-08
10557,4,1,102,878,143401,0,4.30435031690718e-09
10558,4,1,89,891,167129,0,4.12703867411558e-08
10559,4,1,97,853,202241,0,2.39520151983971e-08
10560,4,1,87,898,180039,0,9.51545366958463e-08
10561,4,1,107,891,188570,0,2.31093856220376e-07
10562,4,1,79,877,164762,0,5.30592588793176e-09
10563,4,1,106,874,131701,0,7.44393732453674e-09
10564,4,1,120,909,117495,0,2.64833925577197e-08
10565,4,1,104,891,118171,0,2.77230464443363e-09
10566,4,1,79,902,132839,0,8.34738483828175e-09
10567,4,1,101,893,158954,0,3.12180955758852e-09
10568,4,1,99,880,202056,0,1.54822104361734e-08
10569,4,1,108,883,194583,0,1.32192699090304e-07
10570,4,1,90,868,207373,0,5.79924000033639e-08
10571,4,1,120,895,296206,0,1.39490762500302e-07
10572,4,1,127,845,219250,0,5.51474902658504e-08
10573,4,1,90,878,189008,0,1.97348288294241e-07
10574,4,1,62,851,153197,0,4.99069709173205e-08
10575,4,1,101,863,231368,0,8.48735191079297e-08
10576,4,1,107,839,159855,0,5.28333317777868e-09
10577,4,1,82,873,126509,0,1.26274469321142e-06
10578,4,1,103,874,155015,0,7.29873594289241e-09
10579,4,1,115,880,247476,0,7.39776470188467e-09
10580,4,1,110,856,278701,0,4.33655827277535e-08
10581,4,1,88,873,208150,0,1.71280035932537e-08
10582,4,1,104,839,237196,0,1.96213507735684e-08
10583,4,1,101,878,167561,0,7.72857458623141e-09
10584,4,1,108,839,202205,0,3.71974412386627e-08
10585,4,1,108,887,258314,0,2.05489326454563e-08
10586,4,1,107,877,242079,0,6.18438171923071e-09
10587,4,1,93,920,264404,0,9.40817447273248e-09
10588,4,1,88,899,275342,0,2.58341200726636e-08
10589,4,1,81,819,299489,0,4.37299561332903e-06
10590,4,1,77,832,283070,0,1.28196662393541e-08
10591,4,1,92,870,314333,0,9.76974512498884e-09
10592,4,1,105,860,354147,0,3.87885370175044e-08
10593,4,1,95,873,247127,0,2.91159038521991e-08
10594,4,1,94,853,214798,0,2.13954522684503e-08
10595,4,1,118,841,258650,0,1.04148397818018e-08
10596,4,1,103,868,256609,0,2.33541191460701e-08
10597,4,1,97,862,251298,0,6.74491590872346e-08
10598,4,1,78,879,226153,0,1.0942016859035e-07
10599,4,1,84,853,200406,0,2.64934079403596e-08
10600,4,1,83,854,211295,0,3.5720890617259e-09
10601,4,1,82,861,230824,0,3.32191823678031e-08
10602,4,1,99,879,297507,0,2.4134345977909e-08
10603,4,1,95,863,251696,0,2.09106202029753e-08
10604,4,1,101,886,276241,0,1.6662675649095e-08
10605,4,1,85,897,348087,0,5.20879460184453e-09
10606,4,1,90,891,350294,0,3.55064866297387e-08
10607,4,1,80,874,367883,0,1.52768226471625e-08
10608,4,1,101,856,294977,0,2.83878361592947e-08
10609,4,1,104,878,350868,0,9.05728572102194e-08
10610,4,1,94,803,389602,0,5.99723053407137e-08
10611,4,1,101,858,334739,0,9.20561207914562e-08
10612,4,1,102,872,362466,0,1.77909992526275e-08
10613,4,1,108,856,337034,0,8.69158968246497e-08
10614,4,1,99,856,335608,0,4.04803540226665e-08
10615,4,1,83,860,270449,0,2.0468193897091e-06
10616,4,1,105,852,238830,0,6.83023469907067e-09
10617,4,1,105,904,209636,0,2.63106008810656e-08
10618,4,1,110,853,326848,0,1.77463527845117e-07
10619,4,1,82,898,294313,0,1.1995282330279e-08
10620,4,1,88,821,365812,0,4.12348456765897e-08
10621,4,1,104,852,282358,0,2.00995072912228e-07
10622,4,1,99,871,204098,0,2.7957565261419e-08
10623,4,1,100,893,162512,0,1.72891530218886e-08
10624,4,1,91,888,176648,0,5.39858052480343e-08
10625,4,1,94,876,169952,0,2.34319610983474e-09
10626,4,1,96,889,165133,0,1.7135061513676e-06
10627,4,1,100,838,142898,0,1.74135924835857e-08
10628,4,1,92,896,145737,0,1.62167948624773e-08
10629,4,1,100,860,220150,0,2.71705068850415e-07
10630,4,1,96,880,233577,0,1.35728076779158e-08
10631,4,1,91,841,203873,0,3.15420844310177e-08
10632,4,1,103,887,183076,0,1.10853825840157e-08
10633,4,1,94,889,247953,0,9.0045943103963e-09
10634,4,1,86,876,222649,0,1.70179978558657e-08
10635,4,1,102,839,219722,0,3.27948727828803e-07
10636,4,1,84,809,297534,0,6.9376569797137e-08
10637,4,1,104,892,180052,0,6.51640756441973e-09
10638,4,1,104,864,187448,0,2.89826453198049e-07
10639,4,1,92,900,133994,0,4.11640620631548e-07
10640,4,1,83,870,160867,0,1.01140432543429e-08
10641,4,1,108,877,195655,0,5.22484440187434e-08
10642,4,1,91,854,216228,0,3.07132787362568e-09
10643,4,1,110,857,347125,0,4.6601914090463e-09
10644,4,1,87,857,246951,0,5.12978156237472e-08
10645,4,1,111,855,309734,0,5.34828386976004e-08
10646,4,1,95,879,326619,0,6.58484799712745e-09
10647,4,1,123,808,394724,0,1.40601321547148e-08
10648,4,1,114,846,301629,0,1.4184528666759e-08
10649,4,1,95,886,256850,0,1.28260022036583e-07
10650,4,1,94,825,257484,0,1.94676416487243e-07
10651,4,1,83,859,258374,0,7.20928682054938e-08
10652,4,1,102,856,276643,0,8.90542503013141e-09
10653,4,1,90,871,321491,0,1.03779537240086e-08
10654,4,1,90,874,276955,0,8.88709472675157e-09
10655,4,1,87,868,321726,0,2.45025449060493e-09
10656,4,1,94,848,292236,0,2.06530512957439e-08
10657,4,1,89,859,346948,0,2.4772528848159e-08
10658,4,1,89,852,260229,0,4.11363532284424e-09
10659,4,1,94,853,252365,0,2.99198483728157e-08
10660,4,1,92,885,268055,0,5.19469517484487e-08
10661,4,1,95,810,245204,0,5.59615956360465e-08
10662,4,1,94,873,226908,0,1.28171047317902e-07
10663,4,1,99,818,211315,0,2.15363843442225e-07
10664,4,1,92,881,241201,0,8.976864014643e-09
10665,4,1,88,856,281959,0,3.96900453319326e-07
10666,4,1,94,866,274512,0,1.00350724061862e-08
10667,4,1,110,843,270711,0,1.93541273583318e-08
10668,4,1,110,788,303309,0,4.4330390837663e-09
10669,4,1,120,888,315862,0,2.6442281112689e-08
10670,4,1,88,840,284580,0,5.83213195271204e-08
10671,4,1,90,853,222824,0,1.72481971020946e-07
10672,4,1,96,830,230450,0,1.05048731652944e-07
10673,4,1,74,856,263897,0,1.10386595223198e-08
10674,4,1,87,887,305396,0,2.09241979037553e-07
10675,4,1,100,852,296654,0,8.15539155793319e-09
10676,4,1,85,831,275389,0,2.94748129445254e-07
10677,4,1,102,836,291640,0,1.35458165674565e-08
10678,4,1,92,837,297154,0,1.49441572379356e-08
10679,4,1,83,843,338420,0,8.34381595826316e-09
10680,4,1,111,857,322847,0,5.3536792450378e-08
10681,4,1,113,876,377979,0,1.56338829422939e-08
10682,4,1,107,853,377572,0,1.77935983744562e-08
10683,4,1,94,819,370534,0,5.70077548158896e-09
10684,4,1,108,857,298507,0,6.72937419350071e-09
10685,4,1,79,862,382476,0,7.57616618251733e-09
10686,4,1,86,838,365342,0,2.24928921779514e-08
10687,4,1,83,817,537565,0,1.13628116701364e-08
10688,4,1,88,806,436243,0,4.17700472341327e-09
10689,4,1,96,821,295268,0,2.36884201964568e-09
10690,4,1,95,823,329857,0,4.59255704399078e-09
10691,4,1,91,842,272237,0,6.23317895179411e-08
10692,4,1,83,895,258897,0,4.35984732814455e-08
10693,4,1,87,841,256851,0,1.27487073299688e-08
10694,4,1,83,790,406005,0,2.14377884556387e-08
10695,4,1,60,849,269568,0,3.63158556169947e-08
10696,4,1,90,817,257776,0,5.11043794989972e-08
10697,4,1,78,843,269125,0,1.90612313253115e-08
10698,4,1,84,882,359090,0,7.51270320495123e-09
10699,4,1,101,828,346591,0,1.66052462128481e-08
10700,4,1,97,831,333277,0,1.47465808981928e-08
10701,4,1,86,807,326924,0,1.26149098948937e-08
10702,4,1,77,836,321261,0,4.09638062042008e-09
10703,4,1,106,818,500543,0,6.38155288841624e-09
10704,4,1,94,779,573178,0,3.2119011840509e-08
10705,4,1,105,802,337133,0,1.31267714401609e-07
10706,4,1,110,859,319712,0,1.7214826312393e-08
10707,4,1,86,822,246733,0,1.06072306960517e-08
10708,4,1,79,860,291606,0,9.51239793264579e-08
10709,4,1,96,847,241498,0,5.05069657578393e-09
10710,4,1,98,862,244905,0,1.98409217699652e-09
10711,4,1,110,826,169235,0,4.18226896312082e-08
10712,4,1,113,856,218913,0,9.49231328725177e-09
10713,4,1,98,863,166440,0,7.169868899044e-07
10714,4,1,96,870,181403,0,2.03907364555393e-08
10715,4,1,107,861,202776,0,5.32532093551546e-09
10716,4,1,113,876,170212,0,1.60499556895964e-08
10717,4,1,73,834,191918,0,6.77326606871234e-07
10718,4,1,93,819,228618,0,3.76400233649156e-09
10719,4,1,124,893,197431,0,7.53776021650589e-09
10720,4,1,100,853,190367,0,8.72969639545063e-08
10721,4,1,85,864,174893,0,2.11208059774372e-08
10722,4,1,97,826,261313,0,1.98384045618411e-08
10723,4,1,90,884,238254,0,5.33114194536113e-08
10724,4,1,107,874,261617,0,3.1760529081948e-08
10725,4,1,101,810,204795,0,1.33195135119015e-08
10726,4,1,103,865,268238,0,5.57831862254664e-08
10727,4,1,93,898,236440,0,8.31103252917961e-09
10728,4,1,88,802,225619,0,6.31101189097665e-09
10729,4,1,96,840,256233,0,3.5407907422273e-08
10730,4,1,79,891,180202,0,1.87989853824843e-08
10731,4,1,93,853,193657,0,1.34396420503231e-08
10732,4,1,103,828,197428,0,1.33186672229316e-08
10733,4,1,102,857,237618,0,6.15674163653629e-08
10734,4,1,115,870,271035,0,3.14697677019172e-08
10735,4,1,95,893,182175,0,4.45886535160104e-08
10736,4,1,115,860,201665,0,3.14775153061802e-07
10737,4,1,115,839,169366,0,4.32801237755003e-08
10738,4,1,89,839,177852,0,3.71297288746532e-08
10739,4,1,97,841,190926,0,1.11587922513169e-08
10740,4,1,96,862,167864,0,1.07670101207038e-08
10741,4,1,100,898,148323,0,2.57836276533936e-08
10742,4,1,113,850,161183,0,1.19668839867296e-08
10743,4,1,120,827,136838,0,2.51279635237342e-07
10744,4,1,77,849,120492,0,3.04302731650576e-09
10745,4,1,103,894,170859,0,2.96954664353799e-09
10746,4,1,92,878,190161,0,1.47958939837941e-08
10747,4,1,93,850,162340,0,5.0515138135093e-08
10748,4,1,94,842,125545,0,4.5080137261945e-09
10749,4,1,98,864,133001,0,7.00289875722948e-09
10750,4,1,107,830,130974,0,3.64579044563961e-08
10751,4,1,104,874,167666,0,3.09883200574075e-06
10752,4,1,81,834,189262,0,8.22917331567637e-08
10753,4,1,113,879,214714,0,1.27817495882104e-07
10754,4,1,103,892,201019,0,4.76232171642203e-08
10755,4,1,95,801,182725,0,1.75144267551321e-07
10756,4,1,85,832,169140,0,1.23667478995738e-07
10757,4,1,94,854,131657,0,1.13968676310311e-07
10758,4,1,91,868,151016,0,1.00343443012689e-08
10759,4,1,109,841,187654,0,2.9000104415955e-08
10760,4,1,118,856,180066,0,1.6627107654268e-08
10761,4,1,110,852,108999,0,5.78679030049241e-08
10762,4,1,91,857,147739,0,1.29882500929146e-08
10763,4,1,104,814,144655,0,1.25719226424121e-07
10764,4,1,93,823,164680,0,1.17680325170884e-08
10765,4,1,93,869,139049,0,4.56903307491776e-09
10766,4,1,96,820,131232,0,5.02606507769833e-09
10767,4,1,93,836,162594,0,8.64344601473619e-06
10768,4,1,107,838,179673,0,2.40250940398039e-08
10769,4,1,122,869,180096,0,5.33695380073033e-09
10770,4,1,106,874,175709,0,2.51892291459446e-09
10771,4,1,93,848,131766,0,2.20708496408806e-07
10772,4,1,82,854,166458,0,9.25341396286495e-09
10773,4,1,66,840,217536,0,1.95676122269217e-08
10774,4,1,105,834,214878,0,5.56162357807046e-08
10775,4,1,99,819,202471,0,6.15691663536657e-08
10776,4,1,87,877,185400,0,2.04272776750599e-08
10777,4,1,99,820,177799,0,2.87377292930553e-07
10778,4,1,97,849,238201,0,7.65170717058719e-09
10779,4,1,93,792,216890,0,1.31501984532941e-07
10780,4,1,82,828,232048,0,1.77670772967195e-08
10781,4,1,79,858,210106,0,9.78939487288862e-08
10782,4,1,102,816,154100,0,4.20146573330142e-09
10783,4,1,74,795,148041,0,3.23794611828924e-09
10784,4,1,102,835,156178,0,1.4058028547497e-08
10785,4,1,92,874,153925,0,4.07862182104773e-08
10786,4,1,96,833,186672,0,2.22386580088586e-08
10787,4,1,87,903,197946,0,7.82384674836154e-08
10788,4,1,127,867,322725,0,3.30621908601468e-08
10789,4,1,113,852,277534,0,8.86355359537723e-09
10790,4,1,109,872,236030,0,7.46034601488414e-09
10791,4,1,110,865,300476,0,2.14163246088371e-08
10792,4,1,92,839,289102,0,4.66984307875775e-08
10793,4,1,81,840,280396,0,1.88205172882568e-08
10794,4,1,83,827,230001,0,1.42052829356535e-08
10795,4,1,95,810,172076,0,1.3973196009536e-08
10796,4,1,102,841,153954,0,1.7458815676629e-08
10797,4,1,89,806,170872,0,8.1107445393301e-08
10798,4,1,87,827,189613,0,2.90832073834327e-08
10799,4,1,103,842,275332,0,8.14454417722317e-08
10800,4,1,95,803,261867,0,4.10123322799673e-08
10801,4,1,111,793,204969,0,6.36381899969866e-08
10802,4,1,90,862,227207,0,5.47144752832206e-09
10803,4,1,94,818,233035,0,1.49118436902267e-08
10804,4,1,105,837,203760,0,4.66162990915165e-09
10805,4,1,99,867,165274,0,1.40901427514141e-08
10806,4,1,105,883,231361,0,4.08470716156005e-09
10807,4,1,81,867,216713,0,1.98206566169849e-09
10808,4,1,86,866,192425,0,1.41255697325633e-08
10809,4,1,90,826,181214,0,2.11708534346045e-08
10810,4,1,90,842,163719,0,1.10776232552394e-08
10811,4,1,104,838,205808,0,8.61075838531713e-09
10812,4,1,99,847,219497,0,6.22717824628629e-08
10813,4,1,89,834,221342,0,1.01231300835437e-07
10814,4,1,102,847,219289,0,6.24818281677277e-08
10815,4,1,99,863,265206,0,5.84018656081162e-09
10816,4,1,106,870,206950,0,5.93997786270476e-09
10817,4,1,91,847,219196,0,3.78278236807052e-09
10818,4,1,87,841,202536,0,2.17061223714596e-08
10819,4,1,104,854,215648,0,2.16044237680545e-08
10820,4,1,101,839,218168,0,9.83593866869259e-08
10821,4,1,106,825,236582,0,5.74117509704323e-09
10822,4,1,93,832,276115,0,2.15878213016066e-09
10823,4,1,102,847,242199,0,7.7097988411582e-08
10824,4,1,103,871,340232,0,2.27428125292168e-09
10825,4,1,99,833,375596,0,4.83667278181152e-09
10826,4,1,102,818,384744,0,1.61227540327429e-08
10827,4,1,86,790,310131,0,1.76664655224482e-08
10828,4,1,84,816,335178,0,3.16176584221162e-08
10829,4,1,75,854,343660,0,4.41068547884649e-08
10830,4,1,77,828,340602,0,1.13656799003627e-08
10831,4,1,79,840,302279,0,1.10495884502833e-08
10832,4,1,90,863,307461,0,2.10488892324385e-08
10833,4,1,84,858,329903,0,1.79663844482814e-07
10834,4,1,93,850,357727,0,4.65198922366658e-08
10835,4,1,109,824,233666,0,1.02459970827899e-08
10836,4,1,113,809,173633,0,4.8309384598786e-08
10837,4,1,89,814,173829,0,5.40712483915296e-09
10838,4,1,83,828,167617,0,3.72492168513838e-08
10839,4,1,106,849,243750,0,8.89880611071969e-09
10840,4,1,81,808,335260,0,1.86627996325254e-08
10841,4,1,79,806,236984,0,1.26478329791654e-08
10842,4,1,79,847,247737,0,1.65940434488449e-08
10843,4,1,88,807,352577,0,4.67656943009197e-09
10844,4,1,84,819,481143,0,1.80278935844241e-08
10845,4,1,87,804,341317,0,2.2535982099946e-07
10846,4,1,82,784,431557,0,7.7325234399949e-09
10847,4,1,89,800,350849,0,3.78823067488524e-08
10848,4,1,87,842,305005,0,1.18346892126467e-08
10849,4,1,89,824,320714,0,5.72981492618919e-08
10850,4,1,82,795,291262,0,1.4360933867033e-07
10851,4,1,92,821,297645,0,4.83376566576241e-09
10852,4,1,87,843,256962,0,4.39783590451199e-09
10853,4,1,83,876,280265,0,4.16311332240445e-08
10854,4,1,67,795,264979,0,5.08043856764657e-08
10855,4,1,82,781,276324,0,2.95073980226567e-08
10856,4,1,91,840,232908,0,1.33242393299109e-08
10857,4,1,103,834,246857,0,2.62758492508901e-08
10858,4,1,99,816,334302,0,6.58623423010294e-09
10859,4,1,86,810,311670,0,2.01731684465508e-08
10860,4,1,68,824,319350,0,6.21281894262846e-09
10861,4,1,83,823,302562,0,1.90212335318172e-08
10862,4,1,99,865,276671,0,1.63168548905906e-08
10863,4,1,106,821,251122,0,5.4403326127308e-09
10864,4,1,92,826,256221,0,1.94744687811129e-08
10865,4,1,83,870,232202,0,1.57954266908692e-08
10866,4,1,105,810,343925,0,7.07455173592155e-09
10867,4,1,89,810,296048,0,8.06222673490259e-09
10868,4,1,115,854,274103,0,2.07164780429392e-08
10869,4,1,93,803,225916,0,2.1625400033444e-08
10870,4,1,92,839,274685,0,1.40510072015729e-07
10871,4,1,107,845,291126,0,2.8771127015343e-09
10872,4,1,83,814,290831,0,2.23007995304249e-08
10873,4,1,94,857,405113,0,8.36536852509623e-09
10874,4,1,81,839,272931,0,1.06771856958135e-08
10875,4,1,87,831,309628,0,7.71668332515013e-08
10876,4,1,101,826,300876,0,5.06065954500435e-07
10877,4,1,102,832,283751,0,2.59058649530251e-06
10878,4,1,100,822,249608,0,4.67588838099038e-09
10879,4,1,100,854,282108,0,5.78495513892074e-08
10880,4,1,99,818,306043,0,1.58551970529933e-08
10881,4,1,93,860,262151,0,5.75700863319695e-08
10882,4,1,100,832,232591,0,3.27547205912486e-08
10883,4,1,86,830,364166,0,4.62110780396421e-08
10884,4,1,103,811,309119,0,2.28306506292909e-07
10885,4,1,107,813,404507,0,7.97266162509405e-09
10886,4,1,109,850,318769,0,4.8285800178645e-09
10887,4,1,110,794,329549,0,2.71456062036537e-09
10888,4,1,97,860,271125,0,2.64157915100991e-08
10889,4,1,102,821,320476,0,6.66189389258499e-07
10890,4,1,82,817,292664,0,2.291468264504e-09
10891,4,1,99,866,287285,0,5.13826083309434e-09
10892,4,1,85,842,257144,0,1.34408197743958e-08
10893,4,1,97,809,314902,0,5.63729908857266e-08
10894,4,1,66,814,216141,0,1.07395080907672e-08
10895,4,1,79,793,280011,0,7.96607473286681e-09
10896,4,1,99,839,340640,0,2.60312941983351e-08
10897,4,1,93,864,306115,0,1.31084888102965e-08
10898,4,1,77,857,283418,0,1.52867527582054e-08
10899,4,1,89,820,299516,0,2.74498075716484e-08
10900,4,1,65,832,294599,0,5.76780633480251e-07
10901,4,1,88,867,329860,0,4.79328512450399e-09
10902,4,1,94,818,335594,0,8.22724984971699e-08
10903,4,1,92,818,277983,0,1.17098273787203e-07
10904,4,1,120,836,240550,0,5.47643032159179e-09
10905,4,1,80,826,227140,0,2.93715332094085e-08
10906,4,1,121,850,182508,0,4.85757411594192e-09
10907,4,1,93,830,252283,0,8.0166109422076e-09
10908,4,1,90,820,195861,0,1.74333692268994e-08
10909,4,1,87,824,246847,0,1.82490178009747e-08
10910,4,1,109,834,250684,0,6.22822441964209e-09
10911,4,1,81,830,236950,0,4.24190736316627e-08
10912,4,1,83,849,220869,0,1.26288406935218e-07
10913,4,1,95,867,164264,0,3.44335711650174e-09
10914,4,1,82,847,151302,0,5.87679061335413e-08
10915,4,1,106,837,175540,0,1.60013902627905e-08
10916,4,1,94,835,132700,0,4.06530365837563e-09
10917,4,1,90,842,148139,0,2.08640942654038e-07
10918,4,1,77,843,149814,0,1.64366814198702e-08
10919,4,1,82,835,132708,0,5.73623462653555e-08
10920,4,1,116,861,182149,0,7.19845342701437e-09
10921,4,1,81,856,147402,0,2.56537523534079e-09
10922,4,1,86,839,193091,0,5.87731526188443e-09
10923,4,1,100,839,172068,0,1.78186853796815e-08
10924,4,1,96,898,216915,0,4.7774615027193e-08
10925,4,1,85,881,187552,0,1.15971793691705e-08
10926,4,1,100,855,192401,0,2.92560758063192e-08
10927,4,1,98,893,183635,0,9.18558076746889e-08
10928,4,1,75,811,199599,0,6.05724567263913e-08
10929,4,1,95,823,169775,0,1.14791830036282e-07
10930,4,1,65,855,169420,0,5.27818339082859e-09
10931,4,1,98,817,166024,0,1.77935551815669e-07
10932,4,1,77,832,163613,0,3.09861345212553e-08
10933,4,1,97,847,172117,0,1.19982930454605e-08
10934,4,1,125,848,166026,0,7.81350679269275e-09
10935,4,1,98,795,220195,0,8.37009441307888e-08
10936,4,1,115,813,160708,0,1.25711704407821e-08
10937,4,1,95,810,164330,0,3.18380005628776e-08
10938,4,1,91,819,152371,0,3.09406943151857e-09
10939,4,1,80,785,150331,0,2.92027745960979e-08
10940,4,1,83,870,176234,0,8.43762727950934e-08
10941,4,1,70,794,144750,0,7.75328764640875e-09
10942,4,1,75,822,156642,0,3.0032436083989e-08
10943,4,1,82,808,169351,0,4.39144651967546e-08
10944,4,1,97,825,172243,0,3.06287404169253e-08
10945,4,1,99,824,231867,0,2.67309281408329e-08
10946,4,1,128,847,261018,0,1.47909874211008e-08
10947,4,1,83,798,268895,0,1.50661501153887e-08
10948,4,1,89,833,262929,0,4.53347730727453e-07
10949,4,1,70,822,221647,0,2.80513382476386e-08
10950,4,1,84,816,185367,0,2.01810291858539e-08
10951,4,1,114,858,298048,0,4.27340787831959e-08
10952,4,1,74,854,248772,0,5.36461072467199e-08
10953,4,1,80,820,235209,0,7.5033236483815e-08
10954,4,1,94,829,230579,0,5.05021184227729e-07
10955,4,1,74,785,274005,0,3.15207683719116e-08
10956,4,1,88,793,258950,0,1.70412345105534e-06
10957,4,1,81,862,204302,0,7.32675918148181e-09
10958,4,1,94,823,198549,0,9.03830829951565e-09
10959,4,1,86,820,259868,0,9.34746889334501e-08
10960,4,1,80,813,262302,0,1.49883281516578e-07
10961,4,1,82,819,180635,0,6.4753864512567e-09
10962,4,1,81,855,171117,0,1.0630156082977e-08
10963,4,1,95,836,185061,0,3.07345412272467e-08
10964,4,1,95,830,185337,0,1.92457891853998e-08
10965,4,1,94,838,238441,0,2.02167248841109e-06
10966,4,1,112,821,304095,0,1.22838408649136e-08
10967,4,1,102,865,248264,0,6.51812201240559e-09
10968,4,1,81,847,189208,0,3.44988121512121e-08
10969,4,1,89,834,227936,0,9.1401389147805e-08
10970,4,1,87,860,167730,0,8.18131508629118e-10
10971,4,1,82,847,190677,0,1.43422202054623e-06
10972,4,1,89,777,206779,0,6.43154677898442e-09
10973,4,1,99,805,289865,0,3.97824389769176e-09
10974,4,1,69,781,237754,0,1.15681808894159e-07
10975,4,1,78,871,163481,0,3.02175149199031e-09
10976,4,1,97,835,143072,0,1.07844754050937e-08
10977,4,1,93,820,164037,0,4.8217288235634e-08
10978,4,1,86,862,122416,0,4.22969652910803e-09
10979,4,1,85,842,117705,0,1.3885132450331e-08
10980,4,1,72,868,123406,0,9.36525443841768e-09
10981,4,1,86,858,145630,0,8.23696760796377e-09
10982,4,1,105,832,158397,0,2.6798984346283e-09
10983,4,1,80,850,174083,0,5.04436834694005e-07
10984,4,1,98,848,153494,0,8.55935610705641e-08
10985,4,1,75,856,130063,0,1.91720232684622e-08
10986,4,1,70,818,160307,0,4.02820629976118e-08
10987,4,1,111,836,208665,0,7.59291948392224e-09
10988,4,1,98,780,188184,0,1.02563706081079e-08
10989,4,1,84,786,216784,0,3.73581344525829e-08
10990,4,1,104,824,315904,0,2.32423331891669e-09
10991,4,1,72,875,243385,0,1.60438386484922e-08
10992,4,1,81,853,183498,0,4.8498700753228e-09
10993,4,1,101,854,141166,0,3.02668598448053e-09
10994,4,1,89,826,165563,0,9.80479782489609e-09
10995,4,1,87,850,155384,0,8.86128944066505e-09
10996,4,1,85,866,172749,0,5.09783857132449e-09
10997,4,1,96,859,171118,0,1.63384782350937e-08
10998,4,1,114,849,138030,0,4.3473005695163e-08
10999,4,1,102,850,146302,0,1.41819100708672e-08
11000,4,1,92,850,163845,0,1.97719404685813e-08
11001,4,1,92,879,157862,0,2.79530041764985e-09
11002,4,1,92,854,188184,0,2.1233975261672e-08
11003,4,1,74,814,203210,0,1.86656125008328e-09
11004,4,1,87,846,167156,0,1.05567978239185e-08
11005,4,1,98,877,169844,0,2.22435177241184e-07
11006,4,1,89,841,162165,0,9.74792070170784e-09
11007,4,1,69,816,203812,0,6.83054930717609e-08
11008,4,1,86,866,207782,0,1.18478318796535e-09
11009,4,1,80,808,185897,0,3.11287980097538e-08
11010,4,1,79,836,203752,0,3.23951551344254e-08
11011,4,1,88,853,248827,0,1.02965630654008e-08
11012,4,1,99,812,256075,0,4.10102887091053e-08
11013,4,1,108,874,178536,0,6.48140654134312e-08
11014,4,1,92,812,230063,0,7.6875849741111e-08
11015,4,1,95,830,208547,0,8.29039571529299e-09
11016,4,1,88,814,191190,0,1.08888081142448e-08
11017,4,1,91,809,210007,0,7.89677923144631e-09
11018,4,1,100,820,170268,0,5.68282259461671e-08
11019,4,1,96,839,181766,0,3.78437148833605e-08
11020,4,1,112,871,151651,0,4.27255799455148e-08
11021,4,1,122,796,291914,0,1.05175853040573e-08
11022,4,1,82,814,171521,0,2.21081649702899e-07
11023,4,1,109,873,142564,0,2.30467186050982e-06
11024,4,1,91,863,164882,0,8.3051489347248e-09
11025,4,1,107,849,178421,0,7.5953374539901e-08
11026,4,1,102,852,144875,0,1.15552841843032e-08
11027,4,1,108,866,118990,0,1.12821917494302e-08
11028,4,1,109,851,88619,0,3.57352972691918e-08
11029,4,1,102,891,97698,0,6.70017928773853e-09
11030,4,1,107,809,138325,0,3.98799677574379e-08
11031,4,1,104,868,87911,0,4.54078909938623e-08
11032,4,1,109,880,105624,0,1.27805918777203e-09
11033,4,1,104,874,126760,0,6.39166375774339e-08
11034,4,1,85,873,115411,0,5.661094124701e-09
11035,4,1,102,827,120915,0,3.76823746713252e-08
11036,4,1,93,919,129797,0,1.16838101565774e-07
11037,4,1,92,815,122385,0,1.02003653217059e-08
11038,4,1,82,860,110282,0,1.69408474344042e-08
11039,4,1,93,832,140462,0,1.1802900878056e-08
11040,4,1,97,866,149310,0,1.39085017424948e-08
11041,4,1,95,849,115926,0,2.31017439856933e-08
11042,4,1,98,830,135946,0,1.31831318583875e-07
11043,4,1,106,841,190276,0,9.99330151682504e-09
11044,4,1,110,878,190578,0,2.93762790259338e-09
11045,4,1,83,850,182785,0,5.00613246915708e-08
11046,4,1,102,838,206121,0,3.88884901915586e-08
11047,4,1,104,884,153387,0,7.71815827419527e-08
11048,4,1,117,856,128370,0,1.1627481254395e-08
11049,4,1,109,872,139081,0,5.16028472386048e-08
11050,4,1,118,854,186238,0,4.79729353712549e-09
11051,4,1,91,811,190880,0,4.1667802963984e-09
11052,4,1,67,848,211051,0,9.41498029981591e-09
11053,4,1,106,817,192199,0,1.21898526340702e-08
11054,4,1,92,841,159598,0,3.62731176947648e-07
11055,4,1,83,809,157433,0,1.90752186461629e-08
11056,4,1,92,863,169511,0,1.71524330311072e-08
11057,4,1,94,849,224020,0,8.94408972005415e-08
11058,4,1,86,813,173797,0,5.06505380744571e-08
11059,4,1,85,861,131431,0,4.87247901950042e-09
11060,4,1,91,806,158145,0,5.65013181872324e-09
11061,4,1,101,858,167191,0,9.95252162006403e-08
11062,4,1,113,778,204233,0,4.72672787932675e-08
11063,4,1,91,820,116457,0,4.45013722915523e-07
11064,4,1,88,845,122791,0,1.25539419546917e-08
11065,4,1,105,869,121940,0,1.43675904143099e-07
11066,4,1,103,860,198080,0,4.34477624218634e-09
11067,4,1,102,838,167541,0,1.78963478367954e-08
11068,4,1,109,839,157106,0,8.26821144838405e-08
11069,4,1,104,853,129666,0,1.89152382332809e-08
11070,4,1,79,848,117542,0,1.15485173138293e-08
11071,4,1,93,825,138842,0,2.16575074707089e-08
11072,4,1,80,814,102121,0,4.87929008089019e-09
11073,4,1,94,836,119003,0,6.3674495899228e-09
11074,4,1,93,824,142746,0,3.6735459891742e-09
11075,4,1,92,826,158485,0,6.64531662339792e-09
11076,4,1,106,800,168756,0,1.18047670051192e-08
11077,4,1,89,810,134457,0,8.61720332268827e-09
11078,4,1,75,865,158618,0,1.95857861222995e-08
11079,4,1,95,849,125977,0,1.941599063193e-08
11080,4,1,95,804,116980,0,4.55144413370402e-09
11081,4,1,86,881,92548,0,2.07842419272953e-08
11082,4,1,98,862,103890,0,1.91148730438867e-08
11083,4,1,98,859,116741,0,2.67743176817888e-08
11084,4,1,86,871,110812,0,1.17068930539312e-08
11085,4,1,98,891,117781,0,2.45471705701487e-08
11086,4,1,84,843,141495,0,1.15887602511288e-08
11087,4,1,101,830,121265,0,7.47293123163249e-08
11088,4,1,97,859,192689,0,1.87865878190612e-08
11089,4,1,110,821,318795,0,2.16275884672784e-08
11090,4,1,114,860,221244,0,1.03059875853222e-07
11091,4,1,89,855,216661,0,9.21872452129181e-08
11092,4,1,97,867,174642,0,1.27936952840724e-08
11093,4,1,109,860,164463,0,3.56021872337221e-09
11094,4,1,88,850,251884,0,1.87891852313834e-08
11095,4,1,99,874,315964,0,1.23509273074946e-07
11096,4,1,75,843,138054,0,1.2257154131007e-07
11097,4,1,94,830,184188,0,8.03111624240418e-09
11098,4,1,90,850,202131,0,1.1437769792027e-08
11099,4,1,92,826,173154,0,7.11640682383976e-08
11100,4,1,91,853,152471,0,8.03912832717221e-09
11101,4,1,94,852,193382,0,1.34848065229091e-08
11102,4,1,77,803,150318,0,1.10200491238703e-07
11103,4,1,82,819,151326,0,5.78858309489091e-09
11104,4,1,96,855,111118,0,7.7342828864784e-09
11105,4,1,87,830,129003,0,6.78865237945861e-09
11106,4,1,94,824,156203,0,8.78503599161683e-09
11107,4,1,92,828,158152,0,2.26935518550262e-08
11108,4,1,80,847,143289,0,2.28773848072104e-08
11109,4,1,80,867,134025,0,4.11356018910973e-08
11110,4,1,81,855,110573,0,7.53127718630362e-07
11111,4,1,93,818,144304,0,3.52651124813671e-09
11112,4,1,81,796,154363,0,2.84804192178366e-08
11113,4,1,96,833,146994,0,6.87185660657444e-09
11114,4,1,98,845,122931,0,3.33724772920871e-09
11115,4,1,98,869,136855,0,2.60994948582691e-08
11116,4,1,103,864,150071,0,7.93329857124172e-08
11117,4,1,116,867,127628,0,1.50771246121252e-07
11118,4,1,105,838,110759,0,2.26716734106116e-07
11119,4,1,99,822,116914,0,2.20315545914631e-09
11120,4,1,86,841,115834,0,3.48859757132235e-09
11121,4,1,83,833,129458,0,1.88799845921506e-07
11122,4,1,83,811,113783,0,6.42178909203948e-08
11123,4,1,90,851,90950,0,1.21889298003888e-08
11124,4,1,90,852,101558,0,6.94803302519195e-07
11125,4,1,119,852,109233,0,5.81685089529835e-09
11126,4,1,96,850,97416,0,1.6694690029298e-08
11127,4,1,96,880,103759,0,9.63342644980922e-07
11128,4,1,87,860,114968,0,1.34228480308127e-08
11129,4,1,98,867,110978,0,4.73773604245984e-08
11130,4,1,110,826,122919,0,1.41051882078526e-08
11131,4,1,108,874,158525,0,3.56086126429799e-07
11132,4,1,86,855,136357,0,1.19885831282588e-07
11133,4,1,91,881,159496,0,6.90948112872264e-09
11134,4,1,106,887,143926,0,8.99349097097675e-09
11135,4,1,85,838,158131,0,8.9429690610284e-09
11136,4,1,101,855,167371,0,8.31892583997607e-09
11137,4,1,83,820,191373,0,5.63531022721127e-08
11138,4,1,86,841,195095,0,1.92111251148855e-06
11139,4,1,93,860,166726,0,1.56052905580592e-07
11140,4,1,87,878,200769,0,3.37690903848257e-08
11141,4,1,74,849,149097,0,1.36030784957781e-09
11142,4,1,95,877,180970,0,1.22200028268327e-07
11143,4,1,90,829,220695,0,8.01505463796343e-09
11144,4,1,90,880,266660,0,2.5140127634983e-08
11145,4,1,100,829,264442,0,2.51209386908335e-09
11146,4,1,109,819,190968,0,2.54327181878169e-09
11147,4,1,82,876,274591,0,7.29941980995287e-09
11148,4,1,80,866,268274,0,2.59161917752952e-08
11149,4,1,81,857,320077,0,8.49571246080823e-08
11150,4,1,95,873,238487,0,4.11840257615476e-09
11151,4,1,91,836,217590,0,1.03064535875967e-08
11152,4,1,102,866,279632,0,7.49324634859284e-08
11153,4,1,96,854,332437,0,1.44986472874058e-07
11154,4,1,113,867,284920,0,1.01416249692261e-08
11155,4,1,96,865,276571,0,1.14389417706961e-08
11156,4,1,100,877,255332,0,1.54534852552962e-08
11157,4,1,104,851,187549,0,4.51233586987159e-09
11158,4,1,93,841,165519,0,7.55101232358197e-09
11159,4,1,98,900,158444,0,5.83947022573337e-07
11160,4,1,93,869,161231,0,3.82090837815202e-08
11161,4,1,107,837,256682,0,3.27458855480623e-09
11162,4,1,98,799,287976,0,6.76468367927317e-09
11163,4,1,87,845,243844,0,9.40184808771909e-08
11164,4,1,90,876,223420,0,6.44408864285063e-09
11165,4,1,126,892,363719,0,9.1935912397465e-08
11166,4,1,81,846,289659,0,6.36707896153557e-09
11167,4,1,90,867,224675,0,2.94586880103695e-09
11168,4,1,92,824,276134,0,1.25900545921968e-07
11169,4,1,92,857,406757,0,1.43486594452002e-07
11170,4,1,84,828,475306,0,9.03037288762417e-09
11171,4,1,95,846,354582,0,3.36551480978379e-09
11172,4,1,92,845,180657,0,6.89700598959969e-07
11173,4,1,75,853,211444,0,6.39417810864721e-09
11174,4,1,94,886,329983,0,2.9238911817065e-08
11175,4,1,107,818,441942,0,5.18751641159606e-09
11176,4,1,79,839,169290,0,9.86099844407795e-09
11177,4,1,84,836,176370,0,7.90816198183261e-09
11178,4,1,115,865,258838,0,1.8237852172369e-09
11179,4,1,98,863,195112,0,8.89638084464007e-08
11180,4,1,126,839,235767,0,1.71872875693282e-08
11181,4,1,119,869,290662,0,1.22673568143339e-08
11182,4,1,83,863,264161,0,1.07622992209274e-07
11183,4,1,94,850,248544,0,7.89877941988432e-09
11184,4,1,115,858,275222,0,1.27257544932082e-08
11185,4,1,100,847,266107,0,2.48912010801339e-08
11186,4,1,105,846,246258,0,3.49611656982398e-08
11187,4,1,74,870,260019,0,1.68186141860747e-07
11188,4,1,102,858,290540,0,3.46007299333576e-09
11189,4,1,96,888,447223,0,4.79005932528513e-09
11190,4,1,96,886,253604,0,6.62438695611824e-08
11191,4,1,82,853,181386,0,1.6205981561922e-09
11192,4,1,107,862,186758,0,1.95647426741147e-07
11193,4,1,99,865,203981,0,4.70881400992961e-08
11194,4,1,82,848,194365,0,8.86739227038491e-09
11195,4,1,79,851,229210,0,3.21809074320452e-08
11196,4,1,79,889,172373,0,4.8921146217786e-08
11197,4,1,73,828,189942,0,5.81095218947876e-09
11198,4,1,98,874,187784,0,3.68312914949065e-08
11199,4,1,93,780,189436,0,1.22084742017734e-08
11200,4,1,85,876,213200,0,1.45701645138755e-08
11201,4,1,79,810,208672,0,2.66027122055761e-08
11202,4,1,83,869,195856,0,2.41469631680631e-08
11203,4,1,87,811,283186,0,4.38909721334457e-09
11204,4,1,77,847,260374,0,6.35252533316488e-08
11205,4,1,106,830,227522,0,2.31728652767004e-08
11206,4,1,98,859,200788,0,1.97012535436993e-08
11207,4,1,81,851,228477,0,1.66648113670119e-09
11208,4,1,121,818,364064,0,8.8614722016106e-09
11209,4,1,89,871,209429,0,2.37472862093033e-08
11210,4,1,99,875,189435,0,2.50257176667258e-08
11211,4,1,107,860,226138,0,4.50258967747932e-09
11212,4,1,76,850,165538,0,6.91955992926205e-08
11213,4,1,95,830,184343,0,2.42771925218851e-08
11214,4,1,82,868,189757,0,8.69961244928291e-08
11215,4,1,87,877,212996,0,9.03887714967004e-08
11216,4,1,90,837,181908,0,6.69342980306171e-09
11217,4,1,88,859,178219,0,5.23075798032326e-09
11218,4,1,87,839,233767,0,1.74498590157765e-08
11219,4,1,86,824,279721,0,1.3289387297099e-08
11220,4,1,105,800,385174,0,2.74484141049269e-08
11221,4,1,87,816,283054,0,1.32294648818638e-08
11222,4,1,74,889,249449,0,1.55543813769453e-09
11223,4,1,76,867,183600,0,1.70546553386139e-07
11224,4,1,98,849,178629,0,3.69002642000005e-07
11225,4,1,95,841,237547,0,3.02203540894432e-08
11226,4,1,52,851,203818,0,9.47330430042915e-09
11227,4,1,90,851,173482,0,1.7527096255752e-07
11228,4,1,92,843,247444,0,8.28996663170230e-09
11229,4,1,98,831,166505,0,1.01096404967544e-08
11230,4,1,89,819,137052,0,5.17343332640942e-09
11231,4,1,96,852,146308,0,8.43340331449582e-08
11232,4,1,92,854,142383,0,2.56675533478611e-07
11233,4,1,82,877,154804,0,2.79691992045042e-08
11234,4,1,97,815,202162,0,6.35070644366027e-07
11235,4,1,97,868,247966,0,6.77530251495411e-09
11236,4,1,95,848,188865,0,2.29243964798794e-08
11237,4,1,116,900,237801,0,7.76835431101392e-09
11238,4,1,98,823,200400,0,3.15228456875927e-08
11239,4,1,108,881,190097,0,1.52272182141728e-08
11240,4,1,71,815,212616,0,2.26784559725915e-09
11241,4,1,98,875,182748,0,1.42149193560436e-08
11242,4,1,86,872,175682,0,5.00722352791327e-08
11243,4,1,102,868,168357,0,4.64780479641732e-09
11244,4,1,87,824,162620,0,7.79200704794628e-09
11245,4,1,90,847,162315,0,2.96478324633147e-08
11246,4,1,82,852,156217,0,8.95840305094248e-09
11247,4,1,91,885,156056,0,1.01550767210325e-08
11248,4,1,113,856,221184,0,1.4357313289733e-08
11249,4,1,102,903,193665,0,1.45070096748794e-08
11250,4,1,111,873,225121,0,9.10985554081204e-09
11251,4,1,113,865,238397,0,9.9551035642929e-09
11252,4,1,94,848,220808,0,4.5512401581017e-09
11253,4,1,90,860,268665,0,8.60561082537149e-08
11254,4,1,104,883,293919,0,1.87170841000564e-09
11255,4,1,90,890,293700,0,2.31921726476805e-08
11256,4,1,97,838,301080,0,6.70592702959627e-08
11257,4,1,96,873,357966,0,5.9167743843192e-09
11258,4,1,94,844,274270,0,6.16618755127029e-08
11259,4,1,87,834,227793,0,4.55041700219032e-08
11260,4,1,80,859,229198,0,1.00202438563766e-08
11261,4,1,88,855,216157,0,2.73165613711129e-08
11262,4,1,96,827,190263,0,2.54266202702636e-08
11263,4,1,74,876,156348,0,1.47984567104134e-08
11264,4,1,82,843,229659,0,5.97684172797875e-09
11265,4,1,91,881,340494,0,4.55407974724799e-08
11266,4,1,70,823,292794,0,1.86481189853981e-08
11267,4,1,87,892,265570,0,1.25787111465175e-07
11268,4,1,80,813,207953,0,2.07391719163314e-09
11269,4,1,74,820,186169,0,9.49768104660213e-08
11270,4,1,88,793,205204,0,2.701123885081e-07
11271,4,1,85,839,132394,0,1.27582352170555e-08
11272,4,1,97,863,143790,0,2.15250772923463e-09
11273,4,1,87,787,144343,0,1.1029345513483e-08
11274,4,1,86,863,140407,0,5.28102319619883e-09
11275,4,1,97,823,195835,0,1.25384845372828e-08
11276,4,1,102,857,263210,0,1.22853289330292e-08
11277,4,1,97,830,261872,0,5.23490413422306e-09
11278,4,1,93,856,167431,0,4.27596055426093e-08
11279,4,1,91,882,162706,0,7.84219133701934e-09
11280,4,1,110,849,166525,0,4.4541309561477e-08
11281,4,1,89,858,158946,0,4.89241293728884e-09
11282,4,1,101,884,151299,0,9.26310842596294e-08
11283,4,1,86,855,145033,0,5.3735870628638e-09
11284,4,1,103,867,140147,0,4.7300041198603e-09
11285,4,1,76,890,193941,0,3.11186038165792e-08
11286,4,1,109,859,164621,0,5.58782288743423e-08
11287,4,1,78,862,143244,0,5.3092481829197e-09
11288,4,1,110,881,166964,0,5.58083516888399e-09
11289,4,1,113,859,193611,0,6.03933655371969e-09
11290,4,1,107,897,205980,0,1.55948347929104e-08
11291,4,1,118,840,243794,0,6.79109505647584e-09
11292,4,1,87,886,194024,0,6.8859603737795e-08
11293,4,1,85,858,235038,0,1.86096589349596e-08
11294,4,1,98,851,217431,0,4.67494251160857e-09
11295,4,1,73,869,202272,0,9.44338242250097e-09
11296,4,1,95,883,250880,0,1.27418559827655e-08
11297,4,1,91,857,243189,0,7.36054701999959e-08
11298,4,1,75,822,281074,0,3.11119255174681e-08
11299,4,1,85,841,291693,0,1.21844145711977e-08
11300,4,1,94,840,247843,0,5.90715567261903e-09
11301,4,1,104,897,237938,0,1.26573232526145e-08
11302,4,1,81,881,250088,0,4.5453570063235e-09
11303,4,1,103,901,245958,0,3.31443015658091e-08
11304,4,1,93,908,225405,0,5.02987045047941e-08
11305,4,1,77,884,249135,0,2.1391953719415e-08
11306,4,1,111,866,195327,0,1.96155574876914e-07
11307,4,1,78,873,174826,0,1.31442632096212e-08
11308,4,1,83,855,192249,0,4.6638343388918e-09
11309,4,1,88,867,206779,0,1.11586848238495e-07
11310,4,1,83,905,198562,0,1.31508893156108e-08
11311,4,1,96,839,279243,0,4.42381558973649e-08
11312,4,1,74,845,204556,0,1.60950673112543e-08
11313,4,1,97,842,192294,0,3.36184462730063e-08
11314,4,1,85,811,164599,0,7.94974204656215e-09
11315,4,1,98,846,159240,0,1.2676209177205e-08
11316,4,1,92,872,176755,0,2.00558788789507e-08
11317,4,1,98,869,227390,0,2.36736554174471e-08
11318,4,1,88,817,263731,0,5.84417068723645e-09
11319,4,1,86,870,201921,0,7.47259641464872e-08
11320,4,1,81,884,169067,0,4.63300845488239e-08
11321,4,1,99,858,201179,0,9.28769317667769e-08
11322,4,1,106,864,246161,0,1.84538876606169e-06
11323,4,1,98,852,213339,0,3.88101618064031e-08
11324,4,1,106,901,233869,0,1.63812368459886e-09
11325,4,1,103,870,281054,0,7.55155269825925e-10
11326,4,1,80,830,328714,0,2.55227717778254e-08
11327,4,1,80,849,293256,0,3.52502381395397e-08
11328,4,1,66,892,234416,0,1.38661141856224e-08
11329,4,1,99,850,195128,0,3.73382016260336e-09
11330,4,1,90,866,221642,0,2.04477260331366e-08
11331,4,1,82,896,217089,0,7.04402368228191e-09
11332,4,1,84,893,205547,0,1.17742820230027e-08
11333,4,1,93,895,213892,0,1.68831028375013e-08
11334,4,1,81,849,255880,0,2.1394111831638e-08
11335,4,1,102,837,233742,0,1.29527976562248e-09
11336,4,1,89,874,247875,0,2.32411993272948e-09
11337,4,1,86,845,207294,0,3.73727894280992e-08
11338,4,1,84,845,182087,0,2.6327324561703e-08
11339,4,1,74,822,158789,0,2.81414680749448e-09
11340,4,1,104,872,199224,0,1.65749875768076e-08
11341,4,1,117,848,198372,0,1.16481157944999e-08
11342,4,1,122,853,209997,0,1.96277276197199e-09
11343,4,1,94,869,213115,0,1.81709959342099e-09
11344,4,1,105,858,172901,0,1.10311348914868e-08
11345,4,1,91,852,118605,0,1.67952009657413e-09
11346,4,1,99,852,108568,0,2.25202599022749e-08
11347,4,1,117,858,176386,0,1.46414772295892e-08
11348,4,1,100,852,119315,0,2.70026091359465e-08
11349,4,1,90,849,148453,0,4.27324179578972e-09
11350,4,1,109,816,161870,0,4.97132296932634e-09
11351,4,1,89,865,145676,0,6.77045311248655e-09
11352,4,1,93,850,149795,0,4.35557781910613e-07
11353,4,1,86,844,145388,0,3.77283020563e-09
11354,4,1,89,856,145344,0,2.89408298174721e-08
11355,4,1,88,779,127008,0,3.41871852316651e-08
11356,4,1,82,859,138573,0,3.38447033309208e-08
11357,4,1,99,853,153724,0,1.07076724803083e-07
11358,4,1,113,844,185023,0,1.01359878711265e-08
11359,4,1,89,903,142772,0,5.43260482929495e-06
11360,4,1,97,866,157536,0,2.71861234673749e-08
11361,4,1,91,850,163648,0,1.14463655670844e-08
11362,4,1,91,874,186538,0,4.03498830024323e-08
11363,4,1,83,863,155162,0,8.38639872300076e-08
11364,4,1,112,812,170262,0,1.3719820093528e-08
11365,4,1,83,856,174363,0,4.40824911006325e-08
11366,4,1,96,865,189326,0,2.1630068887575e-08
11367,4,1,89,853,194990,0,5.59088537257034e-08
11368,4,1,84,870,236137,0,3.32031433868714e-09
11369,4,1,107,836,288181,0,1.21746982028574e-08
11370,4,1,88,827,230404,0,7.25242359728246e-09
11371,4,1,98,853,228333,0,3.00113152831517e-08
11372,4,1,108,867,251259,0,8.81796396890396e-09
11373,4,1,108,870,186326,0,1.55668804639005e-08
11374,4,1,86,895,234994,0,1.35393398251701e-08
11375,4,1,103,887,271430,0,2.95195333896407e-08
11376,4,1,115,847,212569,0,4.52877332812674e-09
11377,4,1,90,807,176205,0,1.46111073085187e-08
11378,4,1,76,832,243646,0,6.20967991504095e-10
11379,4,1,113,892,225025,0,9.73797436355044e-09
11380,4,1,87,852,178362,0,1.73743172045305e-08
11381,4,1,84,877,205587,0,1.08556011662706e-08
11382,4,1,101,873,235673,0,3.02083991341611e-08
11383,4,1,98,842,195552,0,3.51624521294487e-08
11384,4,1,90,867,204071,0,2.13195567386788e-08
11385,4,1,90,853,247741,0,3.56846126332756e-08
11386,4,1,96,873,239948,0,5.64617861667728e-09
11387,4,1,98,903,210677,0,8.25214218220952e-09
11388,4,1,103,850,230396,0,5.17998738039459e-09
11389,4,1,84,805,191014,0,3.49503708522049e-09
11390,4,1,83,824,230653,0,4.1811741038688e-08
11391,4,1,101,862,236333,0,5.68331573052626e-09
11392,4,1,108,874,232356,0,4.89697483956264e-08
11393,4,1,90,880,230890,0,7.39532891403405e-09
11394,4,1,93,881,228653,0,8.6841191105704e-09
11395,4,1,79,873,219687,0,5.30020831048255e-09
11396,4,1,101,861,210288,0,2.506381806821e-09
11397,4,1,99,855,238949,0,1.25261546410153e-08
11398,4,1,105,841,232580,0,1.23004197619841e-08
11399,4,1,93,826,252401,0,1.93617150929669e-08
11400,4,1,77,827,300248,0,9.60811197859870e-09
11401,4,1,81,829,162788,0,1.24991726747725e-08
11402,4,1,86,887,167567,0,5.09321956419385e-08
11403,4,1,89,834,191558,0,2.89911557162636e-09
11404,4,1,98,839,161410,0,5.32208256924229e-09
11405,4,1,117,898,191836,0,6.81880817528328e-09
11406,4,1,104,850,161421,0,1.43395242361077e-07
11407,4,1,104,865,193252,0,7.91232346911993e-08
11408,4,1,119,876,211634,0,1.52411639659862e-07
11409,4,1,80,833,194486,0,2.40723312229089e-08
11410,4,1,102,862,248619,0,1.25900184834255e-07
11411,4,1,84,862,220042,0,2.30413896017752e-09
11412,4,1,88,857,190651,0,6.09374060738426e-08
11413,4,1,93,854,223455,0,8.03323763155413e-09
11414,4,1,97,854,176052,0,1.20272096463811e-08
11415,4,1,107,841,178805,0,1.14636701039852e-08
11416,4,1,72,817,171252,0,1.19053197080928e-07
11417,4,1,98,857,178995,0,6.76462923333929e-09
11418,4,1,101,846,151529,0,1.24920633804708e-08
11419,4,1,104,873,160419,0,1.6666138860982e-08
11420,4,1,104,839,158908,0,3.92426834347181e-09
11421,4,1,101,833,215628,0,1.71852344202138e-09
11422,4,1,101,846,151849,0,4.65075922902141e-07
11423,4,1,107,845,168867,0,8.08528600109789e-09
11424,4,1,107,848,192967,0,1.2449741769884e-08
11425,4,1,112,886,214004,0,3.34537124000395e-08
11426,4,1,80,855,201601,0,8.54880529942743e-09
11427,4,1,111,864,184037,0,2.26552923979148e-08
11428,4,1,98,846,119879,0,1.39124263487003e-08
11429,4,1,90,862,146334,0,1.8845618336647e-07
11430,4,1,93,879,161360,0,1.03937251259769e-08
11431,4,1,100,827,163724,0,4.06186840606783e-07
11432,4,1,96,802,202389,0,1.4643242575057e-08
11433,4,1,91,874,113358,0,1.26417558157656e-08
11434,4,1,85,848,152008,0,8.87361383766662e-09
11435,4,1,73,855,136388,0,1.74764400262421e-08
11436,4,1,102,872,112793,0,3.45652673684296e-07
11437,4,1,102,860,122686,0,2.38531229893275e-08
11438,4,1,91,841,117128,0,4.33721842504415e-08
11439,4,1,97,852,160931,0,1.90250865572589e-07
11440,4,1,79,843,187385,0,5.83193144313907e-08
11441,4,1,97,875,200156,0,1.01038343347639e-08
11442,4,1,99,856,216760,0,1.73355536247086e-07
11443,4,1,102,845,152380,0,3.61219091220543e-09
11444,4,1,113,874,161722,0,2.03013255524576e-08
11445,4,1,98,877,155316,0,2.66738486816639e-08
11446,4,1,92,822,169148,0,1.3259980568838e-08
11447,4,1,90,845,203432,0,5.26751964379702e-08
11448,4,1,85,825,169845,0,1.44852319246485e-08
11449,4,1,79,848,170571,0,4.99762662031716e-07
11450,4,1,99,874,173692,0,4.52235259080556e-09
11451,4,1,115,870,179169,0,8.16889558570811e-09
11452,4,1,87,858,174767,0,3.40161252912548e-08
11453,4,1,87,808,136681,0,1.29704597402296e-08
11454,4,1,107,813,144107,0,2.04269837535009e-07
11455,4,1,105,833,150460,0,4.47315810133516e-08
11456,4,1,110,869,153213,0,1.40607638527801e-08
11457,4,1,117,822,122439,0,1.75532602755299e-08
11458,4,1,108,837,131105,0,1.58895530640667e-08
11459,4,1,94,829,154724,0,5.78404139715705e-08
11460,4,1,84,852,159534,0,4.39692107595175e-08
11461,4,1,116,848,186148,0,7.99756861017369e-09
11462,4,1,86,848,178648,0,8.21910346650959e-09
11463,4,1,97,889,195556,0,3.99307809319778e-08
11464,4,1,106,893,244582,0,1.64221638839774e-09
11465,4,1,98,854,225798,0,1.19733325300271e-08
11466,4,1,84,859,281785,0,3.66860361140341e-09
11467,4,1,90,876,234103,0,5.92652748222749e-09
11468,4,1,116,851,105301,0,5.2017493255901e-07
11469,4,1,108,888,140310,0,2.82665873461183e-09
11470,4,1,91,888,139422,0,1.16938181828101e-07
11471,4,1,99,830,100233,0,2.33352274938257e-06
11472,4,1,94,869,103166,0,3.2564187488204e-08
11473,4,1,93,865,103301,0,4.12333498263659e-09
11474,4,1,78,887,129586,0,5.2032606356272e-09
11475,4,1,86,883,160613,0,1.07193997836613e-07
11476,4,1,104,836,139909,0,5.20689844748717e-09
11477,4,1,102,888,118706,0,2.47201681965812e-09
11478,4,1,86,903,149900,0,2.32754572292354e-09
11479,4,1,109,906,159252,0,2.67347012216332e-07
11480,4,1,96,903,193640,0,3.10838952953101e-08
11481,4,1,95,869,220806,0,1.09118625555903e-09
11482,4,1,111,859,142594,0,1.38799751259465e-08
11483,4,1,111,898,117532,0,3.6914609453478e-08
11484,4,1,92,877,146844,0,2.25380510818442e-08
11485,4,1,76,865,179712,0,1.06408674699022e-06
11486,4,1,102,846,207235,0,3.05784677226673e-08
11487,4,1,121,830,222487,0,2.72341345317185e-08
11488,4,1,68,867,271904,0,1.78810212783437e-08
11489,4,1,90,884,170168,0,1.22190253182981e-08
11490,4,1,95,880,206856,0,9.73903091109005e-08
11491,4,1,93,844,146037,0,2.37685769836094e-09
11492,4,1,90,859,132932,0,1.00788200974112e-08
11493,4,1,94,859,134777,0,1.57641393746172e-07
11494,4,1,113,811,144303,0,5.72353780662319e-09
11495,4,1,91,823,186832,0,5.04858579139766e-08
11496,4,1,77,872,194775,0,3.86197484351523e-09
11497,4,1,86,846,184973,0,4.26376889686721e-09
11498,4,1,78,786,178357,0,5.54174617238091e-09
11499,4,1,73,835,205246,0,2.95260370430744e-09
11500,4,1,90,837,214346,0,1.59631457325279e-08
11501,4,1,77,867,149517,0,1.78723880244391e-08
11502,4,1,95,906,204223,0,6.02849339027979e-08
11503,4,1,86,847,211000,0,2.83138453211501e-09
11504,4,1,88,842,199806,0,1.56440772891395e-09
11505,4,1,93,872,175942,0,3.56224942705252e-08
11506,4,1,105,845,167161,0,4.35529180706267e-08
11507,4,1,85,838,146267,0,8.62599607620348e-08
11508,4,1,103,884,183825,0,2.37882953235388e-07
11509,4,1,89,897,142525,0,9.52661778088217e-09
11510,4,1,101,861,130092,0,2.16248548502867e-08
11511,4,1,65,847,122323,0,7.70196591381799e-08
11512,4,1,94,888,138580,0,3.740301451321e-09
11513,4,1,85,850,145925,0,1.59656553833235e-07
11514,4,1,110,874,170119,0,3.98220701081992e-08
11515,4,1,100,866,164442,0,2.19471339633896e-09
11516,4,1,109,892,172040,0,4.72327524052382e-08
11517,4,1,88,895,160935,0,1.88076324174063e-09
11518,4,1,93,831,152872,0,4.67926197338859e-08
11519,4,1,90,877,162539,0,5.48529816184832e-09
11520,4,1,101,868,264751,0,1.04436674056664e-08
11521,4,1,89,855,204995,0,1.44432612744931e-08
11522,4,1,97,912,205266,0,4.97764801986262e-08
11523,4,1,80,855,192158,0,1.15593564941495e-07
11524,4,1,110,852,161340,0,3.96768957770028e-09
11525,4,1,109,895,191620,0,8.08886276494101e-07
11526,4,1,95,841,131275,0,3.32938007175282e-09
11527,4,1,97,876,124105,0,2.24390275937637e-08
11528,4,1,105,859,126735,0,4.71964080985585e-08
11529,4,1,105,878,166064,0,3.59404281779644e-08
11530,4,1,109,875,186680,0,2.2158033981826e-07
11531,4,1,87,868,166078,0,1.02060207099874e-08
11532,4,1,95,877,159404,0,1.97694047109305e-09
11533,4,1,79,940,178024,0,2.29019822532042e-08
11534,4,1,110,885,228620,0,5.22099560410124e-08
11535,4,1,86,852,252322,0,2.77707036639307e-07
11536,4,1,89,876,266889,0,3.06464412778245e-09
11537,4,1,103,848,249658,0,1.33131340099166e-09
11538,4,1,88,887,155524,0,2.38215653466345e-08
11539,4,1,110,847,253002,0,1.19211850947671e-07
11540,4,1,102,887,287447,0,1.78496463266605e-07
11541,4,1,90,834,368801,0,2.37191966801959e-08
11542,4,1,76,889,453626,0,7.02534802569945e-08
11543,4,1,76,896,466207,0,5.58371235983091e-08
11544,4,1,114,840,463145,0,8.50491922499123e-09
11545,4,1,89,883,313399,0,7.81202841700305e-09
11546,4,1,110,819,267380,0,1.94472404035031e-07
11547,4,1,92,854,325936,0,2.02206069771777e-09
11548,4,1,84,861,281074,0,1.421324532949e-07
11549,4,1,85,828,310333,0,1.17423788434593e-08
11550,4,1,98,781,269835,0,1.88507786577647e-08
11551,4,1,92,861,193138,0,1.32449758841744e-08
11552,4,1,80,859,191156,0,1.14790575446037e-08
11553,4,1,90,821,215121,0,6.70694948339915e-09
11554,4,1,90,839,269281,0,4.17794890715376e-09
11555,4,1,92,859,273209,0,1.61360340435284e-08
11556,4,1,108,874,298451,0,1.8815038780583e-07
11557,4,1,96,838,206751,0,2.11541304995119e-08
11558,4,1,87,852,181806,0,3.24273931062863e-08
11559,4,1,92,878,163989,0,1.72838399647889e-08
11560,4,1,79,851,204207,0,1.60029847529544e-08
11561,4,1,90,870,157083,0,2.65730574599897e-08
11562,4,1,110,871,173874,0,9.23245454011347e-09
11563,4,1,89,865,212704,0,6.57302900404433e-09
11564,4,1,87,863,222829,0,8.4032627913837e-09
11565,4,1,70,864,172883,0,8.71586738498146e-08
11566,4,1,88,855,232070,0,6.95160086428815e-08
11567,4,1,89,873,282953,0,3.51458769115038e-08
11568,4,1,94,894,230777,0,1.13547802186394e-08
11569,4,1,89,869,164672,0,5.93425245865767e-09
11570,4,1,74,838,165686,0,4.38355159621767e-09
11571,4,1,84,845,163437,0,1.67819708691396e-08
11572,4,1,82,838,175717,0,1.26861551913624e-07
11573,4,1,98,816,183568,0,1.4274545557414e-08
11574,4,1,86,828,155884,0,3.12814491316874e-09
11575,4,1,100,845,184304,0,7.90908710133104e-09
11576,4,1,97,847,188212,0,1.21633864870452e-08
11577,4,1,100,828,193118,0,2.19151783763782e-09
11578,4,1,79,860,218112,0,1.04449592618457e-08
11579,4,1,89,911,250397,0,3.91959472878739e-08
11580,4,1,79,889,329376,0,4.9140188368852e-08
11581,4,1,90,842,305312,0,2.28268636398241e-08
11582,4,1,100,888,304010,0,1.22172234953723e-08
11583,4,1,78,855,330979,0,2.10515283985035e-08
11584,4,1,112,832,345506,0,2.76668575137319e-08
11585,4,1,83,862,372905,0,1.03793601420273e-08
11586,4,1,117,901,344815,0,1.61696083335396e-07
11587,4,1,96,875,371818,0,9.70311029316043e-09
11588,4,1,82,867,277984,0,7.34491190891906e-09
11589,4,1,78,844,381416,0,5.02715002152707e-09
11590,4,1,79,864,375247,0,1.73341658506177e-08
11591,4,1,90,897,416344,0,1.14134183427878e-08
11592,4,1,97,812,396356,0,3.6562642526343e-09
11593,4,1,87,845,330690,0,1.81221904845822e-08
11594,4,1,95,854,362480,0,1.5112512559043e-08
11595,4,1,88,857,388764,0,5.14823077786857e-09
11596,4,1,107,822,340353,0,5.4657747211116e-08
11597,4,1,91,891,242683,0,8.12552388375479e-06
11598,4,1,94,873,258674,0,6.95122591732095e-09
11599,4,1,73,862,279031,0,6.69666171119179e-09
11600,4,1,94,788,213531,0,3.70280282283114e-08
11601,4,1,107,875,198383,0,1.19684086795461e-08
11602,4,1,86,851,249921,0,1.4074973035491e-07
11603,4,1,66,828,259742,0,5.8328955710569e-09
11604,4,1,88,810,294009,0,1.37105253136362e-08
11605,4,1,76,846,292364,0,7.19051662913584e-09
11606,4,1,83,827,375582,0,2.3868060950442e-08
11607,4,1,77,873,315091,0,2.42279601458405e-07
11608,4,1,71,846,389466,0,4.31386780647719e-08
11609,4,1,91,797,407598,0,8.58922636118153e-08
11610,4,1,73,871,290654,0,8.38055700705186e-09
11611,4,1,86,846,310512,0,2.34542794217134e-08
11612,4,1,107,837,274722,0,2.67534013335307e-07
11613,4,1,103,830,295828,0,8.57736922435058e-09
11614,4,1,89,813,290333,0,1.11372763488937e-08
11615,4,1,79,840,277371,0,5.29526121343421e-07
11616,4,1,94,807,359883,0,2.99794444798805e-08
11617,4,1,90,803,366275,0,1.95037381767607e-09
11618,4,1,90,849,370430,0,3.26995380322204e-08
11619,4,1,86,870,348456,0,4.57580361183484e-07
11620,4,1,86,836,324694,0,8.40022171304538e-08
11621,4,1,80,881,323153,0,1.11303699523711e-09
11622,4,1,98,848,365545,0,9.1409171188448e-06
11623,4,1,86,846,391357,0,9.39625923780006e-09
11624,4,1,98,836,317994,0,1.26050703328118e-08
11625,4,1,85,826,243732,0,2.81600930898934e-07
11626,4,1,101,815,281606,0,1.84715548415159e-08
11627,4,1,89,845,223787,0,2.77386497787056e-07
11628,4,1,84,850,233162,0,2.00987814197847e-07
11629,4,1,98,832,221511,0,4.70490429134757e-09
11630,4,1,99,821,196873,0,9.93979956935009e-08
11631,4,1,93,863,187592,0,1.61034406444274e-08
11632,4,1,73,806,203974,0,4.88547120384776e-07
11633,4,1,85,851,202939,0,3.762012135751e-08
11634,4,1,95,823,214915,0,6.24479908861874e-08
11635,4,1,105,814,292681,0,6.75807431781486e-09
11636,4,1,88,821,316482,0,2.77859633961515e-08
11637,4,1,77,873,255474,0,8.34835008616546e-09
11638,4,1,82,861,250383,0,2.1558947658491e-08
11639,4,1,76,885,210178,0,1.08846684429199e-08
11640,4,1,81,826,246899,0,1.18983889889924e-08
11641,4,1,82,836,223640,0,2.21878246274387e-08
11642,4,1,83,852,232468,0,5.39527569735598e-09
11643,4,1,93,878,219714,0,1.025699001897e-08
11644,4,1,83,855,203216,0,1.58459576678036e-09
11645,4,1,93,868,188202,0,1.51862760001065e-08
11646,4,1,105,873,240233,0,3.77019484779188e-08
11647,4,1,112,900,188640,0,6.66462757358487e-09
11648,4,1,109,861,178740,0,1.06687942942353e-08
11649,4,1,94,884,177058,0,6.98299893564586e-09
11650,4,1,85,862,144363,0,6.00739950331955e-07
11651,4,1,77,856,165053,0,2.85228105049439e-08
11652,4,1,95,842,153933,0,5.81453479724957e-08
11653,4,1,86,852,185229,0,1.70627000159916e-08
11654,4,1,79,874,172783,0,2.56849164133709e-08
11655,4,1,95,861,177413,0,7.58070817461192e-08
11656,4,1,99,887,206262,0,7.77409722497508e-09
11657,4,1,99,914,174191,0,1.93678370356325e-08
11658,4,1,101,867,157655,0,5.45631622286094e-07
11659,4,1,91,891,161431,0,5.73182134840683e-08
11660,4,1,88,880,124938,0,3.23718939546994e-08
11661,4,1,87,892,121995,0,9.88383017476716e-09
11662,4,1,89,908,139423,0,1.46490913884116e-08
11663,4,1,99,887,138129,0,3.34329429005346e-08
11664,4,1,94,912,133460,0,2.44223808311481e-08
11665,4,1,100,887,123453,0,3.28712245925493e-09
11666,4,1,113,881,119212,0,4.18328316127957e-08
11667,4,1,87,908,134183,0,8.50496308885732e-09
11668,4,1,90,890,162622,0,6.42253275179492e-09
11669,4,1,101,852,195925,0,1.79204175053836e-08
11670,4,1,99,878,170143,0,7.3340030653037e-09
11671,4,1,109,914,165934,0,1.19733098664151e-07
11672,4,1,94,863,209359,0,7.96978567330822e-09
11673,4,1,104,856,274043,0,3.15788156981309e-09
11674,4,1,97,910,228107,0,7.8209748420388e-08
11675,4,1,78,882,149006,0,1.29714638056709e-06
11676,4,1,114,895,218640,0,5.18266909311976e-09
11677,4,1,85,881,177936,0,4.85104129721222e-09
11678,4,1,111,896,170638,0,1.10690516202711e-08
11679,4,1,90,907,140578,0,7.79222976125919e-08
11680,4,1,75,927,163806,0,1.86914019713216e-08
11681,4,1,83,908,242477,0,1.03450821026151e-07
11682,4,1,99,908,271623,0,6.53477296428936e-06
11683,4,1,93,900,189042,0,1.79140052343313e-08
11684,4,1,82,849,238016,0,1.56053152203382e-07
11685,4,1,99,896,313587,0,1.37284697241344e-08
11686,4,1,96,932,282913,0,8.21668486771639e-09
11687,4,1,87,880,243187,0,1.05263442256665e-07
11688,4,1,101,907,221249,0,4.90405145783531e-08
11689,4,1,104,892,304874,0,1.04925885707087e-08
11690,4,1,86,889,287301,0,9.81027993755801e-09
11691,4,1,89,885,286018,0,1.01597800410982e-07
11692,4,1,88,828,298822,0,4.84758741252595e-09
11693,4,1,98,859,321862,0,5.44711168202997e-09
11694,4,1,78,887,161673,0,3.40049128227257e-08
11695,4,1,94,879,188898,0,8.58368646472312e-09
11696,4,1,81,889,227837,0,1.10255922656805e-08
11697,4,1,71,909,170897,0,1.23109265936432e-08
11698,4,1,98,894,178061,0,1.62094883631451e-07
11699,4,1,96,812,196726,0,5.25265927770258e-09
11700,4,1,76,848,185370,0,1.31343787588363e-08
11701,4,1,83,866,232451,0,1.34351097818245e-07
11702,4,1,89,887,162745,0,3.75771210564706e-08
11703,4,1,93,881,195003,0,5.59311302170602e-08
11704,4,1,77,880,266298,0,1.04352439634566e-08
11705,4,1,104,857,209163,0,4.98200260283879e-09
11706,4,1,95,882,208325,0,7.40117634379155e-08
11707,4,1,89,854,242519,0,1.88196986062567e-06
11708,4,1,98,861,239713,0,5.06002197060398e-09
11709,4,1,93,879,255180,0,7.11197039688452e-09
11710,4,1,96,894,239702,0,1.40977930512502e-08
11711,4,1,92,811,242040,0,3.94542812423816e-07
11712,4,1,112,836,539717,0,2.83677566517234e-08
11713,4,1,91,859,376487,0,1.34012233510339e-08
11714,4,1,85,855,258217,0,6.94614209036409e-07
11715,4,1,91,877,256363,0,1.0008186893067e-08
11716,4,1,60,862,238130,0,2.56093803972554e-08
11717,4,1,95,878,212880,0,1.20902181512645e-06
11718,4,1,92,869,228221,0,4.51470032306647e-08
11719,4,1,88,880,179425,0,3.11418192792528e-08
11720,4,1,104,833,242611,0,1.33132323917319e-08
11721,4,1,103,872,219085,0,8.07796313645226e-08
11722,4,1,100,879,205830,0,2.90699164590139e-07
11723,4,1,101,876,306946,0,1.09000720628418e-08
11724,4,1,79,841,360859,0,4.8992341889293e-08
11725,4,1,73,867,337372,0,8.44795665281103e-09
11726,4,1,97,854,259401,0,1.32580203013489e-07
11727,4,1,86,812,259317,0,3.14332406926253e-08
11728,4,1,109,880,261280,0,9.43791027101486e-09
11729,4,1,113,840,311086,0,1.72689590213895e-08
11730,4,1,115,860,317377,0,1.2006330113019e-08
11731,4,1,102,863,259309,0,2.80368248567604e-08
11732,4,1,99,857,281235,0,3.12389210069562e-08
11733,4,1,82,838,255281,0,3.24282654739529e-08
11734,4,1,78,861,246565,0,5.45762094984439e-09
11735,4,1,86,833,376903,0,5.85364936741383e-09
11736,4,1,74,862,430168,0,1.28677800544309e-08
11737,4,1,106,879,432440,0,2.1158647982728e-08
11738,4,1,90,906,481949,0,2.92772697327707e-07
11739,4,1,70,839,428510,0,3.76627126914191e-09
11740,4,1,72,855,381516,0,1.61220876604916e-07
11741,4,1,76,869,329134,0,1.55590532252193e-07
11742,4,1,88,834,290957,0,1.98137750066725e-08
11743,4,1,85,808,349720,0,1.24040150636477e-07
11744,4,1,87,827,362624,0,9.47621540924845e-08
11745,4,1,91,862,366138,0,5.33201206807111e-08
11746,4,1,96,856,395862,0,1.57532924701929e-08
11747,4,1,93,859,409996,0,5.99698972669502e-09
11748,4,1,85,868,325709,0,4.35467825036979e-07
11749,4,1,87,904,309239,0,3.16319630011341e-07
11750,4,1,91,889,404989,0,1.25833027212003e-08
11751,4,1,100,882,378651,0,2.28005697279648e-07
11752,4,1,99,858,370861,0,1.99905284413951e-08
11753,4,1,101,841,474571,0,9.30181136964325e-09
11754,4,1,70,864,349673,0,1.06090456819563e-08
11755,4,1,85,893,434293,0,9.32978518245987e-08
11756,4,1,92,850,394318,0,6.67163893322491e-08
11757,4,1,76,823,321750,0,1.32158888630262e-08
11758,4,1,72,806,375978,0,5.77339350304385e-09
11759,4,1,106,855,327816,0,8.9373390698009e-09
11760,4,1,98,873,272744,0,3.7208329977946e-08
11761,4,1,90,850,322449,0,2.9410523054962e-08
11762,4,1,86,831,333841,0,2.81253623656681e-09
11763,4,1,97,890,282498,0,2.41765756496572e-07
11764,4,1,89,849,268849,0,6.830583423678e-09
11765,4,1,92,850,386349,0,9.01755640036742e-08
11766,4,1,74,862,289450,0,2.76534727384023e-09
11767,4,1,97,838,312912,0,4.57376551146363e-09
11768,4,1,92,888,307669,0,5.15652479032778e-09
11769,4,1,96,889,363624,0,1.29179777610997e-08
11770,4,1,90,873,259947,0,3.0770779079982e-08
11771,4,1,101,875,302079,0,4.55979197533533e-09
11772,4,1,88,842,365085,0,6.50227932804238e-07
11773,4,1,95,885,278437,0,7.27280887121353e-09
11774,4,1,98,881,268467,0,1.78154007005017e-08
11775,4,1,82,862,266038,0,5.27590412897083e-09
11776,4,1,96,900,355079,0,4.09154201922922e-09
11777,4,1,91,853,284852,0,5.20577796282771e-09
11778,4,1,100,833,337210,0,1.99389478077447e-08
11779,4,1,81,879,277678,0,8.11721069193572e-09
11780,4,1,83,861,345797,0,2.02935735183783e-08
11781,4,1,97,814,306511,0,6.12743129281052e-09
11782,4,1,99,847,340385,0,1.13415794102252e-07
11783,4,1,86,864,340951,0,1.78139443077178e-08
11784,4,1,89,833,282096,0,8.96838053086656e-08
11785,4,1,107,834,323471,0,1.34579740001477e-08
11786,4,1,112,846,360399,0,8.36506067479954e-09
11787,4,1,108,859,310488,0,3.17985621803032e-08
11788,4,1,83,838,414809,0,9.43717433730257e-09
11789,4,1,100,855,396963,0,1.10459714451468e-08
11790,4,1,75,836,363251,0,1.16668810424257e-08
11791,4,1,97,904,316618,0,3.99220544440532e-08
11792,4,1,116,848,404051,0,3.27256749984558e-09
11793,4,1,84,876,463283,0,1.60714462532039e-08
11794,4,1,96,850,396010,0,2.87823764562277e-08
11795,4,1,90,911,290692,0,1.50946789817926e-08
11796,4,1,93,821,251362,0,1.85787916932288e-08
11797,4,1,97,862,232049,0,1.30408084096492e-08
11798,4,1,93,870,264618,0,5.71955909592263e-09
11799,4,1,88,897,240870,0,1.30801899939964e-08
11800,4,1,91,868,204214,0,2.23767279293143e-08
11801,4,1,84,859,252871,0,1.16120422197833e-08
11802,4,1,90,866,284618,0,1.93558010649784e-08
11803,4,1,95,871,262533,0,2.21870940430698e-09
11804,4,1,97,879,280170,0,3.83745422279133e-09
11805,4,1,101,845,268915,0,1.18903464384504e-08
11806,4,1,104,867,389241,0,2.93263258943334e-09
11807,4,1,73,873,348710,0,5.8223168722197e-09
11808,4,1,75,854,254927,0,1.53742513528647e-08
11809,4,1,87,830,286109,0,5.39851923176307e-09
11810,4,1,119,839,206159,0,5.68084252619189e-09
11811,4,1,103,892,251688,0,2.06707501267052e-08
11812,4,1,62,854,250853,0,1.69071006409364e-07
11813,4,1,75,883,226672,0,4.16663478841266e-08
11814,4,1,68,892,228095,0,4.58253361911726e-08
11815,4,1,90,898,202474,0,1.25798783062958e-08
11816,4,1,100,840,223416,0,1.20984431012769e-08
11817,4,1,107,872,285524,0,1.81182066943253e-08
11818,4,1,128,890,340445,0,7.40959792831836e-09
11819,4,1,99,866,247364,0,4.18683914970317e-09
11820,4,1,96,857,258235,0,9.13597786073744e-09
11821,4,1,73,835,232818,0,1.54619100093646e-08
11822,4,1,96,870,264983,0,8.69227547228454e-09
11823,4,1,85,847,308973,0,2.09470870540694e-08
11824,4,1,84,890,216102,0,5.83574397243926e-09
11825,4,1,87,897,201122,0,2.21991356189492e-08
11826,4,1,107,921,201763,0,2.99287699314485e-09
11827,4,1,102,892,185939,0,1.24524676281212e-09
11828,4,1,92,896,188521,0,1.06254869774658e-08
11829,4,1,107,887,186867,0,4.56628627932757e-08
11830,4,1,98,875,202670,0,8.36162076952003e-08
11831,4,1,113,867,181650,0,4.91107002582624e-09
11832,4,1,103,859,223165,0,8.0022284276126e-09
11833,4,1,78,868,182850,0,7.5467296579862e-09
11834,4,1,89,854,190964,0,1.02452601466176e-08
11835,4,1,98,844,196840,0,4.62891230565499e-09
11836,4,1,97,865,223545,0,2.28236673590392e-09
11837,4,1,84,813,233309,0,6.43527003926913e-08
11838,4,1,77,844,260764,0,7.00244890270872e-08
11839,4,1,97,826,312171,0,4.46331183195082e-08
11840,4,1,90,858,273401,0,1.65008514657603e-07
11841,4,1,97,865,268408,0,1.12426299614788e-08
11842,4,1,103,885,235276,0,1.71165362494683e-08
11843,4,1,74,855,246355,0,3.07711864871375e-08
11844,4,1,106,865,205531,0,4.45906824683569e-09
11845,4,1,75,839,219177,0,3.1250947646631e-09
11846,4,1,114,878,210530,0,1.76977627692529e-08
11847,4,1,90,858,217634,0,1.15394668339371e-08
11848,4,1,99,888,273038,0,9.56929315012504e-09
11849,4,1,88,879,366299,0,2.55681054090266e-08
11850,4,1,114,912,347577,0,6.54382548338629e-09
11851,4,1,103,838,288168,0,3.25002273543187e-08
11852,4,1,110,826,202419,0,2.89006853237396e-08
11853,4,1,95,867,187775,0,1.48261068098249e-08
11854,4,1,76,837,208763,0,6.58723629509339e-09
11855,4,1,100,848,240330,0,7.227919985714e-09
11856,4,1,117,848,244625,0,1.79995030000868e-07
11857,4,1,95,866,210593,0,3.02168992085373e-08
11858,4,1,70,826,188149,0,8.1077646661889e-09
11859,4,1,85,872,194684,0,2.20937218365003e-07
11860,4,1,102,827,230799,0,3.0477202150278e-08
11861,4,1,75,838,247349,0,1.58540542023223e-08
11862,4,1,78,828,178183,0,2.92215465777546e-08
11863,4,1,75,879,222582,0,2.84081203266351e-08
11864,4,1,104,864,351337,0,7.3987649662512e-09
11865,4,1,88,869,283918,0,1.61369476331314e-08
11866,4,1,97,858,282724,0,1.19642227355689e-08
11867,4,1,85,845,251107,0,8.24913917791209e-08
11868,4,1,109,861,204799,0,5.65463902800707e-09
11869,4,1,81,823,258235,0,1.66183486287715e-07
11870,4,1,103,881,328630,0,9.8226103766082e-08
11871,4,1,112,866,275803,0,3.27008803792153e-09
11872,4,1,93,890,356120,0,2.15242045648327e-08
11873,4,1,92,834,553199,0,2.69884139167099e-09
11874,4,1,94,833,391491,0,1.53313200466291e-07
11875,4,1,104,895,319226,0,7.38048795680454e-09
11876,4,1,103,885,417915,0,5.7983297850972e-09
11877,4,1,107,864,418385,0,8.30064171602285e-09
11878,4,1,85,891,196003,0,5.98104093284627e-08
11879,4,1,94,841,254287,0,2.05929328944011e-08
11880,4,1,70,906,362676,0,2.20509303479353e-08
11881,4,1,84,816,444493,0,6.71239071633084e-09
11882,4,1,84,809,441872,0,9.45950938731282e-08
11883,4,1,91,823,408797,0,5.69307620187988e-09
11884,4,1,71,881,268242,0,4.10014872823764e-08
11885,4,1,83,866,241065,0,1.84611824451788e-07
11886,4,1,78,822,280139,0,1.12014195762753e-08
11887,4,1,69,821,342353,0,3.8232125405432e-08
11888,4,1,102,832,385961,0,4.36665827598636e-09
11889,4,1,101,852,363851,0,2.64303810378555e-07
11890,4,1,76,839,358274,0,3.60488126080054e-07
11891,4,1,90,808,358727,0,6.56254037457003e-09
11892,4,1,89,805,447355,0,9.85136245511061e-09
11893,4,1,78,875,359450,0,4.49240669171007e-09
11894,4,1,64,856,396074,0,1.18237754871156e-08
11895,4,1,79,822,453753,0,4.52928611941868e-09
11896,4,1,75,783,452369,0,9.84772101366433e-09
11897,4,1,56,827,285830,0,7.18605688262889e-08
11898,4,1,88,813,333512,0,5.62950551897454e-08
11899,4,1,116,819,378296,0,3.09478873497978e-08
11900,4,1,96,805,456215,0,3.26381601124887e-08
11901,4,1,97,886,737628,0,3.32876314137231e-07
11902,4,1,83,837,678090,0,1.2391024182942e-09
11903,4,1,92,816,562645,0,2.03210555831437e-08
11904,4,1,106,861,503595,0,3.61517667164923e-09
11905,4,1,93,848,513576,0,1.56601647796715e-07
11906,4,1,89,874,482221,0,1.12167052679994e-08
11907,4,1,82,850,528148,0,2.69652671251708e-08
11908,4,1,84,887,528608,0,7.50691865137558e-08
11909,4,1,79,883,475433,0,5.36260813612325e-08
11910,4,1,77,795,545997,0,7.7562985078056e-08
11911,4,1,78,837,613255,0,7.37938357872772e-09
11912,4,1,81,851,528286,0,1.19707338728964e-07
11913,4,1,98,842,419539,0,5.1220853769649e-09
11914,4,1,96,847,527705,0,2.71200741561546e-09
11915,4,1,100,854,376583,0,9.54923007756529e-09
11916,4,1,90,820,283732,0,1.14348823489394e-08
11917,4,1,92,855,253840,0,1.91441652205518e-08
11918,4,1,98,895,202603,0,8.89370814104309e-08
11919,4,1,109,813,219799,0,5.90396195855152e-09
11920,4,1,98,822,265081,0,5.38489915962574e-09
11921,4,1,98,847,242092,0,3.53945489465327e-08
11922,4,1,83,829,294093,0,1.27525215597792e-08
11923,4,1,92,823,275080,0,2.53397221766907e-08
11924,4,1,88,875,160020,0,7.62628738362581e-09
11925,4,1,69,863,189304,0,2.91306575882467e-08
11926,4,1,77,860,197367,0,1.20610931464959e-07
11927,4,1,90,843,206237,0,2.51567742494801e-07
11928,4,1,91,894,279792,0,1.08726681631893e-08
11929,4,1,86,896,427096,0,3.74549309613518e-09
11930,4,1,73,886,387351,0,5.2419078102649e-09
11931,4,1,90,829,252432,0,2.102376843796e-08
11932,4,1,93,868,247071,0,8.34302373375537e-09
11933,4,1,97,869,222115,0,8.86377404128572e-09
11934,4,1,76,875,257907,0,6.32044623535192e-09
11935,4,1,76,863,254050,0,3.21539394651074e-07
11936,4,1,86,840,266905,0,2.68073736142306e-07
11937,4,1,106,834,313088,0,1.24825427964412e-08
11938,4,1,97,869,252367,0,1.71972223633028e-06
11939,4,1,77,879,209943,0,3.47246290516068e-08
11940,4,1,96,881,239642,0,1.97325334762597e-07
11941,4,1,124,838,225456,0,1.10666824618702e-08
11942,4,1,94,847,281932,0,1.14867429926247e-07
11943,4,1,97,868,241366,0,1.79010839669734e-08
11944,4,1,98,877,227578,0,1.70697625561178e-08
11945,4,1,124,900,197399,0,8.30300858459647e-08
11946,4,1,94,876,229986,0,2.05098463539654e-08
11947,4,1,93,834,214445,0,9.84795063491379e-08
11948,4,1,74,869,215089,0,1.54600958810636e-07
11949,4,1,105,868,207460,0,1.27460698937453e-07
11950,4,1,95,865,222691,0,1.26299065816101e-07
11951,4,1,110,878,272643,0,3.3578727798306e-09
11952,4,1,87,853,287058,0,8.15673947197528e-09
11953,4,1,77,823,217825,0,6.62213585492301e-09
11954,4,1,74,855,193025,0,4.7647565105972e-08
11955,4,1,86,870,207337,0,1.22170756436271e-08
11956,4,1,103,852,206475,0,8.13739329490591e-08
11957,4,1,87,859,257792,0,1.10397622370131e-08
11958,4,1,102,818,362375,0,2.74184242629317e-06
11959,4,1,86,869,285385,0,3.10579690749456e-08
11960,4,1,113,854,279245,0,3.47073533234486e-07
11961,4,1,121,860,283295,0,1.11215349197734e-08
11962,4,1,109,831,240071,0,8.5044533734136e-09
11963,4,1,96,850,243187,0,1.15477134904317e-07
11964,4,1,85,872,316812,0,5.06912310135806e-08
11965,4,1,110,858,247230,0,1.16059537465071e-07
11966,4,1,78,837,285343,0,2.14397364392998e-08
11967,4,1,102,847,245373,0,3.03869220043264e-08
11968,4,1,83,855,274166,0,5.41200693098403e-08
11969,4,1,102,866,272856,0,2.28803817037521e-09
11970,4,1,93,844,280952,0,1.83359002629032e-09
11971,4,1,61,852,380629,0,1.12381710663927e-08
11972,4,1,103,857,368084,0,3.05489212106999e-08
11973,4,1,79,852,387436,0,6.82664456927468e-09
11974,4,1,111,820,269094,0,5.48862427306799e-08
11975,4,1,107,891,270538,0,6.8215723233856e-09
11976,4,1,82,843,248723,0,3.104356383164e-08
11977,4,1,107,843,325375,0,7.50392765078739e-09
11978,4,1,88,845,269034,0,9.46493911647202e-08
11979,4,1,73,883,288340,0,2.3620150966524e-08
11980,4,1,90,899,156440,0,2.08393434096355e-08
11981,4,1,116,867,178849,0,6.56047052926809e-08
11982,4,1,103,888,171033,0,1.46189132263564e-08
11983,4,1,99,874,188014,0,7.17042434569395e-09
11984,4,1,118,901,169246,0,1.23288612787941e-08
11985,4,1,79,822,166602,0,8.67187887906586e-09
11986,4,1,70,887,171118,0,9.61182312517124e-09
11987,4,1,69,842,175874,0,2.65718709380566e-08
11988,4,1,84,848,183402,0,7.55182175958603e-09
11989,4,1,109,883,218771,0,2.00888520435859e-07
11990,4,1,112,833,231073,0,1.32013060102383e-08
11991,4,1,92,834,188399,0,3.71896233713299e-09
11992,4,1,86,839,173407,0,9.86763672432131e-09
11993,4,1,76,866,181414,0,3.76718790916279e-08
11994,4,1,120,855,281298,0,4.24960954277589e-09
11995,4,1,96,824,194808,0,8.40921978722694e-09
11996,4,1,102,862,217420,0,1.79542039847184e-07
11997,4,1,94,836,204925,0,7.12777513070536e-07
11998,4,1,64,854,230811,0,1.68983937384761e-07
11999,4,1,89,878,265684,0,2.94511220647416e-09
12000,4,1,96,891,264584,0,3.45162306457579e-07
12001,4,1,90,892,217636,0,5.36783920873975e-08
12002,4,1,83,862,194155,0,3.63929470575431e-08
12003,4,1,95,900,204072,0,4.61994377777615e-09
12004,4,1,107,874,192632,0,1.35149339296e-08
12005,4,1,106,888,180644,0,2.2701586360474e-08
12006,4,1,98,894,183138,0,1.66732324393114e-08
12007,4,1,104,869,154259,0,1.74029273807511e-07
12008,4,1,103,861,242423,0,5.57860978599304e-08
12009,4,1,124,837,363989,0,1.33434421307808e-08
12010,4,1,89,862,288421,0,3.68193109935588e-08
12011,4,1,86,899,275605,0,5.43685340955919e-09
12012,4,1,68,865,233609,0,4.05694688093376e-08
12013,4,1,93,879,230071,0,8.92262800127387e-08
12014,4,1,82,844,224029,0,8.50881732263184e-09
12015,4,1,88,836,293833,0,1.2989492164588e-08
12016,4,1,93,871,290978,0,3.32861779149715e-09
12017,4,1,72,854,320323,0,1.56453516821099e-07
12018,4,1,88,863,297935,0,1.56782136434107e-07
12019,4,1,93,820,245998,0,1.06754178491401e-08
12020,4,1,101,892,413952,0,1.03786361072096e-08
12021,4,1,101,913,396228,0,1.37085932221837e-08
12022,4,1,106,878,308419,0,1.50925795766081e-08
12023,4,1,82,871,246225,0,1.67748851721721e-08
12024,4,1,71,888,225708,0,5.37464138888533e-09
12025,4,1,92,852,225063,0,2.4005597134834e-09
12026,4,1,92,885,225229,0,1.86926451408215e-08
12027,4,1,103,871,220315,0,1.6466710184063e-07
12028,4,1,113,915,212677,0,2.73359337281815e-09
12029,4,1,105,889,278449,0,3.54226636269351e-09
12030,4,1,72,872,331962,0,8.59506965550784e-09
12031,4,1,99,899,292622,0,1.85201541041814e-08
12032,4,1,99,908,226973,0,6.64053034938157e-08
12033,4,1,88,892,205421,0,1.39987440561811e-07
12034,4,1,89,905,232600,0,1.00267807792475e-08
12035,4,1,93,869,247526,0,1.78257750068192e-08
12036,4,1,78,885,193692,0,1.03762581498473e-07
12037,4,1,92,892,219124,0,4.36226815548365e-09
12038,4,1,94,887,206907,0,1.29851923819653e-08
12039,4,1,99,839,258269,0,6.5479856587854e-09
12040,4,1,83,864,190193,0,2.86154811720755e-08
12041,4,1,84,890,201646,0,4.99896257874851e-09
12042,4,1,83,857,206967,0,1.21287823232279e-08
12043,4,1,104,842,216066,0,2.13017036739687e-08
12044,4,1,98,854,174419,0,7.46851144056353e-09
12045,4,1,94,910,165657,0,1.82219825591652e-07
12046,4,1,88,865,207709,0,2.31678257347862e-08
12047,4,1,93,873,207961,0,7.48159898776229e-08
12048,4,1,102,894,247428,0,3.20450854955439e-08
12049,4,1,99,831,229776,0,1.85220898400571e-08
12050,4,1,99,857,168559,0,1.39848640853102e-08
12051,4,1,88,898,225720,0,1.65259245212845e-08
12052,4,1,107,880,227837,0,1.43319902664319e-08
12053,4,1,95,864,160058,0,7.8780323332296e-09
12054,4,1,93,835,162405,0,1.99040997754546e-08
12055,4,1,96,878,183990,0,1.17327812488668e-09
12056,4,1,103,859,203386,0,5.55602526122967e-09
12057,4,1,116,870,220867,0,1.52026650178268e-07
12058,4,1,85,877,203346,0,7.13129276756576e-09
12059,4,1,92,872,214182,0,2.98326632348356e-09
12060,4,1,81,846,263807,0,2.95473375824341e-08
12061,4,1,87,852,291112,0,1.51835340387509e-08
12062,4,1,86,890,284456,0,1.32281042478657e-08
12063,4,1,86,854,236757,0,1.48240803835222e-09
12064,4,1,106,841,209706,0,4.50357856370163e-09
12065,4,1,104,857,202711,0,7.13948654687849e-09
12066,4,1,98,875,203492,0,2.55859144805823e-07
12067,4,1,85,844,160564,0,1.42412956731351e-08
12068,4,1,90,886,164736,0,1.47187040394655e-07
12069,4,1,80,867,139832,0,1.10142380314847e-08
12070,4,1,84,868,151727,0,9.76020841610587e-08
12071,4,1,79,822,168810,0,2.77307360112259e-09
12072,4,1,97,913,208049,0,3.52520536426242e-09
12073,4,1,98,861,178664,0,1.54947264097761e-08
12074,4,1,107,857,217801,0,5.82859949719476e-09
12075,4,1,96,822,140813,0,9.49610698872976e-09
12076,4,1,93,847,149649,0,3.35454720161782e-07
12077,4,1,67,848,188148,0,2.49537821639159e-08
12078,4,1,90,824,202814,0,2.23279411801684e-08
12079,4,1,105,841,182653,0,5.37780901863956e-09
12080,4,1,85,837,191837,0,1.08358116389859e-08
12081,4,1,83,819,205304,0,9.72250189561699e-09
12082,4,1,91,891,150893,0,1.9151571029452e-08
12083,4,1,96,816,162870,0,3.5344612112074e-08
12084,4,1,93,841,155488,0,8.88243574965155e-09
12085,4,1,108,839,189011,0,1.96368125876803e-09
12086,4,1,85,886,147893,0,3.03268750126013e-08
12087,4,1,103,844,137692,0,3.99884741300396e-08
12088,4,1,117,805,175754,0,1.35325361095395e-08
12089,4,1,97,853,189566,0,5.58165814855615e-09
12090,4,1,100,873,151220,0,2.17198834814858e-09
12091,4,1,78,883,140950,0,5.42335451195087e-08
12092,4,1,96,846,185695,0,5.49438457146388e-08
12093,4,1,98,902,189370,0,4.2906449770205e-08
12094,4,1,116,870,181551,0,4.22259952579839e-08
12095,4,1,89,855,150436,0,1.39488778995055e-07
12096,4,1,97,817,225321,0,4.26305806971329e-07
12097,4,1,88,875,152906,0,7.60106841480644e-09
12098,4,1,120,881,206958,0,9.43325937072392e-09
12099,4,1,102,840,186476,0,1.53471187995993e-07
12100,4,1,76,877,213881,0,4.95871752409928e-08
12101,4,1,70,893,233191,0,9.09114724516387e-08
12102,4,1,97,816,156664,0,4.20931810904746e-09
12103,4,1,86,902,142976,0,3.69162483311793e-08
12104,4,1,90,850,149950,0,2.37879902457875e-08
12105,4,1,106,841,145774,0,1.41760883704022e-08
12106,4,1,123,886,152507,0,1.20668652636216e-08
12107,4,1,111,890,179372,0,6.1609336579867e-09
12108,4,1,94,820,156369,0,6.97844896229486e-09
12109,4,1,89,897,127463,0,3.3768129398847e-08
12110,4,1,105,871,154647,0,1.85818804100166e-08
12111,4,1,88,896,151833,0,1.53050164056148e-08
12112,4,1,119,847,149669,0,1.45280191077833e-08
12113,4,1,110,882,161584,0,2.07221472417402e-08
12114,4,1,102,845,135916,0,2.86858481026955e-09
12115,4,1,101,874,146934,0,5.88103702542554e-08
12116,4,1,105,878,149195,0,8.45152106679278e-09
12117,4,1,102,892,125049,0,1.29988114642896e-08
12118,4,1,100,840,164352,0,3.22618301174459e-07
12119,4,1,86,836,151056,0,1.99682441010697e-09
12120,4,1,116,860,137174,0,2.02562542748294e-08
12121,4,1,79,908,93795,0,1.21608412303423e-08
12122,4,1,93,848,98277,0,1.85713664474205e-08
12123,4,1,83,872,104618,0,2.45620162333978e-08
12124,4,1,129,880,99942,0,8.81344904004221e-10
12125,4,1,94,860,111962,0,5.25431505028166e-09
12126,4,1,102,872,99991,0,1.31055623093118e-08
12127,4,1,100,846,82447,0,4.87219627789436e-08
12128,4,1,71,886,112822,0,4.61830976002671e-08
12129,4,1,89,911,108091,0,1.96940795851393e-08
12130,4,1,102,912,131328,0,1.761362096819e-08
12131,4,1,87,846,145248,0,5.47273516462728e-08
12132,4,1,94,857,95326,0,1.15032985471389e-08
12133,4,1,83,856,99432,0,1.37211441833606e-07
12134,4,1,93,870,122676,0,9.54058389217521e-09
12135,4,1,90,873,121948,0,4.34702376976899e-08
12136,4,1,95,858,112145,0,3.37205796839107e-09
12137,4,1,86,873,95214,0,8.42455976515593e-08
12138,4,1,94,894,118652,0,1.13698686039725e-08
12139,4,1,76,871,129503,0,3.53191200303785e-09
12140,4,1,93,843,169594,0,2.71977974786865e-07
12141,4,1,81,848,132880,0,1.46472894763388e-07
12142,4,1,97,874,121370,0,6.59052112183549e-09
12143,4,1,89,892,121354,0,1.36433610662467e-09
12144,4,1,89,891,130814,0,6.11766348527799e-08
12145,4,1,85,860,116281,0,1.40105154096426e-08
12146,4,1,76,821,108715,0,2.18336234705827e-08
12147,4,1,93,882,93221,0,5.89792862912493e-09
12148,4,1,98,900,147068,0,2.07414555701679e-07
12149,4,1,102,846,128934,0,1.8171369652732e-08
12150,4,1,85,840,113305,0,4.32687813223128e-08
12151,4,1,84,883,106937,0,2.89609763772392e-07
12152,4,1,76,895,153227,0,3.78822741815806e-09
12153,4,1,101,916,168064,0,2.2647315886098e-08
12154,4,1,71,852,178348,0,1.96705910713199e-09
12155,4,1,95,882,279545,0,8.18899222635014e-09
12156,4,1,90,886,224507,0,1.36746515986963e-06
12157,4,1,85,889,194328,0,2.56909551223404e-09
12158,4,1,79,828,166702,0,1.60441161262974e-07
12159,4,1,88,831,148749,0,1.66855747475026e-08
12160,4,1,99,862,175417,0,3.27348182130532e-08
12161,4,1,96,834,190252,0,6.40086786075524e-09
12162,4,1,94,905,189868,0,1.54074009941951e-07
12163,4,1,80,872,219105,0,1.21441338982738e-08
12164,4,1,81,859,131780,0,2.17848040456643e-08
12165,4,1,75,895,138552,0,2.7753658566509e-08
12166,4,1,80,878,160897,0,4.05648942154717e-08
12167,4,1,103,863,139564,0,1.16970112467838e-08
12168,4,1,98,868,144900,0,1.67329908428427e-08
12169,4,1,104,858,127225,0,1.05973553636517e-08
12170,4,1,94,843,133439,0,4.2009897514584e-08
12171,4,1,79,836,139823,0,5.12027333866706e-09
12172,4,1,82,828,135222,0,1.32809720776955e-08
12173,4,1,101,896,112845,0,5.07596096509387e-08
12174,4,1,91,881,115864,0,9.2189190252843e-09
12175,4,1,89,853,131753,0,5.38329635266953e-09
12176,4,1,90,841,143043,0,1.42350617774336e-08
12177,4,1,93,858,141780,0,1.63882780309712e-08
12178,4,1,80,862,151735,0,3.45247772838056e-08
12179,4,1,74,899,183470,0,3.56954915673162e-08
12180,4,1,93,851,184073,0,1.85955499135479e-09
12181,4,1,74,888,213132,0,2.41418858163494e-07
12182,4,1,95,810,194657,0,6.29925259994344e-09
12183,4,1,88,870,201772,0,3.06444562951312e-08
12184,4,1,93,829,204226,0,1.76137289208455e-08
12185,4,1,105,854,240732,0,1.90416365060747e-08
12186,4,1,90,891,180903,0,1.85078902193296e-07
12187,4,1,92,904,197772,0,4.26511334755617e-09
12188,4,1,92,873,163286,0,3.66152280029385e-09
12189,4,1,105,841,153398,0,2.41879276510325e-08
12190,4,1,104,857,214757,0,3.97918600439394e-08
12191,4,1,94,894,127466,0,1.8325884149513e-08
12192,4,1,84,885,118504,0,3.09001598439467e-08
12193,4,1,97,874,104368,0,3.4875850119118e-08
12194,4,1,88,896,92926,0,3.92671838465804e-08
12195,4,1,82,891,88277,0,2.20793964003946e-08
12196,4,1,106,848,130458,0,2.25151863332702e-08
12197,4,1,91,877,114351,0,1.45411287940206e-07
12198,4,1,110,873,133626,0,1.55418443413898e-08
12199,4,1,86,876,130228,0,9.87575672746984e-09
12200,4,1,97,858,148455,0,6.21081427050307e-09
12201,4,1,81,868,130418,0,1.68499135568774e-08
12202,4,1,87,862,118538,0,1.27395299004052e-09
12203,4,1,111,886,121811,0,2.2454925614369e-09
12204,4,1,94,907,125015,0,1.75807622029595e-08
12205,4,1,87,924,126992,0,7.37765479488817e-07
12206,4,1,106,914,135090,0,2.08569660411045e-07
12207,4,1,110,856,150688,0,2.90223895990668e-08
12208,4,1,105,864,202041,0,7.31940606538548e-09
12209,4,1,88,911,140437,0,9.97186011686128e-09
12210,4,1,91,902,131079,0,6.32677381700159e-08
12211,4,1,66,856,109697,0,3.35206128959155e-09
12212,4,1,70,877,132062,0,1.4663473439802e-08
12213,4,1,102,894,110005,0,9.39621311458836e-09
12214,4,1,87,875,94397,0,4.84400862888058e-09
12215,4,1,91,922,95209,0,9.16586846825685e-09
12216,4,1,102,881,85972,0,1.99525253156074e-07
12217,4,1,110,905,114627,0,8.69054778931184e-08
12218,4,1,80,892,116266,0,2.27676969492455e-08
12219,4,1,88,878,120317,0,3.90510079755587e-09
12220,4,1,99,880,129241,0,4.99570143595962e-07
12221,4,1,91,902,103915,0,2.30398650965515e-07
12222,4,1,89,863,131990,0,7.70274515405841e-07
12223,4,1,102,871,179450,0,1.01925008148594e-08
12224,4,1,79,879,166957,0,1.33405718218078e-08
12225,4,1,106,919,151388,0,1.07355028096204e-08
12226,4,1,93,840,121857,0,1.17105847955616e-07
12227,4,1,103,879,125408,0,2.55816190724834e-08
12228,4,1,104,892,110877,0,4.40624664374481e-09
12229,4,1,92,883,118385,0,1.66080657132709e-08
12230,4,1,70,895,131314,0,3.0247439351649e-09
12231,4,1,82,889,119783,0,1.82166013181198e-08
12232,4,1,98,902,164886,0,9.50409049153672e-08
12233,4,1,93,868,151545,0,1.93529916470165e-08
12234,4,1,87,881,124345,0,1.41270629908087e-08
12235,4,1,110,857,108227,0,5.37456060114603e-09
12236,4,1,94,868,108248,0,2.86755247426277e-09
12237,4,1,80,883,106480,0,5.11622470238395e-09
12238,4,1,107,883,134547,0,8.50545594974734e-08
12239,4,1,97,952,120551,0,5.83268670340559e-08
12240,4,1,94,860,121117,0,5.65488397360284e-09
12241,4,1,92,894,121608,0,5.95523802599092e-09
12242,4,1,122,901,149282,0,1.13386534421118e-08
12243,4,1,112,876,126577,0,6.52061235807772e-09
12244,4,1,101,903,103769,0,5.28576614851757e-08
12245,4,1,104,896,99854,0,1.40132457254223e-09
12246,4,1,129,918,87974,0,2.95211731095035e-07
12247,4,1,100,854,133425,0,8.17501451343979e-08
12248,4,1,112,938,104106,0,4.74966179804105e-07
12249,4,1,99,904,93173,0,3.57693967664798e-08
12250,4,1,87,933,75215,0,4.11369421421032e-08
12251,4,1,92,917,92051,0,1.00571487856101e-08
12252,4,1,117,895,99009,0,1.57199232901145e-08
12253,4,1,96,895,121191,0,1.03765416285487e-07
12254,4,1,86,884,109692,0,3.99035301333377e-08
12255,4,1,92,930,127795,0,7.22751094224311e-09
12256,4,1,104,885,123808,0,1.16368198989613e-08
12257,4,1,84,890,119321,0,7.55979676438387e-09
12258,4,1,101,910,118994,0,1.45240642331118e-08
12259,4,1,103,893,141159,0,1.03515273472723e-08
12260,4,1,105,896,135506,0,1.93571633040327e-08
12261,4,1,91,913,89210,0,1.03062999121598e-08
12262,4,1,92,922,92633,0,1.26563140635869e-08
12263,4,1,99,923,88890,0,1.30479676137442e-07
12264,4,1,109,896,113263,0,4.16001236732912e-09
12265,4,1,91,863,101821,0,1.78958876745899e-08
12266,4,1,96,919,95204,0,6.77150412331012e-09
12267,4,1,100,889,97281,0,8.91759089355817e-08
12268,4,1,103,901,115116,0,1.23125356870057e-08
12269,4,1,101,851,110145,0,3.53482796296996e-09
12270,4,1,101,869,105323,0,1.66927550571732e-08
12271,4,1,92,903,117472,0,6.11341890541695e-09
12272,4,1,96,907,105489,0,2.86868585031737e-08
12273,4,1,85,883,109131,0,2.64895034503628e-08
12274,4,1,96,860,123525,0,4.72167470902502e-08
12275,4,1,107,882,148290,0,4.63666015185576e-09
12276,4,1,103,843,208006,0,1.08234988192472e-06
12277,4,1,97,885,167498,0,6.33020759687649e-08
12278,4,1,113,884,216638,0,2.40179054951355e-08
12279,4,1,86,889,184966,0,1.36894358469376e-08
12280,4,1,89,846,148340,0,3.8280088875752e-09
12281,4,1,81,921,161691,0,3.90070201028107e-09
12282,4,1,89,883,147973,0,9.59480951076521e-09
12283,4,1,120,841,143530,0,3.34598509138952e-09
12284,4,1,84,855,175487,0,9.55794895450592e-09
12285,4,1,75,873,142499,0,4.57389997179114e-09
12286,4,1,91,809,127752,0,5.41463144767853e-09
12287,4,1,97,847,107493,0,1.06025680101355e-08
12288,4,1,103,876,110667,0,2.08859797887979e-08
12289,4,1,77,852,115211,0,2.80984804850716e-08
12290,4,1,92,881,104789,0,2.85612411231236e-08
12291,4,1,81,899,95075,0,1.33093138602342e-08
12292,4,1,79,865,116290,0,2.53519478627049e-08
12293,4,1,76,868,141981,0,4.35358189713101e-09
12294,4,1,79,877,249182,0,1.41500298798644e-08
12295,4,1,83,879,166212,0,2.58160586312699e-08
12296,4,1,111,911,104242,0,1.8058256468708e-08
12297,4,1,100,874,141476,0,1.53842467243326e-08
12298,4,1,75,814,133980,0,1.46107298924402e-08
12299,4,1,91,832,142725,0,3.70145899179169e-09
12300,4,1,80,882,140210,0,3.32326357861136e-08
12301,4,1,107,844,135273,0,2.87354819945445e-08
12302,4,1,85,913,105090,0,1.49094775131015e-08
12303,4,1,80,900,105635,0,2.00844539693345e-08
12304,4,1,127,851,97481,0,6.39806193825593e-09
12305,4,1,84,897,87623,0,1.3606952678917e-08
12306,4,1,93,883,102466,0,7.31220524903987e-08
12307,4,1,95,872,131923,0,5.92700401912036e-08
12308,4,1,94,866,109448,0,5.48243998327325e-09
12309,4,1,105,876,139552,0,5.14224164540204e-09
12310,4,1,97,870,164552,0,6.92903757028792e-09
12311,4,1,92,857,157914,0,2.21705979328003e-07
12312,4,1,75,871,122750,0,5.76879887198406e-09
12313,4,1,85,887,143592,0,8.44317011278252e-09
12314,4,1,100,859,149643,0,7.08310862324258e-09
12315,4,1,80,830,172827,0,3.42646205577897e-09
12316,4,1,97,855,229341,0,2.21580866587618e-08
12317,4,1,104,861,145611,0,9.87707122317636e-09
12318,4,1,106,819,128147,0,8.2975636521701e-09
12319,4,1,96,823,144449,0,2.09045685820218e-07
12320,4,1,88,839,157483,0,2.81539556518425e-08
12321,4,1,115,815,180021,0,4.74460864011666e-08
12322,4,1,95,845,135978,0,3.65241453005536e-08
12323,4,1,109,820,133374,0,2.90790903361659e-08
12324,4,1,97,865,137109,0,1.99627125575635e-07
12325,4,1,101,834,108789,0,1.41977892561492e-08
12326,4,1,98,887,115352,0,2.14316775188894e-08
12327,4,1,95,814,99471,0,4.37270851225617e-08
12328,4,1,86,808,106057,0,6.18227395551153e-08
12329,4,1,83,845,104040,0,3.07144805580059e-07
12330,4,1,93,829,109360,0,9.27726790365741e-10
12331,4,1,88,808,113392,0,2.35872862422197e-08
12332,4,1,88,831,114530,0,3.42764205594128e-08
12333,4,1,92,879,100190,0,2.02605751031012e-08
12334,4,1,64,820,86917,0,6.27381213917169e-09
12335,4,1,67,855,82464,0,3.08647043758799e-09
12336,4,1,86,865,83881,0,2.13721716975608e-08
12337,4,1,78,826,86646,0,1.0247750287183e-07
12338,4,1,71,865,95456,0,6.51078011323565e-08
12339,4,1,92,863,85398,0,2.31321064582385e-08
12340,4,1,91,820,80446,0,1.67806510679064e-08
12341,4,1,126,830,105576,0,2.59492105384038e-08
12342,4,1,102,856,76805,0,4.86515792378286e-09
12343,4,1,96,855,90675,0,1.84955230174543e-08
12344,4,1,113,852,97644,0,2.65755368812484e-08
12345,4,1,108,847,96317,0,2.18420200652549e-08
12346,4,1,119,845,130610,0,4.85122389678644e-09
12347,4,1,102,877,134478,0,1.02299402484135e-08
12348,4,1,94,872,131562,0,3.68846103152528e-09
12349,4,1,84,903,110831,0,2.58224508771057e-08
12350,4,1,92,862,130582,0,7.16112496169025e-07
12351,4,1,126,826,127681,0,2.94097549964931e-08
12352,4,1,108,860,177126,0,8.75117935567409e-09
12353,4,1,95,845,149844,0,4.10022247495129e-09
12354,4,1,105,858,215400,0,4.29165574301151e-09
12355,4,1,98,842,190641,0,4.02718562102454e-08
12356,4,1,122,864,225585,0,1.46431366579804e-08
12357,4,1,90,856,198967,0,1.3630566300154e-08
12358,4,1,91,830,397815,0,7.31462327134327e-09
12359,4,1,82,847,251166,0,3.88609931941817e-08
12360,4,1,96,873,165748,0,1.08884632609607e-07
12361,4,1,100,817,209681,0,1.08580759973852e-08
12362,4,1,85,865,157988,0,4.41040509750959e-08
12363,4,1,113,911,142273,0,9.78057590789553e-09
12364,4,1,96,842,150352,0,1.56845665574061e-08
12365,4,1,108,844,153038,0,3.97379202398794e-08
12366,4,1,102,919,177602,0,6.034804929755e-08
12367,4,1,104,820,147794,0,7.89354645244801e-08
12368,4,1,100,826,164793,0,3.47856811151331e-08
12369,4,1,96,860,152187,0,2.0085260631553e-08
12370,4,1,87,859,126651,0,2.85868999528225e-07
12371,4,1,95,841,124746,0,3.56408947369289e-09
12372,4,1,86,875,141761,0,9.96330843719239e-09
12373,4,1,127,842,131959,0,1.22970018089709e-09
12374,4,1,112,837,121120,0,8.08817160936429e-09
12375,4,1,97,854,112350,0,2.62005070789926e-09
12376,4,1,105,849,133838,0,8.94738517933545e-09
12377,4,1,111,838,179953,0,3.81213310502387e-09
12378,4,1,82,849,202376,0,1.50016103353005e-08
12379,4,1,89,809,146856,0,1.77346288060274e-08
12380,4,1,88,842,133366,0,1.74400311616453e-08
12381,4,1,93,843,132914,0,3.17199193435823e-08
12382,4,1,93,841,137070,0,9.64107069226543e-08
12383,4,1,74,834,159060,0,2.6688237251501e-08
12384,4,1,102,802,125087,0,2.21087325821522e-08
12385,4,1,92,847,113001,0,3.5659428345514e-08
12386,4,1,100,839,101604,0,2.96992558025857e-09
12387,4,1,90,818,103857,0,8.13861388496664e-09
12388,4,1,92,807,123204,0,1.01699290700904e-07
12389,4,1,108,836,105033,0,7.83620740612369e-09
12390,4,1,93,804,105086,0,2.36485513278454e-08
12391,4,1,114,851,110667,0,1.05741482734773e-08
12392,4,1,85,823,107398,0,2.1141012968372e-07
12393,4,1,124,851,151059,0,6.23989865425105e-09
12394,4,1,87,867,117826,0,1.6825190285297e-06
12395,4,1,94,850,114609,0,3.27500365816039e-09
12396,4,1,73,839,120427,0,2.75996584357288e-08
12397,4,1,89,832,102441,0,1.39497338540104e-08
12398,4,1,94,827,101310,0,1.82894502425992e-06
12399,4,1,93,845,106722,0,9.26195524160053e-09
12400,4,1,97,833,178856,0,7.61085767528196e-09
12401,4,1,98,803,138685,0,1.72927218474422e-08
12402,4,1,116,853,114251,0,3.5760127143742e-09
12403,4,1,88,829,108374,0,3.15451451034642e-09
12404,4,1,109,864,119309,0,2.27465750002472e-07
12405,4,1,118,879,113186,0,6.56397177515722e-09
12406,4,1,121,807,109807,0,8.02576185089829e-09
12407,4,1,105,853,129821,0,9.90081828951492e-07
12408,4,1,79,858,115383,0,5.35379731601316e-09
12409,4,1,67,870,124666,0,1.09741919587053e-08
12410,4,1,86,860,112763,0,3.16550793997194e-08
12411,4,1,109,824,119470,0,4.1198702924887e-09
12412,4,1,99,844,123553,0,2.70191968042137e-09
12413,4,1,89,826,88958,0,1.33373373435274e-08
12414,4,1,77,861,79382,0,2.32960491696259e-09
12415,4,1,84,831,83167,0,1.46549142387761e-07
12416,4,1,104,859,90305,0,1.88545787924212e-08
12417,4,1,94,831,133108,0,8.92357374236279e-08
12418,4,1,87,852,142659,0,3.80294868221944e-08
12419,4,1,101,885,103690,0,2.6406604652592e-08
12420,4,1,84,847,103750,0,5.26436830880823e-09
12421,4,1,103,820,164859,0,1.55742511861958e-07
12422,4,1,111,851,192490,0,4.39189219206914e-09
12423,4,1,70,870,115825,0,1.84011843270282e-08
12424,4,1,81,839,88993,0,4.0709332115923e-09
12425,4,1,97,851,104423,0,1.7240163648594e-07
12426,4,1,86,878,112421,0,1.23905097996518e-08
12427,4,1,89,858,110354,0,7.39683438945737e-09
12428,4,1,73,853,136569,0,9.50429768439071e-09
12429,4,1,74,843,137503,0,1.34282131661835e-07
12430,4,1,99,834,161760,0,6.39215965621628e-09
12431,4,1,76,859,137403,0,2.30420715095218e-07
12432,4,1,90,837,157663,0,2.3173427728166e-07
12433,4,1,102,834,166903,0,4.84815816688429e-09
12434,4,1,93,866,130683,0,5.21625592269143e-08
12435,4,1,103,825,117669,0,5.27298388174731e-09
12436,4,1,100,862,107111,0,2.20724918048509e-08
12437,4,1,91,856,132301,0,9.31844697741792e-08
12438,4,1,81,845,105909,0,6.75618396595411e-09
12439,4,1,89,866,125977,0,3.61025635960858e-09
12440,4,1,73,842,113672,0,1.56635611072225e-08
12441,4,1,70,829,159623,0,6.30798846986212e-09
12442,4,1,69,834,120956,0,9.48499158108534e-09
12443,4,1,92,849,97828,0,1.04721845814937e-06
12444,4,1,87,848,148065,0,3.55791254428806e-09
12445,4,1,112,829,140063,0,1.83583742195887e-08
12446,4,1,87,851,145936,0,1.523196877635e-08
12447,4,1,94,857,141784,0,5.09980722074987e-08
12448,4,1,108,857,160751,0,1.99848382092922e-08
12449,4,1,90,828,146740,0,2.91991754377729e-07
12450,4,1,100,860,148816,0,1.54322813243464e-08
12451,4,1,85,872,191860,0,1.39707456579891e-07
12452,4,1,89,848,152408,0,1.13917104135286e-08
12453,4,1,101,866,135845,0,1.07140444567492e-08
12454,4,1,84,824,143345,0,3.38316047355036e-08
12455,4,1,103,839,133749,0,2.36843255143206e-07
12456,4,1,73,848,108570,0,1.0461703375659e-08
12457,4,1,91,851,105756,0,7.33758050852514e-09
12458,4,1,105,829,133417,0,1.84476838365582e-09
12459,4,1,81,852,118852,0,2.16039690770336e-08
12460,4,1,90,804,132375,0,1.82839534248268e-08
12461,4,1,107,817,233093,0,3.57256207365069e-08
12462,4,1,116,856,136929,0,1.46974664309852e-08
12463,4,1,105,863,149746,0,3.46743403128434e-08
12464,4,1,107,873,168026,0,2.90922367865046e-08
12465,4,1,102,807,133790,0,1.70018822838128e-08
12466,4,1,105,776,116886,0,3.58534593351634e-08
12467,4,1,97,871,99078,0,9.25497082663655e-08
12468,4,1,76,872,104354,0,5.0476532226209e-09
12469,4,1,128,848,145669,0,2.86344154156733e-08
12470,4,1,84,819,142952,0,8.31299207870381e-09
12471,4,1,108,835,119091,0,1.44054031556074e-09
12472,4,1,79,791,165882,0,4.45386445469080e-09
12473,4,1,103,856,162512,0,2.19937454469212e-09
12474,4,1,94,819,168717,0,4.574356078087e-08
12475,4,1,94,880,141828,0,2.85596377066104e-09
12476,4,1,103,876,158021,0,1.24793688439689e-07
12477,4,1,97,882,136634,0,1.59595290756987e-08
12478,4,1,81,896,115720,0,5.48902919275334e-09
12479,4,1,95,877,151259,0,1.99427141538014e-08
12480,4,1,81,816,161740,0,4.33266609995828e-09
12481,4,1,108,865,140720,0,3.97888703452486e-08
12482,4,1,100,848,116115,0,4.56529890601128e-09
12483,4,1,110,857,108100,0,1.11229730656215e-07
12484,4,1,109,858,203644,0,4.56001365094809e-09
12485,4,1,87,878,188748,0,5.82171711702383e-07
12486,4,1,94,891,90983,0,6.97025553053503e-08
12487,4,1,91,878,113267,0,1.33244778111999e-08
12488,4,1,96,863,96467,0,1.17864689770005e-08
12489,4,1,100,826,133958,0,1.0272217314493e-08
12490,4,1,88,863,109230,0,5.22260972288621e-09
12491,4,1,107,869,101924,0,4.7766306488669e-08
12492,4,1,98,820,101653,0,1.15176597566993e-07
12493,4,1,112,875,136822,0,3.29613588727858e-09
12494,4,1,101,876,103533,0,3.76982988988035e-08
12495,4,1,85,914,93607,0,6.88008257746936e-09
12496,4,1,118,891,90039,0,4.58376533462639e-08
12497,4,1,108,913,82860,0,7.06381368554482e-09
12498,4,1,92,890,74922,0,1.19488105769587e-08
12499,4,1,105,901,119438,0,3.05459296228791e-08
12500,4,1,82,840,98539,0,4.37403047012373e-09
12501,4,1,94,849,74719,0,3.57487628499878e-09
12502,4,1,110,892,99666,0,3.87190852804606e-09
12503,4,1,108,831,113029,0,2.46291186912835e-09
12504,4,1,94,862,99675,0,9.49829273970625e-09
12505,4,1,100,899,97068,0,6.52030945046083e-09
12506,4,1,87,847,72448,0,1.63231322473243e-08
12507,4,1,91,874,93040,0,1.45524415206894e-07
12508,4,1,92,870,73254,0,1.05842772253547e-08
12509,4,1,93,874,96482,0,1.9721700212722e-08
12510,4,1,104,899,165884,0,5.67870956009577e-08
12511,4,1,131,861,209266,0,1.41595067780956e-08
12512,4,1,127,879,124772,0,3.39005995388242e-07
12513,4,1,103,918,116469,0,6.52376615185854e-09
12514,4,1,98,845,139677,0,2.10605796217644e-08
12515,4,1,123,856,114492,0,5.73443387700271e-08
12516,4,1,100,852,119999,0,5.26948821234092e-09
12517,4,1,121,898,150996,0,5.47684720781864e-08
12518,4,1,121,852,137241,0,1.08053199096901e-07
12519,4,1,107,875,144089,0,7.34686917180284e-09
12520,4,1,102,878,153296,0,8.40020092376095e-09
12521,4,1,109,878,135712,0,4.36769199056386e-09
12522,4,1,103,878,141343,0,3.06797993623667e-08
12523,4,1,104,879,129664,0,2.88257082648952e-08
12524,4,1,91,849,123895,0,3.54700589991042e-08
12525,4,1,95,864,103856,0,1.08716025153754e-08
12526,4,1,83,869,164212,0,4.80771639133686e-07
12527,4,1,101,877,153356,0,1.56415287397923e-08
12528,4,1,96,861,177802,0,2.98435030345551e-08
12529,4,1,95,856,162714,0,3.04349141887168e-08
12530,4,1,107,902,145914,0,2.73953939285765e-08
12531,4,1,110,894,154412,0,1.30666496299164e-08
12532,4,1,115,856,98685,0,3.00492519424265e-08
12533,4,1,111,912,96126,0,8.99908122985174e-09
12534,4,1,95,827,86500,0,2.22524437333476e-08
12535,4,1,89,854,129607,0,1.33423785791951e-07
12536,4,1,94,887,113583,0,8.40772978383513e-09
12537,4,1,113,853,153989,0,5.44014261063001e-09
12538,4,1,107,858,161676,0,1.35701881397859e-07
12539,4,1,108,845,186071,0,5.50022103706944e-08
12540,4,1,108,868,123130,0,4.63492128719588e-09
12541,4,1,108,872,113052,0,5.07386570886654e-08
12542,4,1,92,850,196771,0,1.12448095635724e-08
12543,4,1,97,856,426458,0,4.65702523506835e-08
12544,4,1,94,851,148549,0,5.26249620447679e-09
12545,4,1,99,875,123804,0,1.45776249023857e-08
12546,4,1,113,915,91951,0,1.34128376905515e-08
12547,4,1,85,866,140598,0,2.69826265258085e-08
12548,4,1,98,911,143154,0,1.6463804343298e-08
12549,4,1,94,845,193180,0,2.13169235213286e-08
12550,4,1,101,821,310036,0,2.16343624211782e-08
12551,4,1,105,870,191671,0,1.76994785810898e-08
12552,4,1,83,875,148623,0,7.55416611050021e-09
12553,4,1,108,920,155323,0,1.07502499205025e-08
12554,4,1,91,847,105084,0,5.86640005576507e-08
12555,4,1,105,850,133596,0,1.72173637990775e-08
12556,4,1,102,835,118576,0,8.889008483732e-09
12557,4,1,104,864,282407,0,6.43867006897796e-08
12558,4,1,104,888,136573,0,9.59853657717476e-09
12559,4,1,98,878,101725,0,1.18765974563655e-08
12560,4,1,92,912,93820,0,1.22746781883909e-09
12561,4,1,109,912,93704,0,6.76030179222775e-08
12562,4,1,110,882,97374,0,1.43563110624266e-08
12563,4,1,110,899,106184,0,6.82276480531681e-09
12564,4,1,103,884,112653,0,5.83447023853776e-08
12565,4,1,75,874,90299,0,1.6972180254858e-07
12566,4,1,92,850,129843,0,2.7961252890462e-08
12567,4,1,116,880,134612,0,1.43569363279185e-08
12568,4,1,106,902,106179,0,1.30185548012219e-07
12569,4,1,111,859,95051,0,5.54523700217576e-08
12570,4,1,122,879,79336,0,2.86045065136871e-08
12571,4,1,94,857,77690,0,2.06581162406247e-08
12572,4,1,91,908,110038,0,1.09499540330069e-08
12573,4,1,113,872,186002,0,2.26397444997163e-09
12574,4,1,92,897,130631,0,9.96953377260442e-09
12575,4,1,113,874,121641,0,1.50502386310999e-08
12576,4,1,90,846,107982,0,1.00973764873238e-08
12577,4,1,90,878,111616,0,2.69255727519239e-08
12578,4,1,78,879,123561,0,1.87715520017361e-08
12579,4,1,100,885,146985,0,4.11937209119118e-09
12580,4,1,105,895,185812,0,4.17291163267341e-08
12581,4,1,95,850,159511,0,5.28173066691076e-09
12582,4,1,107,866,119081,0,7.08947340131954e-08
12583,4,1,124,910,144791,0,4.48704170252923e-08
12584,4,1,100,871,148020,0,1.729147649125e-08
12585,4,1,88,826,203248,0,4.72644413849967e-08
12586,4,1,76,855,148901,0,2.45321049419225e-08
12587,4,1,106,927,162277,0,1.88473586702838e-07
12588,4,1,102,871,168317,0,4.60849982412236e-08
12589,4,1,105,869,150888,0,2.32465012176851e-08
12590,4,1,97,833,168543,0,1.74339596367406e-08
12591,4,1,106,863,138701,0,1.38223320833729e-08
12592,4,1,79,859,151203,0,1.3058602158242e-08
12593,4,1,91,855,135067,0,2.36040970847126e-08
12594,4,1,101,877,108683,0,6.75159549502828e-09
12595,4,1,104,880,153662,0,4.00453690269759e-08
12596,4,1,104,905,116012,0,1.78598211753935e-08
12597,4,1,101,897,108101,0,1.38125749228316e-08
12598,4,1,125,899,107649,0,2.70633420499757e-07
12599,4,1,101,889,162972,0,1.96942593761935e-08
12600,4,1,134,846,129739,0,3.33007924360281e-08
12601,4,1,100,903,124351,0,1.63762504708911e-07
12602,4,1,94,888,120730,0,3.16848633621902e-09
12603,4,1,113,822,135767,0,1.22763244407059e-08
12604,4,1,105,826,157216,0,1.95426450326835e-08
12605,4,1,102,898,167506,0,9.06411415306452e-09
12606,4,1,95,811,119774,0,4.11859884497553e-07
12607,4,1,99,897,119416,0,4.38423239852782e-08
12608,4,1,128,854,205995,0,1.45352508484656e-06
12609,4,1,118,901,196848,0,6.82550614182608e-09
12610,4,1,71,818,175989,0,1.02476600885895e-08
12611,4,1,91,834,257101,0,8.75103555092744e-09
12612,4,1,96,824,169723,0,3.45714003677288e-05
12613,4,1,91,886,100554,0,1.1338809610666e-08
12614,4,1,96,840,108609,0,5.37271192037606e-09
12615,4,1,91,866,106214,0,1.42942693577068e-08
12616,4,1,92,852,116873,0,1.35512275412873e-08
12617,4,1,102,866,110505,0,5.36287542715091e-07
12618,4,1,104,870,133627,0,2.19503969356086e-07
12619,4,1,89,897,149870,0,4.01362220578042e-07
12620,4,1,100,876,142188,0,2.83619859037806e-08
12621,4,1,102,858,162989,0,8.78904973745085e-08
12622,4,1,78,902,139995,0,4.46646549094367e-08
12623,4,1,88,881,156277,0,4.01289702592804e-08
12624,4,1,95,889,190113,0,2.40647130608042e-09
12625,4,1,101,892,199397,0,3.70544895826368e-08
12626,4,1,70,857,174461,0,3.66940365885611e-08
12627,4,1,87,833,204713,0,2.15658631861902e-08
12628,4,1,89,848,130901,0,9.6528348060554e-09
12629,4,1,86,908,118543,0,1.01381920026606e-09
12630,4,1,75,832,113262,0,1.17548510458458e-07
12631,4,1,87,823,133954,0,9.49593900689990e-09
12632,4,1,72,852,177168,0,4.53812752202276e-08
12633,4,1,100,836,171504,0,1.94976171557413e-08
12634,4,1,128,856,191412,0,2.54690544325645e-09
12635,4,1,94,827,157712,0,6.04413303203885e-09
12636,4,1,79,841,134490,0,3.61021728387089e-09
12637,4,1,73,872,103229,0,2.49387616328514e-08
12638,4,1,78,893,84498,0,4.69281482864957e-09
12639,4,1,87,860,114918,0,1.02169041502868e-08
12640,4,1,95,900,142953,0,3.12339763744615e-08
12641,4,1,89,893,160870,0,4.87702886746514e-09
12642,4,1,65,889,209285,0,1.01544968154161e-08
12643,4,1,76,866,191230,0,3.34834998429475e-08
12644,4,1,87,851,143687,0,8.01434491011176e-09
12645,4,1,106,873,140256,0,5.92499755147256e-09
12646,4,1,100,873,198929,0,3.19484592034801e-09
12647,4,1,85,834,296388,0,9.28744818535306e-08
12648,4,1,105,848,419786,0,4.06497186318378e-08
12649,4,1,73,808,279674,0,1.08081115902396e-07
12650,4,1,99,825,216050,0,5.51462424741105e-09
12651,4,1,77,886,223542,0,3.48991154409086e-08
12652,4,1,102,865,236409,0,5.35383384900493e-09
12653,4,1,104,852,212968,0,2.36562796719377e-08
12654,4,1,86,866,268400,0,1.6453254699517e-08
12655,4,1,96,847,226470,0,2.74879468447809e-07
12656,4,1,107,891,165158,0,3.06989396567533e-09
12657,4,1,89,836,137663,0,9.4850893439702e-09
12658,4,1,95,873,162408,0,5.74240475051076e-09
12659,4,1,104,868,141494,0,9.95282013880999e-09
12660,4,1,86,822,219132,0,1.49593838387697e-08
12661,4,1,69,889,155104,0,2.6799899138279e-09
12662,4,1,79,869,117730,0,2.7765900357233e-08
12663,4,1,83,848,137166,0,6.52722032898471e-09
12664,4,1,88,890,146541,0,1.0526504668998e-08
12665,4,1,80,859,196460,0,4.62161152580396e-09
12666,4,1,100,879,162281,0,9.37255389872182e-08
12667,4,1,60,914,130484,0,1.27047488134049e-08
12668,4,1,99,854,155905,0,8.71308570810927e-09
12669,4,1,83,845,140156,0,8.9690388505919e-08
12670,4,1,118,844,177327,0,6.63958297073748e-08
12671,4,1,107,902,193631,0,1.91150309944607e-08
12672,4,1,69,846,198766,0,4.13841373515537e-08
12673,4,1,93,916,215309,0,4.54143905004929e-08
12674,4,1,96,866,140152,0,2.18495509951357e-08
12675,4,1,101,864,120963,0,1.68198639046781e-08
12676,4,1,89,869,118013,0,7.58853668165827e-08
12677,4,1,82,875,132467,0,1.02279555066456e-08
12678,4,1,85,883,126117,0,3.60228128855604e-08
12679,4,1,67,864,129094,0,3.3338352640379e-09
12680,4,1,83,910,115895,0,5.57953130275356e-08
12681,4,1,88,908,114991,0,1.02307202879352e-08
12682,4,1,88,874,122593,0,1.26293230700019e-08
12683,4,1,102,860,129674,0,2.46204190150825e-08
12684,4,1,90,875,132020,0,1.62128619361787e-07
12685,4,1,98,902,141103,0,6.83352568626379e-09
12686,4,1,92,865,123115,0,1.33113270709553e-07
12687,4,1,98,877,161829,0,3.68110096724657e-08
12688,4,1,83,879,153708,0,3.00471357436391e-09
12689,4,1,84,841,152163,0,4.05547452942154e-09
12690,4,1,84,884,165591,0,1.2592757858439e-08
12691,4,1,96,872,172108,0,1.35651128947371e-07
12692,4,1,89,819,171883,0,2.83127863612875e-08
12693,4,1,87,875,137748,0,8.35844962276144e-09
12694,4,1,72,888,145092,0,7.48009620007412e-09
12695,4,1,79,828,171091,0,4.86820876564487e-09
12696,4,1,81,866,264747,0,2.79825458639068e-08
12697,4,1,78,872,234743,0,3.72121293997467e-08
12698,4,1,98,850,292615,0,1.16542827770694e-08
12699,4,1,95,830,240200,0,2.65790601135438e-08
12700,4,1,107,855,258602,0,1.32585198632315e-08
12701,4,1,77,850,251207,0,4.19058267247678e-09
12702,4,1,105,851,186500,0,1.37235364247851e-08
12703,4,1,108,850,188526,0,1.54827255234307e-08
12704,4,1,79,887,164687,0,1.33580052905116e-08
12705,4,1,94,892,187269,0,2.53932585969085e-08
12706,4,1,100,865,216222,0,3.96246951467967e-09
12707,4,1,89,875,247163,0,3.53950392433332e-08
12708,4,1,91,870,218168,0,1.498412128798e-08
12709,4,1,82,872,155963,0,1.66663337227757e-06
12710,4,1,86,830,152175,0,2.1244677233732e-08
12711,4,1,94,886,188716,0,9.65431707060336e-09
12712,4,1,83,878,188734,0,6.12604995267213e-09
12713,4,1,104,906,167456,0,3.60823738258719e-09
12714,4,1,86,889,189779,0,3.90505425213674e-08
12715,4,1,103,857,173189,0,2.70618336346382e-09
12716,4,1,102,889,111388,0,3.3213600377678e-08
12717,4,1,83,875,135502,0,7.51301444417851e-07
12718,4,1,90,825,147675,0,4.85342564366248e-08
12719,4,1,83,892,133567,0,2.52848697143986e-08
12720,4,1,95,860,167942,0,4.08893446115718e-07
12721,4,1,97,849,204192,0,8.21930026452174e-09
12722,4,1,81,846,210493,0,4.1722966924052e-09
12723,4,1,91,850,231514,0,6.47276426068249e-09
12724,4,1,100,876,225763,0,3.01377207488361e-08
12725,4,1,90,849,172273,0,3.9404041466895e-07
12726,4,1,94,832,194220,0,4.62069602165365e-08
12727,4,1,93,840,231453,0,2.40949642127966e-08
12728,4,1,78,822,243369,0,7.42373701012767e-09
12729,4,1,95,865,244871,0,3.7598877639903e-07
12730,4,1,90,831,199413,0,2.06091448970674e-07
12731,4,1,94,877,190934,0,3.15614051896402e-09
12732,4,1,85,850,207104,0,4.0490112933231e-08
12733,4,1,82,852,142904,0,7.57924592721777e-09
12734,4,1,91,832,171401,0,3.59805304452803e-08
12735,4,1,100,862,148962,0,1.50661502041759e-07
12736,4,1,93,832,209514,0,2.99447742480279e-07
12737,4,1,84,860,293580,0,1.29013796982655e-08
12738,4,1,97,865,235244,0,1.29362661545955e-06
12739,4,1,102,820,299854,0,2.48860536299432e-08
12740,4,1,94,878,374882,0,5.94634574942454e-09
12741,4,1,88,850,375485,0,4.25415581409921e-09
12742,4,1,89,870,312969,0,1.35990868946941e-08
12743,4,1,109,843,214392,0,4.1748199449306e-09
12744,4,1,96,874,233535,0,5.29740009427394e-09
12745,4,1,90,867,192773,0,1.93225456879635e-08
12746,4,1,92,890,177986,0,2.51848873467699e-07
12747,4,1,97,829,231130,0,7.55030815879237e-08
12748,4,1,98,863,211039,0,2.76963948792012e-09
12749,4,1,84,892,235767,0,3.15381839826384e-09
12750,4,1,81,864,275929,0,7.34630139856379e-09
12751,4,1,74,860,271781,0,8.47600755342145e-09
12752,4,1,90,869,221716,0,1.81949119420656e-07
12753,4,1,85,850,240909,0,1.63472623396867e-08
12754,4,1,96,883,192277,0,4.67414147729977e-09
12755,4,1,81,864,211211,0,8.38529971453293e-09
12756,4,1,79,815,309855,0,3.50413780178562e-08
12757,4,1,93,886,381770,0,1.59056502418576e-08
12758,4,1,88,873,310459,0,2.41865653058698e-09
12759,4,1,98,860,225294,0,1.75700854238374e-08
12760,4,1,67,855,277425,0,1.1060323855169e-08
12761,4,1,69,837,269751,0,5.78839938886201e-09
12762,4,1,88,854,195338,0,8.44881001482256e-09
12763,4,1,98,859,277654,0,2.22107596357868e-08
12764,4,1,117,905,235252,0,6.91835721404548e-09
12765,4,1,99,900,212490,0,1.5445417353226e-08
12766,4,1,93,857,237257,0,1.29546258259145e-08
12767,4,1,89,859,177879,0,1.116368646408e-08
12768,4,1,103,875,190123,0,2.29854646590823e-08
12769,4,1,107,856,195731,0,3.88229884893035e-08
12770,4,1,98,888,236266,0,1.26877447258238e-08
12771,4,1,91,879,259597,0,5.29444409333552e-09
12772,4,1,92,847,285595,0,1.34764392919359e-08
12773,4,1,85,881,152329,0,5.08222510769844e-09
12774,4,1,101,855,139958,0,1.41080281280261e-08
12775,4,1,89,845,145681,0,1.53251576512443e-08
12776,4,1,95,846,143649,0,6.99232894587353e-08
12777,4,1,66,849,145438,0,3.51131801515209e-08
12778,4,1,101,837,171445,0,1.02483324327449e-07
12779,4,1,99,817,201821,0,6.57931646215076e-09
12780,4,1,98,886,123327,0,1.16254956699573e-08
12781,4,1,95,874,343377,0,4.01371686886648e-08
12782,4,1,93,872,468926,0,5.72303193967272e-09
12783,4,1,101,871,285411,0,8.0517646099244e-09
12784,4,1,78,860,203740,0,2.35143027671938e-08
12785,4,1,84,827,243305,0,1.21359010008302e-08
12786,4,1,63,863,228675,0,6.40481901185732e-07
12787,4,1,72,898,248009,0,1.79198222081898e-08
12788,4,1,120,876,300845,0,2.78234685410117e-07
12789,4,1,103,843,268545,0,1.14566088252155e-08
12790,4,1,86,841,203984,0,1.32177605930431e-08
12791,4,1,94,874,189095,0,1.3107783261884e-08
12792,4,1,95,886,148794,0,6.84312286956531e-09
12793,4,1,91,824,143658,0,5.16381914053332e-09
12794,4,1,94,834,149714,0,2.51027081128205e-08
12795,4,1,87,897,165737,0,8.300519925203e-09
12796,4,1,102,877,142126,0,6.45042953694292e-08
12797,4,1,105,821,115862,0,3.66258994618173e-08
12798,4,1,75,890,127663,0,6.64021116116301e-09
12799,4,1,82,887,134188,0,3.26189170845663e-09
12800,4,1,91,895,142480,0,5.4018708883699e-08
12801,4,1,91,833,240514,0,2.72662678314273e-08
12802,4,1,80,890,190059,0,2.24918614436548e-08
12803,4,1,88,817,182634,0,4.64773509641482e-09
12804,4,1,82,860,163596,0,3.82910209081533e-08
12805,4,1,78,833,160369,0,2.24477801005898e-08
12806,4,1,84,857,163137,0,8.99150883908973e-08
12807,4,1,83,827,188458,0,2.67557285303086e-09
12808,4,1,93,854,201480,0,1.15106355796846e-08
12809,4,1,87,819,266053,0,1.42096574991926e-08
12810,4,1,100,842,234112,0,1.15728002800916e-08
12811,4,1,93,866,298856,0,1.61210689352586e-09
12812,4,1,95,896,291053,0,1.26126864387402e-08
12813,4,1,100,891,351895,0,2.30590200733855e-09
12814,4,1,78,833,322786,0,5.52768640234151e-08
12815,4,1,88,840,298238,0,5.50045101775912e-08
12816,4,1,82,871,245700,0,3.47663758641842e-09
12817,4,1,86,885,299326,0,1.3691766683294e-08
12818,4,1,70,845,327958,0,1.3604041260942e-08
12819,4,1,83,853,323084,0,1.32053819499238e-08
12820,4,1,96,870,297332,0,9.49019448026269e-08
12821,4,1,94,859,243942,0,5.0342969363536e-08
12822,4,1,88,833,244864,0,2.4924927368233e-08
12823,4,1,90,874,228046,0,3.78058915181751e-08
12824,4,1,70,895,257773,0,7.91268718963846e-09
12825,4,1,101,860,219570,0,1.30847236085329e-08
12826,4,1,79,853,217524,0,2.09518279238824e-08
12827,4,1,107,862,205589,0,3.16701043440139e-09
12828,4,1,77,879,213345,0,5.21488071393902e-08
12829,4,1,98,879,312196,0,2.83051940749287e-09
12830,4,1,75,880,411928,0,2.69217344097566e-09
12831,4,1,111,828,377192,0,2.49861823079957e-08
12832,4,1,98,831,367989,0,2.54842314038042e-09
12833,4,1,96,879,358232,0,9.00332776119277e-09
12834,4,1,114,886,256272,0,3.86475318876436e-08
12835,4,1,91,888,274852,0,1.12806368618964e-08
12836,4,1,83,838,311533,0,3.0501483888283e-08
12837,4,1,79,888,366949,0,5.26026407951686e-09
12838,4,1,99,832,249992,0,5.8641528670561e-08
12839,4,1,80,896,271874,0,3.23118270193643e-09
12840,4,1,114,901,296040,0,1.23463024769369e-08
12841,4,1,94,875,286546,0,9.95495225581078e-09
12842,4,1,94,870,228665,0,6.42271026127736e-09
12843,4,1,85,873,200361,0,1.74303198027793e-09
12844,4,1,83,862,269642,0,5.63062458463951e-09
12845,4,1,110,881,268968,0,1.69509767047147e-08
12846,4,1,82,849,220274,0,4.00208256713653e-07
12847,4,1,98,838,217601,0,9.73373837120048e-09
12848,4,1,83,870,274035,0,1.70855420435613e-08
12849,4,1,117,885,382085,0,9.61201516768515e-09
12850,4,1,72,915,277104,0,6.01358358820357e-09
12851,4,1,100,861,274790,0,2.28377730999495e-08
12852,4,1,70,818,239921,0,1.84476676526168e-08
12853,4,1,77,855,257879,0,4.14107272501502e-08
12854,4,1,105,852,321376,0,5.38629391821435e-09
12855,4,1,91,854,301235,0,4.113969630513e-08
12856,4,1,96,860,291536,0,1.32034316602574e-08
12857,4,1,105,828,333744,0,8.75945555713262e-09
12858,4,1,81,848,380543,0,6.67685961697516e-08
12859,4,1,97,865,361392,0,3.02298318828544e-09
12860,4,1,111,822,438102,0,1.84064242895321e-08
12861,4,1,88,880,456565,0,2.64480616000943e-09
12862,4,1,96,883,345320,0,5.99595351666323e-09
12863,4,1,86,871,384249,0,1.12280770360093e-07
12864,4,1,93,891,359687,0,1.23348696724126e-08
12865,4,1,86,858,423765,0,3.40863595347072e-09
12866,4,1,82,865,396089,0,6.09702607323803e-09
12867,4,1,95,911,469450,0,7.02477106637958e-09
12868,4,1,103,852,263791,0,7.28147082042564e-08
12869,4,1,96,885,300760,0,1.48402624400696e-08
12870,4,1,91,879,348041,0,1.63705110068896e-08
12871,4,1,106,867,235765,0,6.13196371117551e-09
12872,4,1,118,848,422727,0,7.14821519852298e-08
12873,4,1,105,833,328462,0,7.32727501210007e-09
12874,4,1,96,854,463932,0,7.89239826975569e-08
12875,4,1,99,840,323714,0,6.67487713353377e-06
12876,4,1,108,865,303892,0,6.2352721361436e-09
12877,4,1,78,893,302343,0,6.22182567441391e-09
12878,4,1,85,873,338401,0,1.16624185498632e-07
12879,4,1,106,830,216879,0,1.25181282412652e-08
12880,4,1,80,848,151176,0,1.63496488764793e-08
12881,4,1,101,869,171808,0,3.83878246678172e-08
12882,4,1,86,813,205878,0,1.59882989757388e-07
12883,4,1,99,827,184318,0,1.02123899889172e-08
12884,4,1,92,881,180910,0,2.3550059232969e-08
12885,4,1,80,847,206469,0,1.35712406474631e-08
12886,4,1,114,865,339488,0,5.98920636303331e-08
12887,4,1,90,885,200853,0,1.22735383940938e-07
12888,4,1,98,856,199567,0,2.15256890047899e-08
12889,4,1,63,895,136468,0,5.81766986891482e-09
12890,4,1,61,856,131829,0,1.91330086482974e-08
12891,4,1,78,890,119815,0,3.47143447752825e-09
12892,4,1,117,871,167736,0,4.42307716497258e-09
12893,4,1,79,863,115364,0,3.46768452733849e-08
12894,4,1,115,882,145268,0,2.46311032305239e-08
12895,4,1,112,879,155138,0,3.6022370699046e-08
12896,4,1,74,891,142915,0,1.90022499505108e-09
12897,4,1,88,872,144173,0,3.87772121957574e-08
12898,4,1,83,861,147443,0,1.07820891015923e-08
12899,4,1,99,921,153499,0,5.66432743493404e-09
12900,4,1,98,885,135543,0,5.6887769646274e-08
12901,4,1,100,857,213216,0,4.67007968579985e-05
12902,4,1,99,877,179814,0,1.31610416677616e-09
12903,4,1,94,858,156971,0,1.17763694823446e-08
12904,4,1,88,877,140950,0,1.72169118044605e-07
12905,4,1,90,875,153538,0,2.23399637535019e-08
12906,4,1,104,878,165639,0,5.44411387234015e-07
12907,4,1,99,846,223028,0,3.3164279425168e-08
12908,4,1,124,892,157170,0,2.47261971148665e-09
12909,4,1,105,859,193774,0,2.16050378555112e-09
12910,4,1,90,888,183277,0,1.791381727656e-07
12911,4,1,98,907,186295,0,6.095812132493e-09
12912,4,1,105,855,199278,0,2.33879749656352e-08
12913,4,1,86,898,221598,0,4.71140012298943e-08
12914,4,1,71,883,184251,0,3.98141913906387e-09
12915,4,1,100,873,208165,0,2.57280651749074e-09
12916,4,1,84,906,157466,0,8.01433353641124e-09
12917,4,1,109,903,169109,0,8.2068098768443e-09
12918,4,1,108,863,132932,0,5.13454472334797e-08
12919,4,1,93,846,167631,0,4.81854213330653e-09
12920,4,1,98,881,213328,0,1.08551795693065e-08
12921,4,1,96,901,183238,0,5.17059772302277e-09
12922,4,1,95,883,182644,0,1.33885876019367e-08
12923,4,1,116,889,172812,0,2.71290161086642e-08
12924,4,1,84,855,133616,0,2.82652305012181e-09
12925,4,1,98,867,140735,0,4.20018117803625e-09
12926,4,1,100,912,120620,0,2.71835048156199e-08
12927,4,1,95,964,147456,0,1.4219458438099e-09
12928,4,1,89,933,130961,0,1.00121087856307e-07
12929,4,1,107,942,122363,0,1.50899712847693e-08
12930,4,1,98,879,145749,0,7.64886345700457e-09
12931,4,1,92,908,161386,0,1.71097523920745e-08
12932,4,1,99,849,138244,0,4.6216762254471e-08
12933,4,1,96,874,137544,0,7.54930820515148e-09
12934,4,1,114,869,175971,0,1.36827854878746e-07
12935,4,1,100,849,139892,0,5.48957677284381e-09
12936,4,1,114,892,194047,0,7.31580764641968e-09
12937,4,1,103,843,202373,0,1.9780075934479e-08
12938,4,1,84,889,153769,0,1.17654780813121e-09
12939,4,1,117,850,150816,0,6.30054200422282e-09
12940,4,1,113,869,164017,0,4.75903540325692e-09
12941,4,1,88,875,162763,0,4.11278992072605e-09
12942,4,1,97,844,152313,0,5.29845820308011e-09
12943,4,1,73,866,163564,0,4.0090535213756e-09
12944,4,1,96,878,174365,0,7.06706589033086e-09
12945,4,1,90,874,143998,0,5.8240342938824e-08
12946,4,1,91,866,141178,0,1.85645815441487e-09
12947,4,1,90,857,153745,0,6.51413269081626e-09
12948,4,1,104,850,135893,0,5.20243536218137e-08
12949,4,1,91,866,162242,0,1.14445645224647e-08
12950,4,1,86,871,153039,0,7.7457742236992e-09
12951,4,1,92,892,166802,0,3.22436568486413e-09
12952,4,1,94,849,150739,0,8.02422674271285e-09
12953,4,1,117,904,167562,0,1.63159702303681e-09
12954,4,1,101,863,198200,0,1.84374990729669e-08
12955,4,1,116,889,158263,0,5.19658400637151e-08
12956,4,1,87,873,147657,0,4.41316171832756e-08
12957,4,1,98,855,132387,0,4.15065356532353e-09
12958,4,1,79,847,144377,0,1.92333004125479e-09
12959,4,1,104,883,139876,0,9.12724066968894e-09
12960,4,1,98,854,122651,0,2.285008933884e-07
12961,4,1,109,868,144060,0,2.56334891197998e-08
12962,4,1,105,827,224307,0,1.59555735804571e-08
12963,4,1,102,871,239871,0,3.65546957327095e-09
12964,4,1,106,883,238230,0,1.55543047717385e-08
12965,4,1,88,865,156423,0,9.82466331892747e-09
12966,4,1,87,849,150870,0,1.66987050238081e-08
12967,4,1,89,881,175741,0,9.94819673282484e-09
12968,4,1,75,928,167033,0,2.62521386525014e-08
12969,4,1,104,866,163393,0,1.48549767089569e-08
12970,4,1,85,833,226549,0,6.30127810387181e-08
12971,4,1,92,906,193834,0,7.7621225330507e-08
12972,4,1,99,869,169635,0,6.65912331004539e-07
12973,4,1,93,862,147274,0,2.0623253993998e-07
12974,4,1,86,875,134656,0,6.27775498376083e-08
12975,4,1,110,897,131489,0,3.32360747050177e-07
12976,4,1,80,865,136918,0,1.05189071704409e-07
12977,4,1,95,910,125468,0,6.54507978545504e-08
12978,4,1,85,882,105722,0,4.02603658464951e-09
12979,4,1,112,865,120975,0,1.4292252255253e-09
12980,4,1,102,908,118631,0,3.97104019316884e-09
12981,4,1,96,898,147657,0,4.56179236540257e-08
12982,4,1,107,876,165510,0,2.40342515970269e-08
12983,4,1,97,866,201378,0,6.54649469194653e-08
12984,4,1,93,867,201242,0,1.53572986881507e-08
12985,4,1,101,867,235499,0,1.06742655012752e-08
12986,4,1,128,897,177661,0,9.73092291256729e-07
12987,4,1,101,822,241688,0,6.40724683723951e-09
12988,4,1,110,889,255974,0,1.42633132324144e-07
12989,4,1,95,885,224630,0,2.75083107950421e-09
12990,4,1,86,893,174143,0,8.87872113287382e-08
12991,4,1,88,894,190500,0,6.28824709699066e-08
12992,4,1,97,857,246281,0,2.33569376694039e-08
12993,4,1,93,845,256291,0,3.43713782365735e-09
12994,4,1,94,840,249251,0,6.76322826206976e-09
12995,4,1,95,874,257521,0,2.26254362185019e-08
12996,4,1,76,896,207635,0,6.282083539176e-08
12997,4,1,111,822,250117,0,1.23483029244858e-08
12998,4,1,107,869,246896,0,1.5904895841478e-08
12999,4,1,72,894,250697,0,4.89477753493246e-09
13000,4,1,98,884,249037,0,1.57587863966427e-08
13001,4,1,90,863,275643,0,9.67164342082631e-09
13002,4,1,104,850,207550,0,2.87179602304398e-08
13003,4,1,90,852,224707,0,1.19974325405242e-07
13004,4,1,97,844,287788,0,2.09624665027398e-08
13005,4,1,71,853,236328,0,4.33773812738779e-09
13006,4,1,112,868,205621,0,2.1706878862e-08
13007,4,1,104,866,206615,0,3.59052145132653e-08
13008,4,1,83,786,230848,0,9.10952566532786e-09
13009,4,1,116,882,242142,0,1.35856150850614e-09
13010,4,1,97,857,189648,0,2.13030495460517e-08
13011,4,1,94,848,197225,0,7.06438539920582e-08
13012,4,1,96,847,225060,0,8.7060419735943e-08
13013,4,1,94,843,205339,0,4.4433665766853e-08
13014,4,1,101,825,209785,0,3.03406879445034e-08
13015,4,1,103,878,237015,0,9.56351187237124e-09
13016,4,1,81,851,216184,0,1.10433931801425e-08
13017,4,1,109,892,217685,0,7.15677744175036e-08
13018,4,1,94,841,224547,0,3.81090215801095e-07
13019,4,1,79,904,177890,0,1.04221296433461e-09
13020,4,1,76,919,168541,0,5.72004727399796e-09
13021,4,1,92,875,221208,0,1.17752322078813e-08
13022,4,1,91,872,296414,0,3.51269709006032e-08
13023,4,1,91,846,330252,0,6.75682014569674e-09
13024,4,1,71,856,241985,0,2.45112031346343e-09
13025,4,1,89,900,242232,0,1.56589282348695e-08
13026,4,1,99,885,204260,0,8.9063000519916e-09
13027,4,1,92,865,244447,0,3.03853414159304e-08
13028,4,1,91,836,225462,0,8.55841111257535e-08
13029,4,1,93,898,192268,0,2.68233760751758e-07
13030,4,1,107,877,210712,0,8.56670744015109e-09
13031,4,1,87,844,207566,0,4.31768089557668e-08
13032,4,1,118,886,236471,0,7.68689829974045e-08
13033,4,1,100,875,235743,0,2.74860426610876e-09
13034,4,1,103,893,250041,0,1.36991854113188e-08
13035,4,1,88,877,198015,0,1.54078837530138e-08
13036,4,1,80,838,236456,0,4.86219456811802e-08
13037,4,1,99,888,232194,0,8.15313409463777e-09
13038,4,1,94,884,248790,0,5.39389599913581e-09
13039,4,1,98,858,242753,0,2.20771678758622e-08
13040,4,1,82,899,307138,0,6.39753732986394e-09
13041,4,1,70,867,294985,0,1.25900087945608e-08
13042,4,1,92,883,286969,0,1.63238433099676e-09
13043,4,1,89,914,265087,0,6.80494784815573e-08
13044,4,1,89,895,273593,0,5.47541757074331e-08
13045,4,1,83,885,271753,0,4.39843477291843e-09
13046,4,1,105,851,296708,0,1.71610356156954e-08
13047,4,1,97,871,260982,0,4.76861067962766e-09
13048,4,1,115,883,220883,0,3.58478437485324e-08
13049,4,1,100,862,255416,0,1.30380431106024e-08
13050,4,1,88,854,307465,0,1.22578808086651e-08
13051,4,1,86,885,320715,0,7.63821443792194e-09
13052,4,1,106,898,262307,0,6.88736387891055e-09
13053,4,1,102,835,200454,0,9.92731889083893e-09
13054,4,1,113,895,197319,0,8.82360696924112e-10
13055,4,1,77,864,271738,0,8.20384559815849e-10
13056,4,1,99,885,260655,0,2.42907744264223e-08
13057,4,1,100,876,227171,0,3.55293236867005e-09
13058,4,1,89,917,290691,0,1.97166651715108e-08
13059,4,1,90,871,216652,0,2.49344644273813e-07
13060,4,1,120,892,186241,0,2.41111131681907e-08
13061,4,1,110,883,212913,0,2.75148475417553e-08
13062,4,1,93,886,255597,0,3.0157527111468e-09
13063,4,1,91,879,253592,0,1.79921983737823e-08
13064,4,1,83,855,219791,0,3.67617489205877e-07
13065,4,1,82,865,256369,0,2.9422062983648e-07
13066,4,1,91,843,264149,0,4.46416284169361e-09
13067,4,1,106,856,320409,0,8.83520112252106e-07
13068,4,1,93,881,248071,0,9.67920088441492e-09
13069,4,1,70,851,263495,0,1.83795655163396e-08
13070,4,1,88,834,230212,0,6.68691519196378e-08
13071,4,1,84,861,206758,0,9.87310467598888e-08
13072,4,1,116,839,221165,0,7.32923581309002e-09
13073,4,1,73,896,250312,0,3.18974122725405e-08
13074,4,1,92,867,219917,0,3.79039855777547e-09
13075,4,1,112,865,211717,0,1.85931422461594e-08
13076,4,1,99,877,220067,0,4.18163197043843e-09
13077,4,1,93,874,193401,0,4.27288108521113e-08
13078,4,1,92,827,207402,0,4.7671627622566e-09
13079,4,1,105,846,310050,0,1.68202672714304e-08
13080,4,1,104,901,254380,0,2.40834104380617e-08
13081,4,1,92,895,251582,0,3.85935961843404e-08
13082,4,1,104,884,242580,0,7.33334314764512e-09
13083,4,1,99,876,257479,0,1.46847452214075e-08
13084,4,1,106,874,248279,0,1.19753423342971e-08
13085,4,1,115,868,226451,0,1.59253310317709e-09
13086,4,1,104,879,236980,0,2.18532340509032e-08
13087,4,1,98,837,239810,0,9.39186477658313e-09
13088,4,1,101,891,194147,0,4.17478979371572e-07
13089,4,1,98,838,228036,0,1.89068716722735e-08
13090,4,1,120,854,295029,0,1.18108161199573e-08
13091,4,1,93,850,288917,0,1.90082490720791e-08
13092,4,1,106,853,271427,0,1.62526929029619e-08
13093,4,1,82,886,257922,0,8.06341565284071e-09
13094,4,1,104,820,245691,0,5.3300291833562e-09
13095,4,1,83,867,418094,0,1.01851748339117e-06
13096,4,1,80,811,522870,0,1.4238333920907e-08
13097,4,1,79,868,405227,0,5.3229021524934e-08
13098,4,1,86,873,417305,0,4.76297428418848e-09
13099,4,1,86,857,336484,0,3.90780016380772e-08
13100,4,1,113,857,472000,0,5.88947102606413e-07
13101,4,1,98,890,485101,0,6.96384322049102e-09
13102,4,1,97,884,460666,0,7.69888717767522e-09
13103,4,1,90,858,368287,0,2.44267944587824e-08
13104,4,1,93,880,352872,0,1.44306065763635e-08
13105,4,1,99,871,343584,0,1.1731800124123e-08
13106,4,1,105,819,417469,0,6.0158958050698e-07
13107,4,1,99,781,353126,0,7.76447124618226e-08
13108,4,1,109,849,291993,0,1.26510401406615e-08
13109,4,1,107,861,501101,0,3.09502352245876e-08
13110,4,1,94,828,299647,0,2.49674492340603e-07
13111,4,1,77,888,214740,0,5.0465223181782e-09
13112,4,1,79,842,201134,0,3.54650741057961e-09
13113,4,1,85,832,202379,0,4.07289955579541e-07
13114,4,1,88,854,258579,0,1.50213696292865e-08
13115,4,1,108,897,245280,0,5.82156204673953e-09
13116,4,1,102,853,288177,0,7.91940631365215e-09
13117,4,1,102,876,331521,0,3.03656438139289e-08
13118,4,1,72,872,275967,0,4.39553704892683e-08
13119,4,1,83,855,339727,0,5.07705121298774e-09
13120,4,1,77,838,224759,0,3.99754845959203e-09
13121,4,1,89,807,268442,0,2.79248549872526e-09
13122,4,1,89,855,227096,0,5.70582658095266e-09
13123,4,1,72,830,256516,0,1.97689086852996e-09
13124,4,1,77,858,232817,0,9.38544591742037e-09
13125,4,1,91,892,228933,0,1.2977318359754e-08
13126,4,1,88,867,233211,0,5.91861687893286e-07
13127,4,1,76,837,242487,0,2.33146595753084e-09
13128,4,1,65,786,223140,0,1.39520978251186e-08
13129,4,1,79,836,195689,0,4.51986166028982e-08
13130,4,1,93,894,179337,0,8.03368859332056e-09
13131,4,1,61,849,224264,0,3.94772646168605e-08
13132,4,1,94,855,259655,0,2.2390261250955e-09
13133,4,1,78,868,279865,0,4.20953263998663e-08
13134,4,1,93,826,241633,0,8.31393324419089e-09
13135,4,1,90,864,213198,0,2.41143268533168e-08
13136,4,1,96,857,262555,0,9.67921379610806e-09
13137,4,1,100,834,251139,0,2.22930532559818e-08
13138,4,1,105,830,309431,0,3.8212052166924e-08
13139,4,1,91,844,279827,0,4.74591877136189e-09
13140,4,1,100,881,213376,0,2.77307613121223e-08
13141,4,1,92,872,208273,0,3.57143611830206e-08
13142,4,1,108,831,266992,0,1.44188407481836e-08
13143,4,1,94,881,244146,0,1.38401122360286e-08
13144,4,1,106,845,200093,0,7.37224951522169e-09
13145,4,1,86,842,200127,0,2.10297621047954e-09
13146,4,1,84,878,179963,0,3.06945282935642e-07
13147,4,1,93,890,192383,0,1.95453389120523e-08
13148,4,1,81,841,209410,0,1.95694434444158e-07
13149,4,1,95,887,173077,0,6.46015724587889e-09
13150,4,1,94,869,201306,0,6.63551048097015e-09
13151,4,1,101,869,156655,0,2.70330864329203e-08
13152,4,1,82,871,162748,0,5.10187324273274e-08
13153,4,1,95,869,237024,0,1.72896940441773e-09
13154,4,1,99,867,178704,0,1.10781297089143e-08
13155,4,1,97,890,99345,0,2.72936360588721e-09
13156,4,1,98,880,111612,0,2.00113857738448e-07
13157,4,1,91,896,129313,0,1.24363472433665e-08
13158,4,1,89,916,131152,0,2.65041533019798e-09
13159,4,1,102,897,122519,0,2.04499834569929e-09
13160,4,1,96,870,120586,0,9.62393735405748e-08
13161,4,1,103,913,128837,0,8.59001089782469e-09
13162,4,1,112,915,117067,0,5.90642432241364e-09
13163,4,1,92,857,106567,0,2.83942010754539e-09
13164,4,1,101,901,114931,0,5.55709303214228e-09
13165,4,1,92,930,115791,0,1.64544021552736e-09
13166,4,1,73,933,98803,0,1.5703286240608e-08
13167,4,1,94,891,113942,0,6.29278165613504e-08
13168,4,1,91,937,130402,0,8.76120938257349e-09
13169,4,1,84,852,131084,0,9.8116795539506e-08
13170,4,1,93,876,125287,0,6.92463617875669e-09
13171,4,1,95,867,121778,0,1.34301398782296e-08
13172,4,1,87,845,105945,0,1.58468431008935e-08
13173,4,1,99,870,112956,0,7.2912461692832e-09
13174,4,1,103,890,128186,0,3.35967325991517e-08
13175,4,1,100,837,166215,0,2.65309858067879e-08
13176,4,1,101,913,140888,0,3.13144593586181e-08
13177,4,1,91,916,116423,0,5.11489436497467e-09
13178,4,1,118,873,130192,0,3.93201239162875e-08
13179,4,1,93,897,176503,0,4.07379186804367e-08
13180,4,1,115,920,131265,0,2.77816001016543e-09
13181,4,1,97,905,136134,0,2.33691296827567e-07
13182,4,1,108,936,163577,0,3.49858198199419e-09
13183,4,1,97,851,161209,0,9.55234056673364e-09
13184,4,1,97,894,141938,0,4.76087867277526e-08
13185,4,1,88,880,197770,0,1.47047509190167e-08
13186,4,1,101,897,131278,0,1.43812491113575e-08
13187,4,1,102,903,126012,0,8.56646420368467e-09
13188,4,1,94,875,133917,0,2.88935573289719e-07
13189,4,1,103,873,168175,0,7.28358653662579e-09
13190,4,1,124,818,205891,0,7.88437414434697e-09
13191,4,1,93,874,207275,0,5.52040817789275e-08
13192,4,1,83,875,229259,0,3.47011041730602e-09
13193,4,1,76,832,256540,0,7.54002729224225e-07
13194,4,1,96,905,203972,0,6.48864789276324e-09
13195,4,1,111,926,209036,0,2.14216348403133e-08
13196,4,1,99,878,174198,0,1.91793857227707e-08
13197,4,1,89,896,159777,0,6.68387139969811e-10
13198,4,1,105,888,175144,0,6.29542789099486e-08
13199,4,1,83,906,169772,0,8.66700017735409e-09
13200,4,1,112,905,144508,0,1.49973325941e-08
13201,4,1,108,904,140622,0,5.36141399874836e-09
13202,4,1,102,883,215822,0,1.56188492800821e-09
13203,4,1,82,847,188497,0,8.65656614826939e-08
13204,4,1,105,904,270146,0,3.5286749268123e-09
13205,4,1,100,902,222644,0,9.27896275731218e-09
13206,4,1,96,911,231734,0,8.75734847900999e-09
13207,4,1,91,876,246465,0,5.12372536717595e-09
13208,4,1,106,869,274645,0,3.04525226342711e-08
13209,4,1,105,883,278893,0,5.53074268769659e-09
13210,4,1,95,820,292065,0,2.81250226521977e-08
13211,4,1,86,914,333419,0,6.98444368111145e-08
13212,4,1,99,874,381038,0,6.63841088879059e-08
13213,4,1,80,874,393599,0,8.98096425646591e-09
13214,4,1,109,919,293078,0,4.98714258918415e-09
13215,4,1,106,885,310328,0,6.09289636477171e-08
13216,4,1,104,912,273461,0,3.17482000226164e-08
13217,4,1,92,880,382558,0,6.53892619562234e-08
13218,4,1,77,860,372941,0,4.72808750587943e-09
13219,4,1,93,859,255021,0,1.02708415064386e-07
13220,4,1,114,867,296913,0,7.52930340000481e-09
13221,4,1,87,896,245286,0,2.72936420703011e-07
13222,4,1,87,907,290683,0,4.04933993547533e-08
13223,4,1,87,818,384570,0,2.70522532296374e-07
13224,4,1,82,887,283489,0,9.34418391072824e-08
13225,4,1,78,880,329796,0,1.67578685817582e-08
13226,4,1,83,860,345215,0,9.63883554173997e-09
13227,4,1,99,900,352805,0,1.43228886242385e-08
13228,4,1,95,840,451961,0,3.94555729944946e-08
13229,4,1,105,914,423178,0,1.00676328633813e-08
13230,4,1,112,885,474882,0,4.65498143195469e-05
13231,4,1,78,865,608477,0,1.96278039068486e-08
13232,4,1,121,863,499725,0,2.60540774749152e-08
13233,4,1,105,839,414016,0,7.33828731586524e-08
13234,4,1,103,899,429489,0,9.33954587776492e-09
13235,4,1,110,918,385688,0,4.88267272566717e-09
13236,4,1,112,890,368814,0,1.81329377125174e-09
13237,4,1,104,852,398343,0,4.99464005081924e-08
13238,4,1,86,883,450257,0,7.63533506524674e-07
13239,4,1,90,847,432312,0,1.02112127991822e-06
13240,4,1,98,890,377000,0,9.64733563624114e-08
13241,4,1,102,847,379890,0,8.38597281702785e-09
13242,4,1,117,896,504102,0,9.29996493239894e-09
13243,4,1,100,892,434940,0,1.23299893498911e-08
13244,4,1,83,861,473981,0,1.73570015759154e-08
13245,4,1,93,908,536546,0,1.74977377107489e-08
13246,4,1,100,866,551566,0,1.16864218642762e-08
13247,4,1,103,891,487421,0,3.14544981812896e-08
13248,4,1,104,840,655764,0,8.27721033953908e-09
13249,4,1,97,881,585570,0,2.29199328204435e-08
13250,4,1,107,854,461630,0,4.53084250654233e-09
13251,4,1,110,863,469596,0,1.22596998525348e-08
13252,4,1,99,902,469181,0,6.65582108874542e-08
13253,4,1,121,859,573605,0,5.68564609956503e-10
13254,4,1,112,875,601373,0,1.99604185722665e-09
13255,4,1,90,887,653838,0,1.46968078502297e-08
13256,4,1,108,790,722130,0,2.18924894439654e-08
13257,4,1,94,857,970185,0,5.55289222380593e-09
13258,4,1,105,895,957815,0,1.00019526762022e-07
13259,4,1,83,852,968998,0,6.54492717147645e-08
13260,4,1,106,856,887423,0,7.69610034733163e-08
13261,4,1,77,868,1058121,0,1.37103546360396e-07
13262,4,1,96,819,907661,0,8.0656807777862e-09
13263,4,1,87,840,809558,0,1.46609789325757e-08
13264,4,1,105,871,953854,0,3.24655643257297e-08
13265,4,1,106,880,899161,0,6.43976861107929e-09
13266,4,1,88,867,755421,0,4.11866936402171e-09
13267,4,1,85,860,571596,0,1.65674503872533e-08
13268,4,1,101,830,812528,0,2.61756311576353e-08
13269,4,1,84,858,633535,0,2.50456634250188e-09
13270,4,1,87,851,559536,0,3.72619719308456e-08
13271,4,1,82,875,569294,0,3.05312836984034e-08
13272,4,1,91,880,449004,0,8.12353399334857e-09
13273,4,1,113,864,412156,0,1.09346583130726e-08
13274,4,1,78,935,405099,0,6.44942476739557e-08
13275,4,1,88,854,660066,0,1.32731583088662e-08
13276,4,1,94,886,720557,0,1.43663633223751e-07
13277,4,1,121,849,700060,0,6.4325179305456e-09
13278,4,1,112,877,862656,0,1.65247792866639e-08
13279,4,1,90,879,888753,0,2.36533178323068e-08
13280,4,1,105,881,930508,0,2.85598025462365e-08
13281,4,1,106,892,644369,0,5.31528537532527e-08
13282,4,1,107,906,681674,0,1.85009633435764e-07
13283,4,1,100,891,744437,0,1.462321081603e-08
13284,4,1,112,872,646054,0,4.05196209670182e-09
13285,4,1,91,855,652402,0,4.03031697117091e-08
13286,4,1,93,906,881636,0,2.49060775953003e-08
13287,4,1,106,855,778297,0,4.00066473291985e-09
13288,4,1,102,886,725469,0,1.22339803783234e-07
13289,4,1,91,835,653639,0,2.98808381424528e-09
13290,4,1,95,846,540530,0,1.30204636928233e-06
13291,4,1,103,870,444605,0,1.72947257829994e-08
13292,4,1,106,845,486597,0,4.01167715449293e-08
13293,4,1,84,908,624905,0,2.54136450028386e-09
13294,4,1,98,876,468716,0,4.98046051728699e-09
13295,4,1,89,870,421059,0,1.68870722095271e-08
13296,4,1,94,866,495578,0,3.62170615002564e-08
13297,4,1,81,842,484258,0,2.37798565448815e-08
13298,4,1,119,838,535524,0,2.36436857530991e-08
13299,4,1,81,858,455951,0,5.66697364867764e-09
13300,4,1,82,823,458005,0,1.15673763726908e-07
13301,4,1,77,829,504365,0,4.1854793068073e-09
13302,4,1,83,893,511703,0,1.83664579527549e-08
13303,4,1,79,829,593858,0,2.63875300177179e-08
13304,4,1,87,817,565994,0,8.60045866898699e-08
13305,4,1,96,820,488683,0,1.46662936200234e-08
13306,4,1,97,860,434795,0,6.7801653707619e-08
13307,4,1,92,839,481015,0,4.98142899140027e-08
13308,4,1,83,883,437111,0,1.58982666841827e-07
13309,4,1,91,874,541336,0,8.75675808744385e-09
13310,4,1,102,800,475547,0,5.78604815394152e-08
13311,4,1,84,883,508205,0,2.45787362294091e-09
13312,4,1,95,918,556116,0,3.89766315853166e-08
13313,4,1,89,824,503442,0,6.70841101022938e-08
13314,4,1,93,832,487955,0,5.12892275270076e-09
13315,4,1,101,876,549302,0,2.1759596822251e-08
13316,4,1,88,849,540121,0,3.43739915718108e-08
13317,4,1,83,866,571588,0,1.54804423230966e-08
13318,4,1,73,820,432183,0,6.45467781693477e-09
13319,4,1,87,847,445251,0,2.52885149351303e-07
13320,4,1,83,862,397293,0,7.89637505874739e-08
13321,4,1,87,855,351153,0,4.69784317572804e-08
13322,4,1,88,876,540381,0,4.7252101062373e-09
13323,4,1,82,847,791280,0,9.67030176132631e-09
13324,4,1,76,844,539255,0,8.34087547553188e-09
13325,4,1,78,824,463028,0,1.00885334971496e-08
13326,4,1,93,871,434713,0,9.05373881143535e-08
13327,4,1,95,857,329347,0,1.859303259385e-08
13328,4,1,86,859,419024,0,1.15059529593576e-08
13329,4,1,89,891,345397,0,1.78902036680221e-08
13330,4,1,95,854,302807,0,2.45622924061883e-08
13331,4,1,91,888,430725,0,3.23089585396744e-08
13332,4,1,78,821,418883,0,3.86627963024957e-06
13333,4,1,64,857,405999,0,6.41350034298614e-08
13334,4,1,100,849,616403,0,9.51561436271527e-09
13335,4,1,99,831,471087,0,1.53503068690988e-08
13336,4,1,100,840,462266,0,9.74549953776856e-09
13337,4,1,87,882,439923,0,1.43980219105624e-07
13338,4,1,106,872,443500,0,2.93297592340647e-08
13339,4,1,96,846,481862,0,5.56415717240954e-09
13340,4,1,97,880,381778,0,1.80470844236283e-09
13341,4,1,128,908,354971,0,1.3938954880301e-08
13342,4,1,100,869,335789,0,3.69980606048319e-09
13343,4,1,90,850,446964,0,1.9399991451243e-09
13344,4,1,62,865,419783,0,2.83782335178938e-08
13345,4,1,94,887,416459,0,4.65499728105055e-08
13346,4,1,106,874,390344,0,1.88210702576388e-08
13347,4,1,77,919,403923,0,8.93435838201799e-09
13348,4,1,93,856,438782,0,1.82733293923465e-08
13349,4,1,93,892,405448,0,3.68880637309823e-09
13350,4,1,103,924,409663,0,1.71403563097771e-08
13351,4,1,117,889,368726,0,1.65484379049977e-09
13352,4,1,93,851,356150,0,3.36356800881077e-08
13353,4,1,89,902,468637,0,1.16090650556045e-08
13354,4,1,90,904,396621,0,1.69126839945346e-08
13355,4,1,90,842,400183,0,9.13299039961842e-09
13356,4,1,90,799,415337,0,3.64254747192404e-09
13357,4,1,97,867,404707,0,6.41549056596904e-09
13358,4,1,82,870,338310,0,1.80067817816194e-09
13359,4,1,93,867,407828,0,1.29019541285238e-07
13360,4,1,94,886,459292,0,1.6382572511591e-09
13361,4,1,105,886,363143,0,8.08680670876256e-09
13362,4,1,80,877,382123,0,3.70161940111566e-08
13363,4,1,94,861,350663,0,1.72482821506595e-07
13364,4,1,83,854,333667,0,4.42850721290042e-09
13365,4,1,90,859,396580,0,1.14164648244341e-08
13366,4,1,101,888,493378,0,3.18622420270539e-07
13367,4,1,112,901,704906,0,2.48876001391478e-08
13368,4,1,90,876,518775,0,4.86535555219328e-09
13369,4,1,93,873,473407,0,3.64580562958468e-08
13370,4,1,86,852,550127,0,7.85420298558885e-07
13371,4,1,94,876,468103,0,5.49141567041542e-08
13372,4,1,101,852,342344,0,6.29977467677014e-09
13373,4,1,80,870,337129,0,1.52464318646792e-08
13374,4,1,74,891,364069,0,8.50092461075885e-09
13375,4,1,97,886,353392,0,1.92745768264975e-08
13376,4,1,109,840,465752,0,3.46990854260995e-09
13377,4,1,94,869,354157,0,2.80083065369231e-09
13378,4,1,102,852,281360,0,1.18215020355487e-08
13379,4,1,107,860,352682,0,2.3427095180253e-09
13380,4,1,83,837,482179,0,3.5918897609182e-09
13381,4,1,120,834,549614,0,3.17395159661291e-08
13382,4,1,86,878,517537,0,3.29984372329669e-09
13383,4,1,81,813,467464,0,6.36491898287765e-08
13384,4,1,75,887,313846,0,9.49038330974897e-08
13385,4,1,91,814,303524,0,1.38855091055173e-08
13386,4,1,100,858,246233,0,1.19223715240256e-08
13387,4,1,94,865,254415,0,2.65380154996168e-08
13388,4,1,91,881,255160,0,4.53629753425495e-08
13389,4,1,90,873,184668,0,8.08137720776402e-09
13390,4,1,113,843,225491,0,4.09967461718058e-08
13391,4,1,118,859,256636,0,2.56459653121693e-08
13392,4,1,105,893,210386,0,3.76540102983356e-09
13393,4,1,98,864,199914,0,5.50135081717545e-09
13394,4,1,103,852,225266,0,6.56078097542619e-08
13395,4,1,70,857,213103,0,8.54365182058785e-09
13396,4,1,74,853,213956,0,6.59718129523976e-09
13397,4,1,101,856,270290,0,2.95269537497488e-08
13398,4,1,90,868,248032,0,1.33371887490078e-07
13399,4,1,83,870,280214,0,2.92918061723148e-08
13400,4,1,70,842,229533,0,5.29980553079776e-09
13401,4,1,106,871,214149,0,7.05379037455327e-09
13402,4,1,92,835,206835,0,2.56106270745465e-08
13403,4,1,94,885,123917,0,2.7749057377702e-09
13404,4,1,75,857,183543,0,1.13983465954536e-08
13405,4,1,127,840,256679,0,1.60492105250479e-07
13406,4,1,99,848,284732,0,3.16791916932739e-09
13407,4,1,118,886,271776,0,1.42876973901603e-08
13408,4,1,101,883,217234,0,4.42384779188026e-08
13409,4,1,95,828,167468,0,7.18350112844486e-09
13410,4,1,100,906,207738,0,2.04956538465746e-07
13411,4,1,82,891,179427,0,1.9039580215487e-08
13412,4,1,85,860,180638,0,1.13966336323479e-09
13413,4,1,81,881,175838,0,4.58610640339155e-09
13414,4,1,108,863,205653,0,1.34641529341265e-08
13415,4,1,110,861,283331,0,2.42769027761758e-08
13416,4,1,122,917,387531,0,3.27870533769036e-08
13417,4,1,99,880,292874,0,1.70337552064895e-08
13418,4,1,92,887,269094,0,1.90967226289309e-08
13419,4,1,102,880,162476,0,1.10183838126869e-08
13420,4,1,96,876,144399,0,1.71870553478459e-08
13421,4,1,102,878,166727,0,3.25452358753794e-08
13422,4,1,114,848,232613,0,7.42866949865229e-09
13423,4,1,113,861,260784,0,1.47147995565638e-08
13424,4,1,98,920,201392,0,2.35189376130882e-09
13425,4,1,84,866,162976,0,2.34999264335484e-08
13426,4,1,97,862,154237,0,9.82720072258061e-09
13427,4,1,83,861,140464,0,1.3063831797625e-08
13428,4,1,99,883,108644,0,1.18384863517918e-07
13429,4,1,104,912,111085,0,1.50260648554214e-08
13430,4,1,113,885,117041,0,7.59573797777578e-08
13431,4,1,94,916,143421,0,2.9401183392301e-09
13432,4,1,111,910,150367,0,1.10179063592148e-06
13433,4,1,102,916,161166,0,6.78051297640059e-09
13434,4,1,98,877,190738,0,2.13029499264603e-08
13435,4,1,85,844,144999,0,6.63977246694189e-09
13436,4,1,98,873,162489,0,7.91586087417143e-09
13437,4,1,95,879,140455,0,1.33678281720646e-08
13438,4,1,102,870,121032,0,8.55051137963597e-09
13439,4,1,81,890,135661,0,2.85628002479893e-09
13440,4,1,78,848,142473,0,2.96739626027198e-09
13441,4,1,93,874,197310,0,3.39441847386611e-09
13442,4,1,114,891,222309,0,1.82974806897592e-08
13443,4,1,92,897,178612,0,9.03091207391258e-09
13444,4,1,70,861,140425,0,1.49981661024128e-08
13445,4,1,90,882,144282,0,4.72396208729359e-09
13446,4,1,113,874,165268,0,4.87932578643844e-09
13447,4,1,72,870,148465,0,5.13065872538961e-09
13448,4,1,87,901,158473,0,9.80972802186754e-09
13449,4,1,74,856,177956,0,1.22301714871654e-08
13450,4,1,82,862,168359,0,2.41377895555413e-06
13451,4,1,115,871,224297,0,3.97683820204985e-08
13452,4,1,104,879,188589,0,9.30023272965476e-08
13453,4,1,105,862,164125,0,2.99536734479313e-09
13454,4,1,111,834,294071,0,4.16589341403631e-08
13455,4,1,110,914,283591,0,1.67824216108038e-09
13456,4,1,111,851,238252,0,1.40347124377418e-08
13457,4,1,82,899,275280,0,2.21676037180834e-08
13458,4,1,127,884,353573,0,6.55595071809149e-08
13459,4,1,106,844,392107,0,4.7713141537065e-09
13460,4,1,103,863,231786,0,6.54356757354021e-09
13461,4,1,113,876,182117,0,8.97013463440904e-09
13462,4,1,96,867,196107,0,1.23782113400361e-08
13463,4,1,107,862,189664,0,1.83742647274898e-09
13464,4,1,88,886,211084,0,2.35946277339843e-09
13465,4,1,99,883,230136,0,1.89418525738261e-08
13466,4,1,111,885,195617,0,4.62090518595392e-09
13467,4,1,108,859,211795,0,1.57289631538376e-08
13468,4,1,125,853,232970,0,1.92430594424898e-09
13469,4,1,110,847,188292,0,4.66375743384728e-08
13470,4,1,95,854,187877,0,1.07913867282012e-07
13471,4,1,100,847,316336,0,1.91061358153795e-08
13472,4,1,78,817,323301,0,1.44672500741785e-08
13473,4,1,109,854,377999,0,1.48458028656528e-08
13474,4,1,90,838,214291,0,4.20339365206201e-09
13475,4,1,101,850,238829,0,4.49313200436757e-09
13476,4,1,74,853,256022,0,6.25646923188415e-09
13477,4,1,75,867,257544,0,8.55047321436188e-08
13478,4,1,99,859,298778,0,3.96324896967614e-08
13479,4,1,105,842,323202,0,7.70878585827237e-09
13480,4,1,101,865,236781,0,4.84931365074824e-09
13481,4,1,95,836,197137,0,1.47698487646322e-07
13482,4,1,86,834,262623,0,6.07964190022302e-09
13483,4,1,89,850,391424,0,4.53878892863751e-09
13484,4,1,86,833,377295,0,4.69700131325969e-09
13485,4,1,108,869,319908,0,1.62977166612242e-08
13486,4,1,96,834,375038,0,3.01811296629907e-09
13487,4,1,102,847,473933,0,3.81282361304693e-09
13488,4,1,90,824,535141,0,6.24153782870437e-09
13489,4,1,95,903,425499,0,4.15037653321613e-09
13490,4,1,84,826,398415,0,1.99143404259882e-08
13491,4,1,75,813,479747,0,7.92797671731392e-09
13492,4,1,112,825,532797,0,3.30335116642894e-09
13493,4,1,78,835,403326,0,7.73376119063769e-09
13494,4,1,78,872,293786,0,4.21422592873143e-08
13495,4,1,81,837,250307,0,1.23690035463996e-08
13496,4,1,89,837,315891,0,5.28940140121346e-08
13497,4,1,87,821,370244,0,6.12447622046259e-09
13498,4,1,97,833,319683,0,1.34851784537467e-08
13499,4,1,94,821,270897,0,1.20231694876189e-08
13500,4,1,84,859,295274,0,1.32035569282947e-08
13501,4,1,104,822,255608,0,7.4395805800518e-09
13502,4,1,87,861,249074,0,1.16824734357782e-08
13503,4,1,85,820,304542,0,1.6271548002917e-09
13504,4,1,70,827,325340,0,4.76678572339713e-09
13505,4,1,89,827,230145,0,5.72195819238869e-09
13506,4,1,83,825,207897,0,3.69989901028818e-08
13507,4,1,93,840,235215,0,8.01727786548852e-09
13508,4,1,88,839,278991,0,1.56054510930146e-08
13509,4,1,82,844,222633,0,1.7924374450075e-08
13510,4,1,83,824,375375,0,5.04823788913534e-09
13511,4,1,80,846,250001,0,2.2240224460844e-08
13512,4,1,78,838,230498,0,1.51323514632816e-08
13513,4,1,61,817,213562,0,8.25761370665317e-09
13514,4,1,94,817,258525,0,3.25110145529681e-09
13515,4,1,78,852,233459,0,4.11977549455039e-09
13516,4,1,78,801,194298,0,6.77634439454832e-09
13517,4,1,79,808,246639,0,1.40415302982434e-08
13518,4,1,90,816,281750,0,1.15221127583864e-08
13519,4,1,83,790,287187,0,6.47114643016856e-09
13520,4,1,77,812,258191,0,2.20352502188072e-09
13521,4,1,70,809,182503,0,3.3357345349884e-09
13522,4,1,92,868,201953,0,7.9468925524685e-07
13523,4,1,88,833,248594,0,1.25174977211895e-08
13524,4,1,93,829,235579,0,1.52766196705708e-08
13525,4,1,93,859,261507,0,7.49856979560862e-08
13526,4,1,91,845,232425,0,1.55612766186895e-09
13527,4,1,92,903,251005,0,3.59910351513022e-09
13528,4,1,105,861,220150,0,3.51891367229459e-09
13529,4,1,93,839,203326,0,1.3386473889906e-08
13530,4,1,99,828,206633,0,9.91384727845127e-08
13531,4,1,107,876,173830,0,3.12723162523748e-07
13532,4,1,99,819,153446,0,1.7896469061105e-08
13533,4,1,80,915,170564,0,6.11581185797572e-08
13534,4,1,93,891,145110,0,6.99238309446013e-06
13535,4,1,82,871,201603,0,1.37682944006496e-07
13536,4,1,79,905,193166,0,1.23410892854825e-08
13537,4,1,79,863,163606,0,3.45774907746437e-09
13538,4,1,120,883,129306,0,5.92844734511715e-09
13539,4,1,78,867,128066,0,3.32830371357869e-09
13540,4,1,84,897,112592,0,2.99393580190118e-08
13541,4,1,79,897,125886,0,9.38325851965602e-09
13542,4,1,71,864,116136,0,1.39602560980602e-08
13543,4,1,71,881,106304,0,5.63076707677409e-08
13544,4,1,94,840,119860,0,3.06387899986687e-05
13545,4,1,97,854,139041,0,4.47574952246553e-08
13546,4,1,85,885,113714,0,1.58472238690939e-08
13547,4,1,88,866,112556,0,1.16148429865441e-08
13548,4,1,86,812,178079,0,2.92165107635304e-08
13549,4,1,93,798,136587,0,1.81808109651071e-07
13550,4,1,71,853,110646,0,7.55925525467395e-09
13551,4,1,104,858,159699,0,8.10621617235184e-08
13552,4,1,91,866,162481,0,1.16010243512908e-07
13553,4,1,91,881,124608,0,2.00701729881757e-08
13554,4,1,88,860,121272,0,4.19181604136161e-08
13555,4,1,103,864,112594,0,6.83902235439262e-09
13556,4,1,90,867,117569,0,4.60045254273075e-08
13557,4,1,75,835,118465,0,4.83419818871484e-08
13558,4,1,100,889,134369,0,3.20479339508951e-08
13559,4,1,93,880,114223,0,6.29505014436983e-08
13560,4,1,76,865,147933,0,1.00079698564786e-08
13561,4,1,95,798,175153,0,7.41799757496278e-08
13562,4,1,103,867,195082,0,2.00558268938564e-08
13563,4,1,91,895,136910,0,4.82643761116546e-08
13564,4,1,95,849,149173,0,1.53451048095248e-08
13565,4,1,96,895,135504,0,3.73950045315287e-09
13566,4,1,92,879,144869,0,3.62756323843895e-09
13567,4,1,98,876,171228,0,3.86812298761094e-08
13568,4,1,81,898,189535,0,2.16251492100379e-09
13569,4,1,85,803,260703,0,3.36589389190447e-08
13570,4,1,94,821,243959,0,1.48311719712896e-08
13571,4,1,88,862,234657,0,3.59375042526909e-09
13572,4,1,83,901,160280,0,3.68813541658667e-09
13573,4,1,81,867,174205,0,3.86096770617206e-07
13574,4,1,93,876,188091,0,3.31654002726334e-09
13575,4,1,54,853,202632,0,2.27001233322905e-08
13576,4,1,90,811,237181,0,2.70514474699569e-08
13577,4,1,78,826,208619,0,8.1006277845222e-09
13578,4,1,73,833,206336,0,5.15801472078642e-09
13579,4,1,78,824,211073,0,7.32066671984284e-09
13580,4,1,71,840,271819,0,3.1862487271633e-08
13581,4,1,78,837,229141,0,2.27957137320477e-08
13582,4,1,96,874,336803,0,1.88516869060338e-07
13583,4,1,79,861,486846,0,2.45083687424209e-09
13584,4,1,76,865,309362,0,3.12254618996672e-07
13585,4,1,88,846,296431,0,2.60922042860552e-06
13586,4,1,80,845,298544,0,8.70246322828217e-09
13587,4,1,71,820,270506,0,1.5109776930438e-07
13588,4,1,90,863,258679,0,8.20555598732682e-08
13589,4,1,109,899,255325,0,1.04923089191555e-08
13590,4,1,83,863,363550,0,5.28836963648254e-09
13591,4,1,97,877,254507,0,2.82367405007709e-08
13592,4,1,104,854,287272,0,3.57534209003036e-09
13593,4,1,97,892,245252,0,1.0504073153083e-08
13594,4,1,112,866,311763,0,1.05510240969768e-08
13595,4,1,86,891,181590,0,2.38563884308022e-08
13596,4,1,87,931,176546,0,7.4922782188248e-09
13597,4,1,90,858,159659,0,1.71258493403499e-08
13598,4,1,102,934,219778,0,1.1737887529977e-08
13599,4,1,85,890,193642,0,2.93420863844171e-08
13600,4,1,78,875,239269,0,5.68736869120283e-08
13601,4,1,85,830,394852,0,6.04738175732401e-08
13602,4,1,92,877,253936,0,1.63448480179828e-08
13603,4,1,89,850,263226,0,6.00263994959059e-09
13604,4,1,83,885,253682,0,2.82306214533507e-06
13605,4,1,70,858,265130,0,1.81617938427404e-08
13606,4,1,107,863,267707,0,4.306417915865e-09
13607,4,1,104,861,327215,0,3.0380354706412e-05
13608,4,1,79,856,382281,0,2.02937752918094e-09
13609,4,1,78,865,509356,0,5.32733391647541e-09
13610,4,1,86,859,303618,0,2.08328081284575e-08
13611,4,1,98,868,403173,0,4.94575480550652e-09
13612,4,1,79,865,344115,0,8.75485238801748e-08
13613,4,1,79,857,455253,0,9.17231073762602e-09
13614,4,1,101,852,393906,0,1.06371342438757e-08
13615,4,1,111,852,462061,0,1.88693953299897e-09
13616,4,1,101,852,484390,0,2.62139432101222e-08
13617,4,1,122,904,366588,0,1.63973846713677e-08
13618,4,1,106,895,253608,0,1.77431955427522e-08
13619,4,1,94,825,254259,0,3.70197796286456e-09
13620,4,1,93,834,394345,0,1.34758226122932e-08
13621,4,1,92,823,453922,0,8.99777141261729e-09
13622,4,1,83,825,334369,0,3.51341830985398e-08
13623,4,1,115,825,382322,0,1.16355450048465e-08
13624,4,1,113,830,340179,0,2.37514207145454e-07
13625,4,1,94,893,262353,0,1.17309386632505e-08
13626,4,1,71,915,244520,0,3.86237398670525e-08
13627,4,1,85,907,366850,0,2.67637548342643e-07
13628,4,1,86,882,303796,0,3.32618277891855e-09
13629,4,1,88,874,241445,0,6.22457331723363e-09
13630,4,1,112,877,409605,0,1.0799253341284e-06
13631,4,1,92,874,383615,0,2.88676746993305e-09
13632,4,1,122,845,365282,0,8.57442814045793e-09
13633,4,1,85,847,291697,0,8.26473097572176e-09
13634,4,1,80,911,327159,0,1.08808619069123e-08
13635,4,1,105,882,305337,0,1.32101770654473e-08
13636,4,1,62,872,275974,0,8.78923749589304e-07
13637,4,1,95,832,287350,0,1.99979633207666e-07
13638,4,1,83,846,321541,0,7.33603790038773e-07
13639,4,1,94,867,305191,0,6.39973939211086e-08
13640,4,1,100,825,414493,0,2.09085215353865e-09
13641,4,1,83,889,415537,0,4.03240820715488e-09
13642,4,1,98,872,359259,0,1.16646633023349e-08
13643,4,1,96,883,444648,0,1.21466231997148e-08
13644,4,1,98,843,277152,0,5.84261703604959e-09
13645,4,1,79,879,201081,0,3.07669246289767e-08
13646,4,1,86,825,255077,0,5.30602941105344e-08
13647,4,1,83,857,228236,0,4.82540530755794e-08
13648,4,1,97,850,309903,0,1.65117145649271e-08
13649,4,1,77,834,269213,0,1.19882326588256e-07
13650,4,1,102,879,273971,0,5.247704130687e-08
13651,4,1,97,846,334101,0,9.23971764849584e-09
13652,4,1,105,886,252602,0,5.62376673297959e-08
13653,4,1,102,845,392949,0,2.06203766112512e-07
13654,4,1,89,832,279971,0,7.93185469376476e-09
13655,4,1,101,834,242644,0,6.39524709455467e-08
13656,4,1,91,845,431964,0,1.3989985381637e-08
13657,4,1,81,817,324011,0,1.92946560148113e-08
13658,4,1,74,883,655790,0,1.68246398615424e-07
13659,4,1,90,840,317719,0,6.95728385043917e-09
13660,4,1,94,860,276718,0,1.85656767245564e-08
13661,4,1,80,823,206071,0,1.80425543839988e-08
13662,4,1,88,854,173289,0,1.26936180624881e-07
13663,4,1,90,812,291084,0,2.10715378798524e-08
13664,4,1,93,848,236119,0,6.44985407766729e-09
13665,4,1,78,865,294227,0,6.48366824229598e-09
13666,4,1,82,817,361770,0,1.25895763354319e-08
13667,4,1,91,837,320647,0,3.42450380535035e-08
13668,4,1,91,849,413530,0,5.7789206988165e-09
13669,4,1,94,848,435584,0,7.6011733490901e-09
13670,4,1,88,888,271732,0,1.03862456210359e-07
13671,4,1,85,876,331472,0,3.70671691826784e-09
13672,4,1,93,851,248323,0,9.01465544181623e-09
13673,4,1,98,856,198591,0,4.35589948034827e-08
13674,4,1,119,875,427610,0,4.36350628764104e-09
13675,4,1,106,858,344120,0,1.53743613302704e-08
13676,4,1,85,839,348025,0,2.41895137442578e-09
13677,4,1,94,836,292852,0,1.47789531937214e-08
13678,4,1,86,847,271063,0,3.36179390349545e-08
13679,4,1,98,899,203983,0,2.72133538203933e-07
13680,4,1,82,900,150585,0,5.20702710864417e-08
13681,4,1,91,840,203204,0,2.94952925164856e-08
13682,4,1,107,886,229071,0,1.57568049024197e-08
13683,4,1,93,855,164046,0,4.62306312021777e-08
13684,4,1,82,914,169267,0,3.17271658300569e-09
13685,4,1,87,843,195000,0,1.9313296848965e-08
13686,4,1,99,850,221669,0,3.50790597428083e-08
13687,4,1,77,854,324519,0,4.34436925099556e-08
13688,4,1,87,837,281102,0,3.21549625010378e-09
13689,4,1,92,848,194378,0,5.70987796989102e-09
13690,4,1,87,854,138590,0,2.69371996253082e-09
13691,4,1,77,820,139184,0,2.03093229149428e-07
13692,4,1,102,878,159292,0,1.46240388353012e-07
13693,4,1,117,827,153345,0,1.87300098077261e-09
13694,4,1,83,865,144965,0,3.81260584360153e-08
13695,4,1,99,852,165379,0,8.63604820980312e-09
13696,4,1,110,841,135934,0,5.35178735804297e-09
13697,4,1,79,853,132024,0,4.18032169568752e-08
13698,4,1,109,888,151036,0,4.00746213410895e-09
13699,4,1,121,878,133299,0,4.72785790085178e-08
13700,4,1,97,865,151563,0,6.72646342161687e-09
13701,4,1,104,902,155444,0,6.99611501447816e-09
13702,4,1,88,844,149405,0,4.31063745964631e-08
13703,4,1,88,841,169423,0,2.26082506441716e-08
13704,4,1,78,842,133116,0,4.93769153667921e-09
13705,4,1,89,858,146219,0,1.04356845633954e-08
13706,4,1,91,859,190264,0,2.42160208558896e-07
13707,4,1,129,886,148743,0,3.95428290783712e-09
13708,4,1,117,864,158233,0,3.78252622798257e-08
13709,4,1,90,812,134329,0,6.43195128239813e-09
13710,4,1,106,866,132735,0,2.11612284948795e-08
13711,4,1,120,860,151275,0,1.65050296897587e-08
13712,4,1,111,876,116344,0,1.00974463459315e-08
13713,4,1,106,856,144095,0,8.58323369730506e-08
13714,4,1,89,882,131592,0,7.62005698107157e-09
13715,4,1,86,869,110638,0,2.59328532992516e-09
13716,4,1,88,852,115594,0,2.30969458847359e-08
13717,4,1,89,867,140853,0,5.03212959072264e-09
13718,4,1,92,882,163345,0,3.28333173400455e-09
13719,4,1,85,839,254240,0,2.50745660670703e-08
13720,4,1,99,886,206604,0,1.12972053960316e-08
13721,4,1,71,877,267248,0,1.47950158670626e-07
13722,4,1,101,819,230926,0,9.96742117075861e-07
13723,4,1,82,804,284647,0,7.64341705518685e-08
13724,4,1,89,883,172467,0,1.95929259446475e-07
13725,4,1,87,847,174439,0,2.64208206803877e-08
13726,4,1,94,845,223602,0,2.52534608499114e-09
13727,4,1,83,868,248153,0,1.01550174838094e-08
13728,4,1,111,860,238814,0,1.53933052140677e-08
13729,4,1,96,840,400803,0,6.05872401852194e-09
13730,4,1,121,920,311662,0,1.64938709979496e-08
13731,4,1,92,853,279189,0,1.59176241261828e-08
13732,4,1,97,912,211352,0,4.68861138270791e-08
13733,4,1,77,846,185114,0,1.17021546584556e-08
13734,4,1,79,904,201752,0,2.64176268684582e-09
13735,4,1,98,850,210928,0,4.43749836975036e-08
13736,4,1,83,862,202265,0,8.29061944655069e-09
13737,4,1,83,877,225255,0,2.6135517952159e-08
13738,4,1,89,891,157862,0,1.93592711509052e-08
13739,4,1,108,883,193770,0,1.89597591269258e-09
13740,4,1,83,918,167170,0,8.79166390643368e-09
13741,4,1,101,908,167951,0,5.37535997583372e-08
13742,4,1,98,929,148328,0,6.77994435162838e-09
13743,4,1,130,921,197264,0,1.5841246931294e-08
13744,4,1,111,868,212511,0,7.27339252589319e-09
13745,4,1,116,910,168421,0,1.65240011827247e-08
13746,4,1,113,914,237361,0,2.98438446515192e-06
13747,4,1,76,874,165881,0,1.30686194378279e-06
13748,4,1,112,886,151034,0,1.44332824979117e-08
13749,4,1,115,906,121319,0,5.58613804878011e-09
13750,4,1,94,895,184387,0,3.62114605681423e-09
13751,4,1,95,888,210852,0,8.41832858907214e-09
13752,4,1,115,892,257943,0,2.53782965080433e-08
13753,4,1,130,879,249095,0,2.60416692102499e-07
13754,4,1,112,876,214579,0,1.242852250359e-07
13755,4,1,94,889,117809,0,5.72589361515116e-08
13756,4,1,96,903,135344,0,1.75972092463859e-08
13757,4,1,127,869,178987,0,1.67001709813879e-08
13758,4,1,106,897,166459,0,1.18465020212295e-08
13759,4,1,96,881,156203,0,7.14639599530938e-09
13760,4,1,99,911,146239,0,2.27171962344374e-07
13761,4,1,81,879,135194,0,2.36303683046746e-08
13762,4,1,82,917,158066,0,9.24072933344888e-08
13763,4,1,82,903,247650,0,1.64433346186518e-07
13764,4,1,112,944,330568,0,2.65099005911884e-08
13765,4,1,90,918,257852,0,1.30396994814704e-08
13766,4,1,102,875,204272,0,6.22582910429237e-09
13767,4,1,81,883,168508,0,1.87972298584903e-07
13768,4,1,109,854,278655,0,1.07420599011999e-07
13769,4,1,106,905,232688,0,2.92869726035885e-08
13770,4,1,86,877,226635,0,1.57762315731391e-09
13771,4,1,78,868,295135,0,4.43161496016915e-08
13772,4,1,98,850,321805,0,6.49100130763703e-09
13773,4,1,87,888,356282,0,5.91268924694587e-09
13774,4,1,90,853,341513,0,2.49378170508224e-08
13775,4,1,100,867,386658,0,2.64789465814368e-08
13776,4,1,95,903,388356,0,1.19383920008834e-08
13777,4,1,101,916,410095,0,7.91804403777072e-09
13778,4,1,96,879,358728,0,1.12129090556009e-08
13779,4,1,128,889,296129,0,8.15891881258816e-08
13780,4,1,99,876,283372,0,1.3946758478109e-08
13781,4,1,72,841,221918,0,4.49363521197509e-09
13782,4,1,86,860,193012,0,6.1660091284876e-08
13783,4,1,123,849,202908,0,1.83449213802817e-08
13784,4,1,79,867,159192,0,4.19161186809009e-08
13785,4,1,104,858,147289,0,5.96723050190827e-08
13786,4,1,101,882,116747,0,3.29576078979015e-07
13787,4,1,77,876,138050,0,1.15785737276667e-07
13788,4,1,96,903,153152,0,3.98845285052317e-09
13789,4,1,101,864,143638,0,1.54841939458234e-08
13790,4,1,92,896,138360,0,3.9414972388562e-08
13791,4,1,94,907,133775,0,3.82742139033255e-09
13792,4,1,105,905,106820,0,7.1683797881401e-08
13793,4,1,81,895,102335,0,2.47095647773133e-08
13794,4,1,94,855,115658,0,4.60475296717595e-08
13795,4,1,81,906,98285,0,4.71144778872763e-07
13796,4,1,108,898,99970,0,5.58570759408864e-09
13797,4,1,89,912,89084,0,4.67779672983272e-09
13798,4,1,97,847,90900,0,5.42612991712016e-09
13799,4,1,105,860,78023,0,1.70576422758378e-09
13800,4,1,91,901,97314,0,3.60724276826291e-08
13801,4,1,95,841,82849,0,1.85256599237066e-08
13802,4,1,96,897,85951,0,1.99119823312383e-07
13803,4,1,96,852,99147,0,0.000180348158300802
13804,4,1,127,862,105798,0,3.51620634817545e-08
13805,4,1,68,828,132604,0,6.93743416288863e-09
13806,4,1,117,891,116815,0,8.38877905711141e-09
13807,4,1,88,849,118635,0,8.50865940569775e-08
13808,4,1,107,899,125396,0,5.87508728661783e-08
13809,4,1,109,849,121237,0,8.02161327920011e-09
13810,4,1,102,900,98479,0,7.18550272160311e-10
13811,4,1,96,860,138141,0,3.43669854082202e-09
13812,4,1,93,929,145642,0,1.98594322061736e-08
13813,4,1,122,863,156929,0,5.47501593597863e-08
13814,4,1,85,908,152403,0,6.27051132124499e-09
13815,4,1,91,895,167822,0,6.58707478217517e-09
13816,4,1,85,875,159710,0,2.63392764527795e-08
13817,4,1,92,925,116685,0,6.86676759621206e-09
13818,4,1,92,883,118855,0,5.78603602397223e-09
13819,4,1,98,900,179340,0,1.56065633857937e-06
13820,4,1,103,892,252099,0,1.72285835377863e-08
13821,4,1,86,907,192294,0,4.51393292007461e-09
13822,4,1,85,906,147491,0,6.34304762870231e-09
13823,4,1,85,911,163155,0,2.83985071062022e-08
13824,4,1,88,848,177372,0,5.8573542221055e-08
13825,4,1,81,843,157055,0,5.46746292064296e-09
13826,4,1,105,932,139901,0,2.39070170053397e-09
13827,4,1,85,874,212147,0,7.61400967734373e-09
13828,4,1,82,868,189285,0,7.21547383639703e-09
13829,4,1,66,855,228552,0,1.19095135094049e-08
13830,4,1,85,906,191050,0,5.3569278535339e-09
13831,4,1,84,929,148311,0,9.55756693895761e-09
13832,4,1,110,920,202462,0,7.28168732105773e-09
13833,4,1,91,931,233169,0,2.63453003520256e-09
13834,4,1,86,896,227777,0,1.41468591401648e-07
13835,4,1,117,889,135238,0,2.71018009454011e-08
13836,4,1,109,881,152980,0,7.76495896137308e-08
13837,4,1,121,859,180298,0,5.01392549048952e-09
13838,4,1,98,848,145596,0,7.46731057647691e-07
13839,4,1,102,865,133234,0,6.5970582075131e-09
13840,4,1,93,845,173078,0,2.11256135655169e-08
13841,4,1,91,845,180742,0,3.76762608257903e-09
13842,4,1,66,841,156429,0,2.57064832679269e-08
13843,4,1,91,848,175792,0,5.36518630764863e-08
13844,4,1,89,886,167288,0,9.24765965837718e-09
13845,4,1,83,832,162506,0,1.33728172610832e-08
13846,4,1,81,830,197235,0,6.81073153732291e-09
13847,4,1,94,836,181252,0,5.19322654430548e-08
13848,4,1,96,859,161903,0,1.27018252983911e-07
13849,4,1,88,910,204984,0,5.67727658820068e-09
13850,4,1,81,859,179906,0,1.45258448624504e-09
13851,4,1,78,833,218938,0,4.6086643402397e-09
13852,4,1,70,859,188518,0,5.94450616288965e-08
13853,4,1,92,847,125742,0,3.38807086553287e-09
13854,4,1,118,904,139865,0,6.15842895190379e-09
13855,4,1,115,865,155737,0,4.99690453405627e-09
13856,4,1,104,903,133514,0,3.0461585498958e-08
13857,4,1,109,880,142320,0,5.12864539432302e-08
13858,4,1,110,859,159727,0,5.09940974069075e-09
13859,4,1,102,876,182015,0,5.46538366500679e-09
13860,4,1,106,887,126160,0,8.48897895193649e-08
13861,4,1,91,904,108548,0,1.53742498406913e-08
13862,4,1,125,833,211834,0,1.07070790202147e-08
13863,4,1,114,870,162032,0,1.17805062576373e-08
13864,4,1,114,857,164065,0,9.64869784729778e-08
13865,4,1,99,858,149548,0,5.93176115300154e-09
13866,4,1,115,835,208374,0,3.60069507398119e-08
13867,4,1,80,860,171886,0,8.64688362037531e-09
13868,4,1,81,892,164946,0,1.10446559140113e-08
13869,4,1,83,904,157628,0,1.51008773051859e-08
13870,4,1,101,834,228632,0,5.82555551536656e-08
13871,4,1,80,886,162175,0,3.91001992054369e-08
13872,4,1,78,885,165644,0,9.36658927069051e-09
13873,4,1,91,904,188145,0,8.66240071830563e-09
13874,4,1,103,905,174260,0,3.56017916601985e-09
13875,4,1,91,891,160897,0,6.74620337125146e-09
13876,4,1,94,874,133919,0,1.14482736639499e-08
13877,4,1,90,869,129404,0,3.20725761018004e-09
13878,4,1,84,934,117638,0,2.51301010174355e-09
13879,4,1,100,855,114705,0,4.76152741961252e-08
13880,4,1,96,873,132159,0,3.86543604947543e-08
13881,4,1,104,875,127025,0,4.29377310758297e-08
13882,4,1,95,873,151028,0,6.07701810174575e-09
13883,4,1,125,891,124851,0,4.09150504269967e-09
13884,4,1,79,862,136843,0,1.72417476536882e-07
13885,4,1,87,890,103690,0,5.30432081413595e-08
13886,4,1,110,885,106775,0,2.43675484018754e-09
13887,4,1,113,902,114623,0,3.14748612650197e-08
13888,4,1,97,855,121168,0,8.31204519782621e-09
13889,4,1,101,898,134559,0,2.75644479279592e-08
13890,4,1,93,870,122270,0,5.16641131212787e-09
13891,4,1,98,892,94620,0,5.48174663566895e-08
13892,4,1,127,880,110254,0,1.06270084314719e-08
13893,4,1,95,882,139414,0,2.2820245950044e-09
13894,4,1,85,865,119772,0,1.07100017024322e-08
13895,4,1,89,855,97603,0,3.26290494600877e-08
13896,4,1,94,847,132811,0,4.24310529288541e-08
13897,4,1,94,889,138880,0,7.51783338899019e-09
13898,5,1,97,862,139443,1,1.60823997049806e-05
13899,4,1,224,1092,123485,0,2.29584716958532e-07
13900,4,1,86,849,144475,0,3.61799069504889e-08
13901,4,1,105,857,116320,0,4.15685398630213e-09
13902,4,1,95,916,107190,0,7.01957184262879e-09
13903,4,1,122,882,85799,0,1.04779419982149e-08
13904,4,1,116,889,101410,0,4.41713335094963e-07
13905,4,1,95,897,101039,0,1.92878592314979e-08
13906,4,1,107,894,100579,0,9.58229504444871e-09
13907,4,1,101,875,114368,0,2.7254565922698e-09
13908,4,1,104,884,109307,0,5.90566139811818e-08
13909,4,1,95,854,124112,0,1.69220093269345e-08
13910,4,1,103,869,93767,0,3.44992255616712e-09
13911,4,1,88,854,113168,0,6.39206437666199e-09
13912,4,1,102,874,107371,0,3.51713136660485e-08
13913,4,1,95,870,104750,0,1.59149369556007e-09
13914,4,1,102,895,102429,0,1.89895051844155e-08
13915,4,1,108,848,120919,0,1.17724831041453e-08
13916,4,1,112,901,123584,0,4.86759452140773e-09
13917,4,1,112,883,107117,0,1.03721972353128e-08
13918,4,1,84,894,95159,0,1.55946925061879e-08
13919,4,1,98,898,107878,0,1.37928274604442e-08
13920,4,1,93,844,99212,0,1.37831787830817e-08
13921,4,1,86,874,116916,0,9.10147455523802e-08
13922,4,1,84,887,108336,0,3.14237387964287e-09
13923,4,1,104,885,121997,0,1.7914707693229e-08
13924,4,1,113,832,139356,0,1.30996012107857e-08
13925,4,1,101,857,122354,0,1.80620053635239e-07
13926,4,1,88,901,149617,0,1.0469618741042e-07
13927,4,1,120,858,174468,0,2.38801529187846e-08
13928,4,1,121,827,129824,0,1.64114864128954e-06
13929,4,1,109,843,132560,0,3.3696878687158e-08
13930,4,1,126,856,177981,0,9.39009049049235e-09
13931,4,1,97,906,153972,0,5.49192630910593e-07
13932,4,1,99,894,173047,0,3.07112902928825e-08
13933,4,1,106,880,225614,0,2.46452890727622e-08
13934,4,1,99,881,157130,0,5.73849773248083e-08
13935,4,1,113,880,113549,0,1.54058027836457e-08
13936,4,1,99,858,133121,0,8.47419220276447e-09
13937,4,1,88,862,149927,0,6.02502859306389e-09
13938,4,1,88,850,153347,0,7.22681705370479e-08
13939,4,1,100,864,145641,0,3.28100469281675e-08
13940,4,1,105,911,141242,0,1.0052998218063e-08
13941,4,1,104,869,139222,0,7.95001351277158e-08
13942,4,1,98,865,150844,0,1.57989557885452e-08
13943,4,1,103,867,89795,0,1.70723410250369e-07
13944,4,1,120,891,132032,0,3.79340285890408e-08
13945,4,1,102,861,155123,0,2.74353771620429e-08
13946,4,1,95,862,138442,0,3.10919367980106e-09
13947,4,1,100,890,110894,0,4.90108033675489e-08
13948,4,1,105,859,128577,0,3.98652417223927e-09
13949,4,1,104,827,107721,0,1.64003370550453e-08
13950,4,1,108,842,126311,0,4.96975726860085e-09
13951,4,1,109,846,157806,0,4.05466156698114e-08
13952,4,1,102,841,156281,0,1.80076943524102e-08
13953,4,1,83,876,99103,0,1.37039048841678e-08
13954,4,1,113,827,110140,0,2.34680029338401e-09
13955,4,1,85,852,112940,0,7.07845598551643e-08
13956,4,1,116,894,118429,0,3.61396314532774e-09
13957,4,1,103,864,120107,0,2.89454272182658e-07
13958,4,1,82,860,123606,0,8.99995171898452e-09
13959,4,1,98,854,98717,0,5.68153791744729e-09
13960,4,1,95,821,156133,0,7.3980121679308e-08
13961,4,1,96,863,95126,0,9.76780541845242e-09
13962,4,1,129,876,110320,0,7.19787745538487e-08
13963,4,1,112,873,126422,0,2.25599406967186e-08
13964,4,1,94,866,94763,0,5.84027136948772e-09
13965,4,1,87,870,78500,0,1.5631206186125e-08
13966,4,1,87,862,99788,0,8.20219927643556e-09
13967,4,1,80,856,110234,0,5.51293292162838e-09
13968,4,1,82,862,150477,0,1.30382082020659e-08
13969,4,1,112,871,168596,0,6.57165317567203e-09
13970,4,1,121,929,116185,0,2.58281470890356e-08
13971,4,1,92,825,117087,0,3.52653853968236e-09
13972,4,1,105,867,109603,0,2.23715885272593e-08
13973,4,1,114,881,128975,0,4.83103397753661e-09
13974,4,1,115,898,167796,0,6.5432576068118e-09
13975,4,1,95,851,110827,0,1.323610185785e-08
13976,4,1,91,918,109467,0,2.88555035676345e-09
13977,4,1,85,884,113680,0,4.23799276670395e-07
13978,4,1,85,888,119200,0,1.09296635675218e-07
13979,4,1,103,880,132887,0,5.73431774584823e-09
13980,4,1,118,839,173430,0,1.24749104790158e-08
13981,4,1,96,906,189377,0,6.62258474398251e-09
13982,4,1,95,853,182651,0,2.64937541646211e-08
13983,4,1,101,868,161389,0,1.80137498789375e-08
13984,4,1,98,837,173416,0,4.099414641374e-08
13985,4,1,119,860,160399,0,1.14341348310765e-08
13986,4,1,74,853,114216,0,1.34645877129102e-08
13987,4,1,89,879,109546,0,9.96053284463695e-09
13988,4,1,97,841,82522,0,5.58650250678472e-09
13989,4,1,117,875,94484,0,5.71062238167497e-08
13990,4,1,102,884,88856,0,1.8706447056295e-08
13991,4,1,87,895,89982,0,1.42102955872386e-08
13992,4,1,90,916,96374,0,3.97876373258172e-08
13993,4,1,117,909,80240,0,1.29929058653952e-07
13994,4,1,99,905,98781,0,6.43505897296588e-09
13995,4,1,100,846,122885,0,2.05283728599014e-09
13996,4,1,104,879,99416,0,1.86359849773497e-08
13997,4,1,84,868,97662,0,7.24817527587564e-09
13998,4,1,108,910,152092,0,9.46392787843994e-08
13999,4,1,103,905,156479,0,1.00234546891475e-07
14000,4,1,107,932,120860,0,3.24246385138755e-09
14001,4,1,119,859,111035,0,2.01936672965793e-09
14002,4,1,83,900,113519,0,1.65259551488836e-08
14003,4,1,117,875,114167,0,2.52489787178189e-08
14004,4,1,110,870,120474,0,5.61282729781827e-09
14005,4,1,104,880,111111,0,1.32917643947257e-08
14006,4,1,105,922,116027,0,1.86889264604672e-08
14007,4,1,106,870,110249,0,8.53623804138196e-09
14008,4,1,87,858,132429,0,8.85774435128234e-09
14009,4,1,95,895,149545,0,2.30733926519746e-08
14010,4,1,84,886,125033,0,1.31561632510127e-08
14011,4,1,95,895,185518,0,1.23402319023848e-08
14012,4,1,88,853,172317,0,2.03033835232977e-08
14013,4,1,115,851,188830,0,3.3730849351007e-09
14014,4,1,83,882,181065,0,5.35303174579733e-09
14015,4,1,88,851,176748,0,1.71175588330746e-08
14016,4,1,81,882,198977,0,1.34077574450588e-08
14017,4,1,96,877,148014,0,2.29165633253893e-09
14018,4,1,89,856,154623,0,5.18839382571055e-08
14019,4,1,103,876,201171,0,5.8735744208479e-09
14020,4,1,98,879,221755,0,4.24533006975775e-09
14021,4,1,123,840,264418,0,3.96021974781511e-09
14022,4,1,112,881,237642,0,1.91307928832052e-09
14023,4,1,105,823,259498,0,4.6305943947041e-08
14024,4,1,79,841,217913,0,1.03685212453934e-08
14025,4,1,92,819,233905,0,3.35423660986562e-09
14026,4,1,91,848,273807,0,1.41404399127788e-07
14027,4,1,95,879,196681,0,2.115826937437e-08
14028,4,1,84,872,230245,0,4.84421789112565e-08
14029,4,1,87,839,179939,0,7.50465248855191e-09
14030,4,1,85,804,207228,0,7.90663379456585e-09
14031,4,1,117,827,285995,0,4.3570166616194e-08
14032,4,1,98,865,307116,0,4.12559648490958e-08
14033,4,1,108,803,226248,0,2.86864085181494e-09
14034,4,1,124,862,223874,0,1.14040660644654e-08
14035,4,1,123,853,204842,0,3.53102586605226e-08
14036,4,1,99,845,173365,0,1.0663497509476e-08
14037,4,1,106,893,180491,0,7.00159051895788e-09
14038,4,1,125,851,182095,0,5.51125911719032e-09
14039,4,1,110,864,215008,0,9.31328233130058e-09
14040,4,1,102,907,155635,0,1.0524044696151e-08
14041,4,1,92,836,154120,0,1.30568280003182e-08
14042,4,1,85,865,121155,0,7.20411850184458e-09
14043,4,1,95,916,128889,0,1.47878856318972e-07
14044,4,1,121,861,168543,0,2.02970976050982e-07
14045,4,1,88,839,170225,0,2.80367795747056e-08
14046,4,1,83,860,166479,0,4.52641851312587e-09
14047,4,1,121,839,172967,0,8.28386378987759e-09
14048,4,1,96,847,160014,0,3.13765780985786e-09
14049,4,1,100,861,167922,0,5.38108376416985e-08
14050,4,1,97,842,223811,0,4.11984325974587e-07
14051,4,1,102,851,138703,0,4.43288256314046e-08
14052,4,1,92,838,137537,0,7.1169044311691e-09
14053,4,1,116,854,153548,0,1.63423829950002e-08
14054,4,1,106,877,161317,0,1.78855806605408e-09
14055,4,1,126,888,211738,0,3.08682724417593e-08
14056,4,1,138,880,138391,0,7.84094204713625e-09
14057,4,1,97,935,139754,0,1.01746059324948e-08
14058,4,1,89,880,156510,0,1.16564289488685e-08
14059,4,1,87,839,151787,0,2.45501848265067e-08
14060,4,1,91,878,165830,0,3.52699304759641e-09
14061,4,1,99,831,171791,0,1.07279414297934e-08
14062,4,1,98,840,184366,0,9.48696220409341e-09
14063,4,1,145,857,191253,0,1.63365827001977e-08
14064,4,1,111,883,232539,0,1.61480425458232e-08
14065,4,1,104,850,143884,0,9.17323244190095e-07
14066,4,1,122,823,138395,0,5.15151742321989e-09
14067,4,1,84,832,148599,0,8.22071868518968e-09
14068,4,1,126,839,147991,0,1.25946740137584e-09
14069,4,1,93,847,131000,0,3.30706875692632e-09
14070,4,1,107,862,129769,0,9.38904365872279e-08
14071,4,1,87,850,138116,0,2.05268811364916e-08
14072,4,1,103,826,150783,0,2.49337900353117e-09
14073,4,1,103,879,146871,0,1.65524337281414e-08
14074,4,1,117,894,165191,0,7.74499784875006e-09
14075,4,1,105,869,147924,0,1.89251841740158e-08
14076,4,1,101,871,138000,0,2.67886357153375e-08
14077,4,1,82,850,123478,0,4.99181006655574e-08
14078,4,1,92,834,100639,0,7.68078557622306e-09
14079,4,1,104,886,102925,0,3.68362345611002e-08
14080,4,1,97,857,132544,0,2.45545185677227e-08
14081,4,1,87,892,197478,0,4.1741085010376e-09
14082,4,1,99,852,217449,0,4.21230957108751e-08
14083,4,1,95,907,105864,0,1.41761952058405e-06
14084,4,1,82,891,111499,0,6.94271202416294e-08
14085,4,1,98,874,114930,0,5.61801120589549e-08
14086,4,1,92,850,121275,0,1.67060052687661e-08
14087,4,1,116,888,113245,0,2.87533188272894e-08
14088,4,1,105,901,125588,0,7.3635109162585e-09
14089,4,1,127,852,94335,0,2.29846114597761e-09
14090,4,1,147,886,97988,0,1.36847497349128e-08
14091,4,1,110,912,110220,0,4.40290079901711e-09
14092,4,1,107,878,109518,0,3.56929392812145e-09
14093,4,1,96,871,121989,0,3.49268444149397e-08
14094,4,1,98,917,110907,0,5.95786825277828e-08
14095,4,1,116,875,181441,0,4.21286317357553e-08
14096,4,1,104,860,163056,0,8.19596699398838e-09
14097,4,1,98,901,135382,0,2.84085230317112e-08
14098,4,1,119,861,127076,0,5.00464180263101e-08
14099,4,1,116,887,130937,0,2.26193019186869e-08
14100,4,1,98,883,91323,0,9.84257726244034e-08
14101,4,1,97,883,93116,0,2.26805563182232e-08
14102,4,1,100,847,183041,0,3.28855537397719e-09
14103,4,1,89,895,188529,0,5.32924571278454e-09
14104,4,1,114,885,279634,0,3.63507586556855e-09
14105,4,1,105,839,183576,0,3.39049377499695e-09
14106,4,1,99,836,165780,0,3.71845173824527e-08
14107,4,1,96,853,138638,0,5.8515311827069e-09
14108,4,1,109,854,153952,0,5.57574055285418e-08
14109,4,1,132,852,199960,0,3.61323625262901e-09
14110,4,1,95,901,180665,0,3.98767869429517e-08
14111,4,1,97,893,171435,0,8.17385908102494e-09
14112,4,1,84,885,189388,0,1.70046805471111e-06
14113,4,1,72,861,275431,0,3.44414301127021e-08
14114,4,1,73,857,235709,0,7.37458715778119e-08
14115,4,1,98,849,179917,0,6.64749775936586e-08
14116,4,1,100,910,256584,0,6.85002495176951e-08
14117,4,1,120,896,224829,0,4.33404631573561e-09
14118,4,1,134,902,226706,0,4.94753298693671e-08
14119,4,1,102,921,215068,0,2.16869986176144e-09
14120,4,1,68,820,153788,0,7.82135721373234e-08
14121,4,1,100,851,191794,0,7.15694811162991e-09
14122,4,1,109,894,233737,0,6.58443857756067e-08
14123,4,1,112,887,188131,0,2.09757294144964e-07
14124,4,1,111,838,208155,0,1.73307909033786e-09
14125,4,1,98,860,198941,0,2.06416397923117e-09
14126,4,1,100,877,271859,0,1.26447338798768e-08
14127,4,1,70,879,193814,0,2.99116118307158e-09
14128,4,1,105,890,226013,0,1.47874499776919e-07
14129,4,1,107,920,186505,0,1.38000838991399e-07
14130,4,1,94,888,167296,0,9.0480652254854e-08
14131,4,1,116,894,187371,0,3.00743399503601e-09
14132,4,1,90,898,175738,0,2.93615453053239e-08
14133,4,1,88,899,209868,0,4.36962737873949e-08
14134,4,1,95,846,142691,0,4.67801556457204e-09
14135,4,1,97,870,147873,0,1.33650336839949e-08
14136,4,1,108,886,154947,0,1.78287043494332e-08
14137,4,1,110,857,172115,0,2.06495538249189e-08
14138,4,1,97,860,222984,0,1.98862476510882e-08
14139,4,1,94,848,171507,0,8.80359599329697e-08
14140,4,1,100,883,184620,0,1.48792346364899e-08
14141,4,1,113,856,160778,0,4.11717118467172e-08
14142,4,1,108,936,197751,0,1.56018870618761e-08
14143,4,1,107,854,191478,0,5.00339468871495e-09
14144,4,1,120,884,202872,0,2.5821892623021e-08
14145,4,1,76,910,190142,0,1.41456140901702e-08
14146,4,1,92,854,196186,0,9.12833722621109e-09
14147,4,1,100,876,153842,0,3.67078393595461e-08
14148,4,1,99,917,131261,0,6.45011181774171e-09
14149,4,1,100,859,277632,0,8.57971955331033e-09
14150,4,1,89,886,174133,0,5.54915185340414e-09
14151,4,1,106,915,205487,0,1.26606451835211e-08
14152,4,1,81,896,206307,0,1.04993440482739e-08
14153,4,1,94,896,167214,0,1.91590643749714e-07
14154,4,1,114,854,185371,0,8.49918933311217e-08
14155,4,1,90,896,200051,0,6.35631144998776e-09
14156,4,1,109,878,255710,0,3.08895729649679e-08
14157,4,1,91,904,234111,0,4.92476873964262e-06
14158,4,1,83,903,214940,0,2.18334974487016e-08
14159,4,1,125,889,184420,0,9.50853731256751e-08
14160,4,1,112,883,166395,0,1.37785455913853e-07
14161,4,1,126,843,195458,0,4.90856493556929e-07
14162,4,1,120,847,214801,0,8.59587944950078e-09
14163,4,1,99,879,217970,0,2.96650315807964e-08
14164,4,1,102,854,196491,0,2.07560804026146e-08
14165,4,1,107,876,253558,0,4.3361060748651e-08
14166,4,1,117,821,290503,0,3.95714688080948e-08
14167,4,1,95,895,243329,0,4.24291537572349e-07
14168,4,1,104,873,255876,0,1.57842574880141e-07
14169,4,1,106,886,241172,0,2.98661450124196e-08
14170,4,1,122,840,232991,0,3.10121652356326e-08
14171,4,1,103,828,211616,0,4.74257042526197e-08
14172,4,1,100,848,210627,0,7.87910167403643e-09
14173,4,1,89,864,214178,0,8.73087000481177e-09
14174,4,1,105,893,170379,0,1.79623860543576e-07
14175,4,1,103,820,193443,0,2.85970386496865e-09
14176,4,1,136,877,295749,0,6.59563105427146e-09
14177,4,1,106,846,397256,0,3.26325914513429e-07
14178,4,1,105,900,449860,0,7.44899860414089e-09
14179,4,1,129,866,399712,0,8.83749952002157e-08
14180,4,1,95,881,333243,0,1.35222480816233e-08
14181,4,1,123,870,400867,0,1.0866357980019e-08
14182,4,1,100,863,254932,0,1.1692245824718e-07
14183,4,1,105,844,248984,0,5.77166057973499e-09
14184,4,1,92,865,261927,0,4.46861216058675e-09
14185,4,1,87,911,286623,0,7.59484128765752e-09
14186,4,1,96,894,291421,0,2.14588038449862e-07
14187,4,1,93,786,314464,0,4.0748032901327e-08
14188,4,1,103,852,321820,0,1.13635779912202e-08
14189,4,1,81,819,284639,0,8.48705262251807e-09
14190,4,1,86,906,207214,0,3.21303149277368e-08
14191,4,1,97,894,231134,0,1.74648838259853e-08
14192,4,1,92,878,216491,0,1.45345326736807e-08
14193,4,1,114,901,280377,0,8.65509328818063e-08
14194,4,1,86,892,295739,0,1.01964143255691e-08
14195,4,1,85,900,329714,0,2.06592203113888e-08
14196,4,1,83,864,296702,0,6.70642856933594e-08
14197,4,1,91,870,223532,0,7.02741423476145e-08
14198,4,1,98,870,276581,0,9.41216246978524e-09
14199,4,1,98,861,218097,0,6.19906971613069e-07
14200,4,1,53,896,194835,0,5.33251253578796e-08
14201,4,1,85,841,232582,0,2.70269387335388e-07
14202,4,1,91,868,183482,0,6.24247404465927e-09
14203,4,1,71,829,171001,0,2.22097636358314e-08
14204,4,1,81,859,233596,0,1.95806759118116e-07
14205,4,1,82,836,221608,0,2.35990101607723e-08
14206,4,1,94,913,234797,0,1.15407658147043e-08
14207,4,1,109,895,257055,0,7.37417016862921e-09
14208,4,1,98,886,245683,0,1.57923537418961e-08
14209,4,1,92,880,299655,0,1.8230456340301e-08
14210,4,1,100,895,334229,0,4.81687200011546e-09
14211,4,1,90,822,334972,0,2.05099295254646e-08
14212,4,1,87,841,397998,0,3.50409085675414e-08
14213,4,1,88,875,297453,0,5.6125901261199e-08
14214,4,1,123,876,242512,0,4.39513075541633e-08
14215,4,1,94,879,271094,0,3.17259544119083e-09
14216,4,1,86,918,364362,0,1.32687765120657e-08
14217,4,1,79,855,346142,0,3.43116739136537e-07
14218,4,1,86,860,341359,0,5.04032405477175e-09
14219,4,1,87,907,284778,0,3.87925874615776e-08
14220,4,1,97,849,244603,0,6.93622893840339e-09
14221,4,1,102,891,203877,0,5.15305923732007e-08
14222,4,1,79,891,228515,0,2.96124088249338e-09
14223,4,1,102,871,184462,0,5.59722079051997e-08
14224,4,1,108,924,200328,0,6.96141936151247e-09
14225,4,1,105,891,192051,0,3.97224527158016e-09
14226,4,1,96,901,181513,0,1.46570980445324e-08
14227,4,1,114,887,200355,0,2.73595860409611e-09
14228,4,1,92,896,205669,0,6.97097725494305e-09
14229,4,1,123,869,319387,0,7.80439271635359e-09
14230,4,1,91,865,202622,0,9.96128847818494e-09
14231,4,1,92,856,198990,0,1.29352022936715e-08
14232,4,1,95,847,215429,0,7.71544846906475e-09
14233,4,1,112,889,146613,0,3.1611604589264e-08
14234,4,1,114,879,220916,0,7.20488447402639e-09
14235,4,1,84,853,243687,0,9.64330966154498e-09
14236,4,1,109,874,306708,0,1.48288708004464e-08
14237,4,1,73,879,305577,0,5.01675902235602e-08
14238,4,1,86,858,218257,0,5.55740175726969e-09
14239,4,1,123,864,236570,0,1.64800666673571e-07
14240,4,1,93,895,212461,0,1.24047146700928e-08
14241,4,1,107,856,438111,0,3.20948581043826e-08
14242,4,1,105,842,315980,0,6.07486670570943e-08
14243,4,1,82,893,274548,0,1.76526706264676e-08
14244,4,1,97,858,282072,0,6.28959817773201e-09
14245,4,1,100,883,333629,0,1.16244708352468e-07
14246,4,1,95,853,285751,0,2.78842520092426e-08
14247,4,1,121,867,301566,0,1.77486799902148e-08
14248,4,1,101,893,460389,0,8.16312038788411e-09
14249,4,1,79,860,404140,0,1.581604040686e-09
14250,4,1,92,903,295611,0,3.67671998122026e-08
14251,4,1,103,854,273430,0,2.04486790527979e-07
14252,4,1,100,877,249570,0,1.52933045252535e-08
14253,4,1,120,886,302167,0,8.22970564668759e-08
14254,4,1,71,867,246651,0,1.19383964338165e-08
14255,4,1,107,881,285393,0,2.37642816403278e-08
14256,4,1,115,865,328894,0,1.13429729057405e-06
14257,4,1,128,852,403686,0,1.49299606598621e-08
14258,4,1,108,872,414118,0,3.29944388729464e-08
14259,4,1,126,893,338098,0,4.70397931172022e-06
14260,4,1,124,903,222467,0,4.50700226491929e-08
14261,4,1,107,892,189480,0,8.84860809376774e-08
14262,4,1,115,925,176011,0,1.44766377892962e-08
14263,4,1,97,862,171895,0,1.34665091243607e-09
14264,4,1,95,858,203811,0,5.99861665092506e-09
14265,4,1,104,863,177686,0,1.26472973608039e-08
14266,4,1,120,916,162959,0,8.82705456362841e-09
14267,4,1,98,882,209919,0,3.55107928641334e-08
14268,4,1,113,863,198149,0,1.35618014698256e-07
14269,4,1,119,911,189434,0,1.10954971176052e-09
14270,4,1,87,858,226187,0,6.45589112751432e-09
14271,4,1,73,866,179575,0,6.32985448683836e-09
14272,4,1,80,915,210130,0,1.47446729238733e-08
14273,4,1,104,869,298856,0,9.7515524897111e-09
14274,4,1,91,884,276432,0,4.40900654899994e-07
14275,4,1,103,894,273945,0,2.16311301839645e-08
14276,4,1,105,904,330710,0,7.33276738043976e-09
14277,4,1,88,882,312264,0,7.35242465659454e-08
14278,4,1,111,898,250515,0,4.808936194314e-09
14279,4,1,90,931,246725,0,2.47900676030479e-08
14280,4,1,73,897,243012,0,6.18425463011017e-09
14281,4,1,104,884,215045,0,7.33768546685678e-09
14282,4,1,101,856,202128,0,7.53852240756234e-09
14283,4,1,102,874,224850,0,1.0774294337866e-08
14284,4,1,107,894,191046,0,2.64787273788667e-09
14285,4,1,92,831,173012,0,5.8057663273592e-09
14286,4,1,89,871,187288,0,4.66562603170988e-08
14287,4,1,96,896,401999,0,6.27507862999806e-09
14288,4,1,114,843,359592,0,1.14026223488265e-08
14289,4,1,84,904,234406,0,5.29619429320832e-07
14290,4,1,110,880,204902,0,2.95001197244303e-09
14291,4,1,105,874,236052,0,1.83015024132771e-08
14292,4,1,88,846,257526,0,1.69912425759382e-07
14293,4,1,92,865,208115,0,3.72902025865607e-09
14294,4,1,96,837,247324,0,1.53408182616094e-07
14295,4,1,88,846,198850,0,8.30593448371157e-09
14296,4,1,98,867,197695,0,1.49253128607225e-08
14297,4,1,106,875,172656,0,1.12462640246583e-07
14298,4,1,106,914,190185,0,6.77304534846176e-09
14299,4,1,121,866,265706,0,7.18839277664337e-09
14300,4,1,94,873,300836,0,1.91275781103653e-08
14301,4,1,120,907,248699,0,3.41601665036688e-07
14302,4,1,112,874,314769,0,4.68736982505667e-07
14303,4,1,111,852,204641,0,3.61186134548535e-08
14304,4,1,106,868,188467,0,4.62532036658111e-08
14305,4,1,102,852,170144,0,1.79114053599989e-07
14306,4,1,77,894,160786,0,1.2200298388447e-08
14307,4,1,73,858,181497,0,2.65508594186793e-07
14308,4,1,75,925,166427,0,1.9518667415051e-08
14309,4,1,95,877,141577,0,2.06584863417057e-08
14310,4,1,89,882,159063,0,1.13677294190923e-08
14311,4,1,102,893,184484,0,2.28219573130533e-08
14312,4,1,122,856,249378,0,1.05413904779689e-08
14313,4,1,108,900,290259,0,4.73874665188118e-09
14314,4,1,94,850,243539,0,8.93018501007087e-08
14315,4,1,116,916,205475,0,2.40291077933602e-09
14316,4,1,104,909,223519,0,6.71040993819298e-09
14317,4,1,102,907,280427,0,5.12526685703686e-08
14318,4,1,90,902,274016,0,3.91175763513074e-08
14319,4,1,86,891,230491,0,2.62499631912729e-08
14320,4,1,72,875,289186,0,2.58815609639419e-08
14321,4,1,86,867,316660,0,6.39802752874287e-08
14322,4,1,97,850,240493,0,2.63599155574915e-08
14323,4,1,106,866,252050,0,2.13782391123602e-09
14324,4,1,96,915,232162,0,1.22102353558914e-08
14325,4,1,115,889,223418,0,1.5631798090761e-08
14326,4,1,91,874,286587,0,9.66851953218042e-09
14327,4,1,98,868,306752,0,7.78182507166474e-08
14328,4,1,105,880,222752,0,2.45121656731073e-07
14329,4,1,100,850,213342,0,1.16793524473944e-08
14330,4,1,98,874,190324,0,3.15364955726555e-08
14331,4,1,116,861,236214,0,8.1602947241959e-09
14332,4,1,100,856,196504,0,9.57748837302753e-09
14333,4,1,95,872,169022,0,1.32557303286772e-08
14334,4,1,114,866,189596,0,3.51278766251862e-07
14335,4,1,124,848,228833,0,1.2011008981092e-08
14336,4,1,117,884,232835,0,9.99480107718518e-09
14337,4,1,106,877,261901,0,2.91801017060008e-09
14338,4,1,116,857,253890,0,2.84204280527607e-08
14339,4,1,110,869,229840,0,8.08227662313115e-09
14340,4,1,97,867,205172,0,2.35081268939385e-08
14341,4,1,124,877,211130,0,2.81982190435423e-08
14342,4,1,99,859,259515,0,3.07175655929183e-09
14343,4,1,95,893,248920,0,1.60061870611941e-08
14344,4,1,99,876,257283,0,4.11635380421837e-08
14345,4,1,96,844,272886,0,3.42691326740339e-09
14346,4,1,120,888,303295,0,3.34788120163951e-09
14347,4,1,119,884,445295,0,1.12639134120826e-08
14348,4,1,112,901,303123,0,5.34552316796354e-08
14349,4,1,108,875,320045,0,4.35312791174327e-09
14350,4,1,93,880,277970,0,4.41727057071397e-09
14351,4,1,92,920,280768,0,6.12468052263077e-07
14352,4,1,86,874,372806,0,3.64983734399546e-08
14353,4,1,106,860,269181,0,8.55104086484947e-09
14354,4,1,97,873,263093,0,3.13049002113624e-08
14355,4,1,93,882,218719,0,1.59816407085241e-08
14356,4,1,100,882,192032,0,9.15664764500628e-09
14357,4,1,122,857,278418,0,3.63168425995458e-08
14358,4,1,105,886,329904,0,2.77095194423371e-08
14359,4,1,82,899,290014,0,3.66109009804785e-08
14360,4,1,91,860,236635,0,3.43082979553119e-09
14361,4,1,97,851,285009,0,2.59756760413711e-09
14362,4,1,110,880,216094,0,4.98261859371984e-09
14363,4,1,58,865,276455,0,2.75167614475089e-09
14364,4,1,103,844,299365,0,4.20277509205679e-08
14365,4,1,112,854,328209,0,5.46241337103016e-09
14366,4,1,108,845,271007,0,2.03944805067578e-08
14367,4,1,109,930,275724,0,9.86713150802092e-09
14368,4,1,88,867,274136,0,1.90073790787787e-08
14369,4,1,83,877,246737,0,8.91846126118337e-09
14370,4,1,87,864,244213,0,5.23145916970384e-08
14371,4,1,97,874,256419,0,3.67737339840971e-09
14372,4,1,85,819,350158,0,8.87507839071023e-09
14373,4,1,103,868,325033,0,8.46735759299229e-09
14374,4,1,87,895,305340,0,3.60783341010014e-08
14375,4,1,93,839,302887,0,4.3179053117958e-08
14376,4,1,96,897,276459,0,1.48443850325031e-09
14377,4,1,93,799,294643,0,6.5566453454885e-09
14378,4,1,109,893,215531,0,2.19711390653852e-08
14379,4,1,117,870,217659,0,2.8781978553159e-09
14380,4,1,89,883,169385,0,5.46420189391447e-08
14381,4,1,107,884,205216,0,3.07142407481845e-09
14382,4,1,103,897,204392,0,1.0161745166155e-08
14383,4,1,109,852,220391,0,1.56264623599465e-09
14384,4,1,116,897,197487,0,1.80076310185944e-08
14385,4,1,100,908,237158,0,9.27102798937783e-09
14386,4,1,94,895,263753,0,1.42121500885055e-08
14387,4,1,71,829,258523,0,2.2547399380391e-08
14388,4,1,89,881,290653,0,1.82399351453808e-07
14389,4,1,108,941,257684,0,8.64036670443095e-06
14390,4,1,100,871,271043,0,2.33382064973944e-07
14391,4,1,101,908,297648,0,1.14364979503882e-08
14392,4,1,100,846,311873,0,1.73835479472984e-08
14393,4,1,76,908,328283,0,4.9925617212128e-08
14394,4,1,82,858,342891,0,1.52139942654248e-08
14395,4,1,98,841,257525,0,5.59516710801236e-09
14396,4,1,100,915,259964,0,1.63945616607419e-08
14397,4,1,91,874,187194,0,2.1480370140972e-08
14398,4,1,89,859,230229,0,1.74175304683103e-09
14399,4,1,85,825,263168,0,1.38006850474143e-08
14400,4,1,93,841,233096,0,2.85141798848625e-09
14401,4,1,97,819,267618,0,1.12950800127664e-07
14402,4,1,93,872,188458,0,5.40166193414112e-09
14403,4,1,89,845,200627,0,1.19078665808893e-08
14404,4,1,88,836,219385,0,2.81914352605425e-08
14405,4,1,96,876,201756,0,2.94224423445707e-09
14406,4,1,85,828,187452,0,1.07739051002144e-08
14407,4,1,102,888,226876,0,1.47660965904459e-09
14408,4,1,109,889,225276,0,3.22249737179164e-08
14409,4,1,91,866,225430,0,5.23577135541137e-08
14410,4,1,86,850,348665,0,1.81369976428917e-08
14411,4,1,83,816,399098,0,4.83096531715764e-08
14412,4,1,101,807,425690,0,5.64687498740131e-09
14413,4,1,83,856,330221,0,5.10945414797489e-09
14414,4,1,83,815,265837,0,9.69648262551375e-09
14415,4,1,81,875,255777,0,9.79395535089448e-09
14416,4,1,105,856,258077,0,3.64861479336597e-08
14417,4,1,81,854,214636,0,2.9280581692097e-08
14418,4,1,104,884,234264,0,1.87040899009627e-08
14419,4,1,107,820,248505,0,9.27431909709059e-09
14420,4,1,106,867,290897,0,3.30748858662362e-08
14421,4,1,104,822,295271,0,1.83262908687674e-08
14422,4,1,89,903,333023,0,5.90572608756976e-09
14423,4,1,92,841,373764,0,1.40033240770491e-08
14424,4,1,90,860,395098,0,2.41745270189024e-07
14425,4,1,99,881,434019,0,9.25849809582085e-09
14426,4,1,91,877,353233,0,3.52569584950539e-08
14427,4,1,86,866,251035,0,2.22284902552064e-07
14428,4,1,85,854,237316,0,6.40353526263221e-09
14429,4,1,84,887,278271,0,4.8716765670832e-08
14430,4,1,84,866,249398,0,9.86504115482107e-08
14431,4,1,96,853,253507,0,1.26553763053989e-08
14432,4,1,86,897,284466,0,9.05417950217477e-09
14433,4,1,104,885,221156,0,6.14214543897666e-09
14434,4,1,99,851,364134,0,5.98684025979333e-08
14435,4,1,90,882,283321,0,6.662556858159e-09
14436,4,1,75,803,266473,0,3.63348347190634e-09
14437,4,1,79,871,259924,0,1.86735397066042e-08
14438,4,1,81,859,288776,0,1.21961354259419e-08
14439,4,1,91,837,212575,0,7.59038363158739e-09
14440,4,1,83,849,227616,0,2.83109745409886e-08
14441,4,1,91,852,199146,0,3.32223104847048e-07
14442,4,1,109,847,221571,0,2.11434102762651e-08
14443,4,1,113,847,293501,0,1.89389525731163e-07
14444,4,1,93,870,297534,0,2.03247373289002e-09
14445,4,1,120,861,236639,0,1.955829219016e-08
14446,4,1,75,833,209590,0,1.38423306493693e-08
14447,4,1,92,879,182724,0,3.09115031586757e-08
14448,4,1,100,897,217804,0,1.05643703792968e-08
14449,4,1,103,896,216959,0,2.57437812975379e-08
14450,4,1,97,893,259824,0,1.85299080189564e-08
14451,4,1,98,819,293369,0,9.83970691584167e-09
14452,4,1,79,886,283237,0,1.2917322881857e-08
14453,4,1,120,925,252515,0,3.07928045430033e-09
14454,4,1,109,883,246699,0,2.12761503232709e-08
14455,4,1,90,887,231937,0,1.26293303003812e-08
14456,4,1,93,868,214596,0,6.86290722815432e-09
14457,4,1,87,887,295416,0,1.22931228051197e-08
14458,4,1,95,881,212221,0,1.60027095469099e-07
14459,4,1,87,872,216555,0,1.93129362021494e-08
14460,4,1,95,833,255580,0,3.00208558502464e-09
14461,4,1,109,841,217110,0,8.45914064132174e-09
14462,4,1,104,837,216122,0,6.53004265397612e-09
14463,4,1,90,904,244699,0,3.67278538141694e-09
14464,4,1,113,903,209038,0,3.68305131966666e-09
14465,4,1,103,885,235288,0,9.11445039239938e-08
14466,4,1,92,890,227902,0,5.71252147984633e-07
14467,4,1,110,835,227054,0,4.87022034227386e-09
14468,4,1,102,882,245439,0,3.23231949170321e-08
14469,4,1,99,851,221110,0,5.45073383288795e-09
14470,4,1,91,884,245272,0,3.81510727607289e-09
14471,4,1,98,853,228862,0,1.11491334463408e-08
14472,4,1,112,841,222152,0,4.67562994166182e-08
14473,4,1,102,881,229100,0,6.44938365699472e-08
14474,4,1,96,885,217636,0,8.68986681992585e-09
14475,4,1,104,830,260615,0,6.66918085098141e-09
14476,4,1,106,826,262542,0,1.59758597059474e-08
14477,4,1,97,840,328014,0,3.83720961856338e-08
14478,4,1,89,844,243408,0,5.14968112190039e-09
14479,4,1,95,885,212996,0,1.90983828962514e-08
14480,4,1,99,855,277970,0,8.72074004553484e-09
14481,4,1,89,877,212025,0,7.15868196569814e-08
14482,4,1,107,858,192949,0,7.24208873709814e-08
14483,4,1,99,877,214118,0,8.80171312619830e-09
14484,4,1,107,860,226926,0,3.68163864640857e-08
14485,4,1,113,859,238263,0,1.79179444157221e-08
14486,4,1,123,880,198722,0,4.23150193435577e-08
14487,4,1,87,828,226274,0,1.81831063470336e-08
14488,4,1,98,837,178216,0,4.61247201299935e-08
14489,4,1,117,876,293981,0,7.45651638058326e-09
14490,4,1,102,881,391204,0,3.18276580824001e-08
14491,4,1,85,854,252160,0,2.4794576361794e-09
14492,4,1,111,896,188973,0,6.86702938164982e-09
14493,4,1,92,822,209908,0,1.18450577043007e-08
14494,4,1,114,895,171426,0,1.34059217257475e-08
14495,4,1,92,861,237483,0,7.52331329400594e-09
14496,4,1,86,861,217952,0,1.51804950834006e-08
14497,4,1,113,815,255266,0,1.2521075008011e-08
14498,4,1,107,836,322220,0,3.0985528392785e-09
14499,4,1,112,860,252068,0,9.93172089146272e-09
14500,4,1,83,858,283358,0,7.7641779602956e-09
14501,4,1,92,848,291300,0,1.07667789237291e-08
14502,4,1,89,847,249738,0,3.59700554050678e-09
14503,4,1,102,841,249307,0,1.09829751682378e-08
14504,4,1,77,903,221455,0,8.56691504548985e-09
14505,4,1,92,894,200372,0,6.86699711990903e-07
14506,4,1,92,893,223303,0,3.42577996180237e-08
14507,4,1,96,896,240875,0,1.25323214756916e-08
14508,4,1,88,896,265439,0,1.56057209287794e-08
14509,4,1,96,841,300409,0,1.7236493285363e-08
14510,4,1,97,848,357253,0,2.63378393769558e-08
14511,4,1,61,808,266456,0,2.28343906919959e-08
14512,4,1,100,845,262507,0,6.79544653168122e-09
14513,4,1,107,809,381368,0,8.70105573651013e-09
14514,4,1,103,866,258669,0,9.66855862342067e-08
14515,4,1,109,832,230595,0,8.96759073720052e-09
14516,4,1,94,872,287648,0,7.43373751237106e-08
14517,4,1,110,893,382015,0,3.26382663112002e-08
14518,4,1,111,854,381664,0,4.09975938329738e-08
14519,4,1,91,854,330594,0,1.35817629469807e-08
14520,4,1,84,836,278270,0,1.02744389404318e-06
14521,4,1,73,847,275066,0,1.06557170669153e-08
14522,4,1,77,852,221562,0,2.28563445659155e-07
14523,4,1,82,827,216839,0,2.55643379351162e-08
14524,4,1,99,867,214280,0,2.06857207768534e-08
14525,4,1,94,875,261340,0,6.83251114451018e-08
14526,4,1,97,844,256606,0,1.72471783085895e-09
14527,4,1,102,851,274023,0,8.30064850514007e-09
14528,4,1,85,845,379485,0,3.03182777928616e-08
14529,4,1,102,833,317352,0,4.12328012781331e-06
14530,4,1,104,841,307703,0,3.68590349843605e-08
14531,4,1,103,818,321683,0,3.32834133545906e-08
14532,4,1,92,826,356042,0,5.49344763154827e-09
14533,4,1,81,853,351062,0,2.72016680918461e-09
14534,4,1,93,870,536419,0,5.1872204187753e-08
14535,4,1,102,827,297722,0,7.14323225371914e-09
14536,4,1,88,869,266770,0,1.41160091997416e-08
14537,4,1,69,858,275156,0,1.68016782167052e-08
14538,4,1,75,848,295657,0,7.85468954101523e-09
14539,4,1,99,842,305910,0,2.30754985329964e-07
14540,4,1,84,888,414851,0,6.51177233233562e-09
14541,4,1,117,817,337501,0,1.12656542749086e-08
14542,4,1,113,830,356965,0,6.45872542725411e-09
14543,4,1,92,842,336924,0,1.36566412778759e-08
14544,4,1,87,873,242555,0,1.62875095158524e-07
14545,4,1,112,868,313893,0,1.47569899372545e-08
14546,4,1,85,848,209588,0,5.07094671847799e-09
14547,4,1,100,848,200215,0,6.77161218804683e-09
14548,4,1,69,847,164497,0,1.01800107517223e-08
14549,4,1,98,823,173500,0,5.29986971529748e-08
14550,4,1,90,848,178009,0,4.92879978534122e-09
14551,4,1,89,862,202155,0,4.2416229992763e-08
14552,4,1,105,836,186843,0,1.08330330199662e-07
14553,4,1,118,840,160178,0,1.39602557782378e-09
14554,4,1,100,879,142136,0,3.89919269134666e-08
14555,4,1,113,893,154133,0,1.35985092434279e-08
14556,4,1,101,845,233226,0,1.60262301469981e-08
14557,4,1,55,856,204843,0,2.06449966366508e-09
14558,4,1,71,877,215437,0,1.80329562753156e-08
14559,4,1,86,880,246380,0,2.08768529851632e-08
14560,4,1,101,843,217824,0,5.03268568698759e-09
14561,4,1,103,857,283430,0,3.87841839315859e-09
14562,4,1,100,870,365240,0,6.65802011319836e-08
14563,4,1,99,879,291988,0,2.72127526414419e-09
14564,4,1,97,860,238083,0,4.59795098203166e-09
14565,4,1,129,861,204893,0,3.22700374386913e-08
14566,4,1,126,836,222684,0,3.68292613535245e-08
14567,4,1,94,840,272681,0,8.57477076035584e-08
14568,4,1,93,879,230869,0,1.66263723277851e-08
14569,4,1,90,857,205496,0,1.71068027011557e-08
14570,4,1,89,866,304192,0,2.91822598330346e-09
14571,4,1,98,898,237859,0,1.87924722554991e-08
14572,4,1,94,868,216303,0,3.12909341211099e-07
14573,4,1,78,901,226880,0,6.22592350450944e-08
14574,4,1,77,838,189731,0,8.51447326433272e-09
14575,4,1,84,858,230188,0,3.04574774542429e-09
14576,4,1,98,872,226090,0,1.20621938477651e-08
14577,4,1,105,864,337234,0,8.1811616043503e-09
14578,4,1,96,861,302423,0,1.77978347986468e-08
14579,4,1,84,877,249450,0,1.4820644601339e-07
14580,4,1,103,869,262142,0,8.14003948920099e-08
14581,4,1,107,848,247841,0,2.1207267143237e-08
14582,4,1,115,904,306291,0,4.83132780102837e-07
14583,4,1,87,860,285537,0,1.63748961910659e-08
14584,4,1,89,888,338032,0,8.8606267666298e-08
14585,4,1,93,862,293137,0,8.10352480471162e-08
14586,4,1,95,855,290580,0,7.82592621096261e-08
14587,4,1,75,851,290249,0,2.26785727808823e-08
14588,4,1,91,884,359711,0,1.33257800939415e-08
14589,4,1,95,871,223744,0,3.13146483867799e-09
14590,4,1,92,858,198499,0,7.35949301188022e-08
14591,4,1,103,885,247562,0,4.11693940936148e-09
14592,4,1,86,888,222232,0,2.62133497815931e-08
14593,4,1,123,869,227553,0,7.63531494048118e-09
14594,4,1,93,870,214434,0,3.42050664032449e-08
14595,4,1,92,895,264729,0,1.06130499926724e-08
14596,4,1,95,829,299257,0,2.05847902087445e-08
14597,4,1,80,834,268690,0,9.62275543727777e-08
14598,4,1,90,893,263264,0,4.0357713359447e-09
14599,4,1,69,872,266454,0,1.20046707107184e-08
14600,4,1,85,864,242259,0,7.63842754926442e-09
14601,4,1,87,843,253089,0,6.26551315740722e-08
14602,4,1,101,884,235780,0,7.51563077063904e-08
14603,4,1,84,880,214927,0,6.20223666622364e-09
14604,4,1,93,867,254957,0,1.05957996934026e-07
14605,4,1,93,863,206287,0,7.59394972107141e-09
14606,4,1,74,892,257640,0,5.2420991320377e-08
14607,4,1,106,874,292308,0,3.74167527009164e-07
14608,4,1,103,857,211062,0,4.22107356114875e-08
14609,4,1,92,861,180046,0,3.35968656751227e-07
14610,4,1,91,855,207643,0,1.20772350350829e-07
14611,4,1,100,871,222196,0,1.87037666783952e-09
14612,4,1,98,887,192248,0,1.48004571761787e-08
14613,4,1,88,867,148209,0,2.93861633883944e-09
14614,4,1,96,849,264082,0,7.65547934808554e-08
14615,4,1,125,856,251085,0,1.27279344978536e-08
14616,4,1,93,879,240098,0,2.49495210465104e-08
14617,4,1,116,874,231752,0,4.66016567841128e-07
14618,4,1,76,873,201964,0,2.41663051171573e-07
14619,4,1,131,868,225497,0,9.39920040748734e-09
14620,4,1,113,895,198228,0,5.61201964587352e-08
14621,4,1,96,868,191898,0,7.85496497271691e-09
14622,4,1,82,901,227171,0,1.66784888643555e-08
14623,4,1,103,854,206422,0,1.13099835004597e-08
14624,4,1,105,866,193809,0,9.29362691692743e-09
14625,4,1,120,848,244804,0,5.98451000143016e-09
14626,4,1,115,860,293570,0,2.19182597071289e-08
14627,4,1,113,868,273044,0,3.79827478551829e-09
14628,4,1,107,861,320997,0,2.84235618993736e-08
14629,4,1,100,860,287762,0,2.41833294202478e-07
14630,4,1,102,858,269223,0,9.09653652269772e-08
14631,4,1,84,875,207590,0,6.06195581669969e-08
14632,4,1,96,846,250058,0,1.98689754775052e-09
14633,4,1,93,850,228370,0,3.81639483658278e-08
14634,4,1,96,889,164070,0,4.12041560518123e-08
14635,4,1,110,886,164356,0,8.37090496929671e-09
14636,4,1,94,899,216811,0,1.13609613132078e-07
14637,4,1,95,866,192213,0,9.84503495271194e-09
14638,4,1,89,848,256388,0,8.94853339690765e-08
14639,4,1,85,847,300796,0,1.69256304755316e-08
14640,4,1,112,876,298756,0,2.22521075546396e-08
14641,4,1,108,834,344311,0,1.7311295654595e-08
14642,4,1,106,885,220259,0,9.30559824587994e-07
14643,4,1,95,873,242338,0,9.42358899528003e-09
14644,4,1,79,894,245813,0,1.74776114187373e-07
14645,4,1,89,855,243338,0,4.05410180710529e-06
14646,4,1,113,851,272169,0,1.80254005803577e-07
14647,4,1,110,865,246205,0,8.38046517256099e-09
14648,4,1,78,919,272543,0,1.36619589716025e-08
14649,4,1,109,929,265646,0,6.28000472350322e-07
14650,4,1,98,851,254025,0,7.12950204865313e-08
14651,4,1,116,851,210559,0,2.68851833064716e-08
14652,4,1,98,878,219129,0,4.54566145338307e-08
14653,4,1,84,897,211354,0,5.3065930258608e-09
14654,4,1,95,868,198392,0,5.13972612229818e-09
14655,4,1,97,847,217715,0,1.13319155297686e-07
14656,4,1,100,876,300763,0,5.53143413333736e-08
14657,4,1,91,889,375358,0,5.11580468015629e-09
14658,4,1,85,883,335212,0,9.84177566826428e-09
14659,4,1,90,886,311727,0,8.70820979310869e-09
14660,4,1,81,925,330108,0,6.83916312160913e-09
14661,4,1,92,871,310856,0,3.3494879783405e-08
14662,4,1,103,856,266844,0,5.65919037366958e-08
14663,4,1,101,935,295230,0,3.29441837099558e-08
14664,4,1,90,847,211619,0,9.62303286433056e-09
14665,4,1,109,846,232858,0,9.33848373371399e-09
14666,4,1,77,900,228375,0,1.05750800438319e-07
14667,4,1,99,851,240698,0,1.52735271525639e-08
14668,4,1,85,902,221379,0,6.66976003005861e-07
14669,4,1,114,904,284227,0,4.7652067959351e-07
14670,4,1,125,846,231100,0,5.05173615204578e-09
14671,4,1,82,868,237386,0,5.14872465938652e-08
14672,4,1,94,887,216831,0,6.68082507186444e-09
14673,4,1,83,904,188028,0,8.02985993387517e-09
14674,4,1,102,879,167214,0,3.38195580250544e-08
14675,4,1,93,887,154860,0,1.28782806278124e-08
14676,4,1,90,858,213770,0,3.26060243523435e-08
14677,4,1,119,891,197570,0,3.45972898020594e-08
14678,4,1,112,872,268765,0,1.51722838334979e-08
14679,4,1,102,856,264313,0,1.56796741596644e-08
14680,4,1,126,886,328374,0,3.30750746201342e-08
14681,4,1,101,896,260601,0,1.69159632372794e-08
14682,4,1,119,872,302379,0,3.29180522062512e-09
14683,4,1,112,860,296875,0,4.46896309831058e-08
14684,4,1,113,815,243449,0,7.93180837535905e-08
14685,4,1,104,877,295762,0,1.74751252386158e-08
14686,4,1,106,857,239922,0,9.5891732676582e-09
14687,4,1,108,859,248585,0,7.77411647741736e-09
14688,4,1,92,858,233895,0,1.84468250042174e-08
14689,4,1,91,881,226586,0,7.65753452538014e-09
14690,4,1,99,879,228423,0,1.20359624489265e-08
14691,4,1,114,886,264609,0,1.19031877662801e-08
14692,4,1,115,884,295099,0,2.39976875556929e-08
14693,4,1,96,862,231221,0,3.31782651828103e-09
14694,4,1,84,893,232126,0,2.22293943029084e-08
14695,4,1,95,842,297617,0,1.42785310633666e-06
14696,4,1,96,856,277821,0,9.8037111062351e-08
14697,4,1,102,873,255535,0,5.47131257485915e-08
14698,4,1,102,830,584828,0,4.77884935168327e-08
14699,4,1,84,887,293482,0,1.91927397928522e-08
14700,4,1,101,882,245752,0,3.26983698818656e-09
14701,4,1,121,910,274686,0,4.99139621033223e-08
14702,4,1,110,857,345467,0,8.47584816219227e-08
14703,4,1,113,798,292955,0,2.24597411586645e-07
14704,4,1,108,876,327747,0,1.7169293760538e-08
14705,4,1,98,858,296809,0,1.32702034697474e-07
14706,4,1,96,893,287685,0,2.41504083680904e-07
14707,4,1,108,871,361201,0,4.75170383393575e-08
14708,4,1,107,872,378498,0,1.0986988901322e-08
14709,4,1,91,884,291767,0,5.7907035976449e-09
14710,4,1,112,920,176738,0,4.33863531603616e-08
14711,4,1,98,895,225358,0,8.71512773195279e-08
14712,4,1,81,886,320709,0,9.48519318441217e-09
14713,4,1,107,868,254864,0,9.52761886727642e-09
14714,4,1,92,810,232729,0,1.26032225333222e-07
14715,4,1,85,877,261088,0,8.5211765041959e-08
14716,4,1,121,888,270913,0,1.4679448944512e-08
14717,4,1,116,865,272562,0,1.52011955743342e-08
14718,4,1,91,899,318615,0,1.54941418400018e-09
14719,4,1,110,885,324739,0,1.70720688563435e-07
14720,4,1,107,846,365551,0,5.24937753417918e-09
14721,4,1,126,842,301242,0,3.81213640972727e-09
14722,4,1,108,854,236442,0,2.70171395819676e-09
14723,4,1,97,848,263144,0,1.55245367493601e-08
14724,4,1,94,863,268140,0,1.69288242736842e-07
14725,4,1,93,898,426466,0,5.54724145826276e-08
14726,4,1,106,888,294788,0,3.8794298489494e-09
14727,4,1,97,862,360508,0,1.98801252517754e-08
14728,4,1,91,876,380430,0,2.58241048459383e-08
14729,4,1,103,862,328188,0,8.00855427614305e-09
14730,4,1,89,844,427059,0,4.46615248250692e-09
14731,4,1,124,874,469984,0,4.38629967389966e-08
14732,4,1,104,898,336935,0,2.19343219904579e-09
14733,4,1,95,894,366265,0,1.92229632818906e-09
14734,4,1,108,881,401680,0,2.12562965097708e-09
14735,4,1,96,843,305987,0,1.06705096801817e-08
14736,4,1,101,877,248356,0,3.12049754282577e-09
14737,4,1,96,833,270766,0,9.19240172921825e-09
14738,4,1,89,845,251175,0,8.53584950584748e-09
14739,4,1,98,936,299754,0,9.34467411678662e-06
14740,4,1,127,883,369812,0,7.72470679500733e-09
14741,4,1,105,853,441142,0,2.17777603268528e-08
14742,4,1,102,865,316109,0,3.59304994491741e-09
14743,4,1,114,873,244439,0,1.31881855807651e-07
14744,4,1,92,852,222711,0,3.27944709246659e-09
14745,4,1,78,834,240778,0,1.55586017839345e-08
14746,4,1,90,848,251184,0,2.83880112914462e-08
14747,4,1,99,879,281460,0,5.42582551830461e-08
14748,4,1,95,841,274439,0,5.46619039682934e-07
14749,4,1,105,939,269017,0,2.1365191554345e-07
14750,4,1,96,874,281055,0,3.35070403124684e-09
14751,4,1,124,862,401370,0,4.95507426740532e-09
14752,4,1,95,905,377259,0,5.43286946313789e-08
14753,4,1,110,892,391035,0,3.65049881902732e-08
14754,4,1,91,833,365878,0,1.84972025764521e-06
14755,4,1,104,872,316789,0,1.69079861678208e-08
14756,4,1,120,878,371169,0,1.29583383593605e-08
14757,4,1,117,895,329188,0,1.14097566790244e-05
14758,4,1,114,863,347587,0,2.87385046352521e-08
14759,4,1,109,888,410816,0,1.31575280399574e-08
14760,4,1,115,877,372209,0,2.46175844168733e-08
14761,4,1,86,884,329075,0,6.48250009323039e-08
14762,4,1,117,883,294507,0,3.51288435704195e-08
14763,4,1,75,908,281619,0,2.41300197279533e-08
14764,4,1,73,849,293993,0,8.36392457363613e-09
14765,4,1,79,828,328291,0,5.3703355913104e-09
14766,4,1,99,861,282813,0,7.23887679423483e-09
14767,4,1,85,840,247624,0,2.25697198975407e-08
14768,4,1,94,871,210111,0,3.12396928831699e-09
14769,4,1,105,940,202392,0,1.55332724044502e-08
14770,4,1,77,895,163006,0,1.55684003812005e-08
14771,4,1,93,836,195539,0,1.10316922680275e-08
14772,4,1,96,884,189870,0,1.88913367323684e-08
14773,4,1,113,876,259951,0,1.31994312771739e-09
14774,4,1,94,864,153298,0,1.34383098554128e-08
14775,4,1,101,884,224419,0,1.51900399469642e-07
14776,4,1,91,901,200849,0,2.45486785937942e-09
14777,4,1,91,883,265979,0,1.2567466289203e-08
14778,4,1,93,897,247078,0,6.91136974149296e-09
14779,4,1,84,854,263285,0,1.46432512274868e-08
14780,4,1,75,864,305695,0,3.85855373020582e-08
14781,4,1,92,884,353250,0,3.84734928050735e-07
14782,4,1,91,884,358686,0,1.41375484734857e-08
14783,4,1,97,887,452746,0,1.91634248810684e-08
14784,4,1,88,869,290386,0,8.33293639238934e-08
14785,4,1,89,886,386562,0,5.71944906589128e-09
14786,4,1,121,918,288277,0,3.99895060380447e-09
14787,4,1,91,904,264532,0,7.85954783904159e-09
14788,4,1,110,865,348338,0,3.61485905004715e-08
14789,4,1,105,840,368211,0,9.36975902213622e-09
14790,4,1,93,902,280211,0,3.33842000597875e-08
14791,4,1,106,907,289765,0,9.14272945775810e-09
14792,4,1,94,843,219673,0,1.66225828380975e-08
14793,4,1,122,893,258961,0,1.10603948791085e-08
14794,4,1,92,885,243163,0,1.02963955152618e-07
14795,4,1,104,905,238731,0,8.98408109451873e-09
14796,4,1,104,878,241666,0,8.81264392872358e-09
14797,4,1,114,864,213469,0,2.73328501395153e-08
14798,4,1,109,872,194226,0,2.30509894858171e-08
14799,4,1,129,868,187460,0,1.30834037221187e-08
14800,4,1,106,864,215740,0,1.02130700556055e-08
14801,4,1,121,891,186930,0,4.95292172163917e-08
14802,4,1,94,875,189909,0,2.32152725666905e-08
14803,4,1,96,865,235273,0,2.53092314130509e-08
14804,4,1,104,854,223666,0,5.2385114995619e-09
14805,4,1,89,807,194145,0,2.18449369320476e-08
14806,4,1,88,892,160931,0,2.14727564180451e-07
14807,4,1,93,882,172365,0,2.49510332338517e-08
14808,4,1,98,846,216279,0,2.43542004807901e-08
14809,4,1,81,836,199568,0,3.47645190086731e-08
14810,4,1,101,875,213151,0,1.41470309277471e-07
14811,4,1,85,873,229312,0,1.8398856012338e-07
14812,4,1,98,894,184857,0,1.39747362681913e-07
14813,4,1,96,819,153698,0,3.05881784283343e-08
14814,4,1,90,853,200541,0,1.16105105435611e-08
14815,4,1,91,878,212033,0,3.38092771069915e-08
14816,4,1,106,871,210382,0,2.1915002966925e-07
14817,4,1,127,849,225927,0,4.39716288483815e-09
14818,4,1,114,903,224143,0,2.58675248479747e-08
14819,4,1,112,870,195801,0,5.5649703260887e-08
14820,4,1,86,861,142370,0,3.65563361363547e-08
14821,4,1,98,909,174901,0,9.38310744057777e-09
14822,4,1,119,881,217265,0,2.45322082809206e-08
14823,4,1,91,840,196739,0,5.19598009408833e-09
14824,4,1,88,917,203867,0,1.04241209972893e-08
14825,4,1,109,850,206759,0,1.65303179664412e-09
14826,4,1,107,837,270296,0,6.19564582970174e-08
14827,4,1,90,905,196950,0,1.73462194816588e-08
14828,4,1,102,889,376020,0,2.02098217651868e-09
14829,4,1,115,907,419435,0,5.49740993302841e-08
14830,4,1,84,900,265565,0,1.354781730415e-07
14831,4,1,100,877,291688,0,4.03690488448231e-09
14832,4,1,103,880,340430,0,1.88084353597573e-08
14833,4,1,109,848,351651,0,8.83781840511858e-08
14834,4,1,91,900,187605,0,4.75616503545958e-08
14835,4,1,125,871,372609,0,1.12175325552413e-08
14836,4,1,84,869,279493,0,4.50553159622097e-09
14837,4,1,78,893,219329,0,7.03356056042886e-08
14838,4,1,98,856,154716,0,1.05767367818924e-08
14839,4,1,75,876,151238,0,4.73410130462355e-09
14840,4,1,113,887,198360,0,1.30499329475874e-08
14841,4,1,113,886,311941,0,7.99262524482862e-09
14842,4,1,118,879,639441,0,2.94716239574373e-08
14843,4,1,108,865,693226,0,1.66904241553945e-07
14844,4,1,118,872,489936,0,3.35733009199631e-08
14845,4,1,115,870,330840,0,1.1056068350864e-08
14846,4,1,95,913,318202,0,5.0931410727319e-09
14847,4,1,101,864,340708,0,5.62284569303532e-07
14848,4,1,95,845,439202,0,8.76837117279409e-08
14849,4,1,94,867,337778,0,2.07742295804601e-07
14850,4,1,110,871,295747,0,4.15340626525592e-09
14851,4,1,83,867,288754,0,8.85272611691029e-09
14852,4,1,97,875,258005,0,5.73358437245469e-08
14853,4,1,111,864,282646,0,4.43610598502219e-06
14854,4,1,94,835,313120,0,9.21742907249223e-09
14855,4,1,76,861,283042,0,8.74622245471702e-09
14856,4,1,98,918,332488,0,5.83603067128843e-09
14857,4,1,78,881,374405,0,1.27822514065894e-08
14858,4,1,95,926,403787,0,6.3535370896923e-09
14859,4,1,99,825,274360,0,1.99805536579537e-07
14860,4,1,102,919,284745,0,9.69195659133925e-08
14861,4,1,116,901,263001,0,2.18129008840722e-09
14862,4,1,116,881,404500,0,6.888386115238e-09
14863,4,1,125,852,237068,0,4.27896084365213e-09
14864,4,1,103,860,209293,0,2.25137007730054e-09
14865,4,1,85,870,228717,0,6.31832426790918e-07
14866,4,1,100,888,200697,0,1.47681261626267e-08
14867,4,1,104,889,202238,0,1.1209927063408e-08
14868,4,1,91,913,180211,0,1.41401745183686e-08
14869,4,1,97,864,177026,0,1.55151250131471e-08
14870,4,1,94,900,193315,0,6.15139210492239e-09
14871,4,1,111,859,188454,0,5.2787489678208e-09
14872,4,1,84,896,230494,0,2.54300841673003e-08
14873,4,1,106,908,341145,0,5.14440906271485e-08
14874,4,1,106,887,296493,0,2.56520729699791e-09
14875,4,1,79,866,349106,0,7.44081900864211e-09
14876,4,1,109,868,374305,0,1.60086528972575e-08
14877,4,1,99,906,208317,0,4.27878554184526e-08
14878,4,1,104,889,184803,0,7.9960172284209e-09
14879,4,1,92,869,177689,0,4.7919624871759e-09
14880,4,1,104,847,228751,0,1.79603116416773e-08
14881,4,1,92,863,342423,0,1.80288725257728e-08
14882,4,1,106,888,464414,0,6.37211227834482e-08
14883,4,1,92,878,339917,0,1.56672420093728e-09
14884,4,1,111,916,260902,0,4.10525654115492e-08
14885,4,1,89,879,201962,0,4.28880078122559e-08
14886,4,1,76,852,285389,0,1.73738824489187e-08
14887,4,1,111,896,272607,0,3.09874735120441e-09
14888,4,1,104,823,323830,0,6.466990401652e-09
14889,4,1,92,845,249558,0,1.50797104956775e-08
14890,4,1,109,863,216862,0,2.7320049623493e-08
14891,4,1,85,910,228082,0,6.43898915679627e-09
14892,4,1,89,872,254462,0,7.81116148943402e-09
14893,4,1,89,874,192120,0,5.99069096676175e-09
14894,4,1,81,878,198141,0,4.21656085153598e-09
14895,4,1,92,848,202251,0,1.20170391182811e-08
14896,4,1,88,825,217199,0,2.63206040954365e-08
14897,4,1,89,865,140577,0,9.04820888215236e-09
14898,4,1,85,838,160288,0,1.78622886093727e-07
14899,4,1,93,877,181628,0,5.9013214686621e-09
14900,4,1,105,854,180933,0,3.92919368597649e-09
14901,4,1,94,848,147471,0,3.91056332198549e-08
14902,4,1,108,854,206567,0,6.2314975612854e-09
14903,4,1,101,848,223181,0,1.64271187835244e-08
14904,4,1,107,894,161421,0,3.37268162364108e-09
14905,4,1,113,830,196061,0,6.03128577247757e-09
14906,4,1,111,930,181809,0,1.88907815638533e-08
14907,4,1,89,870,208525,0,1.99961451922364e-08
14908,4,1,111,867,211241,0,9.87204304824195e-09
14909,4,1,83,833,291147,0,1.00719014002802e-08
14910,4,1,106,908,232584,0,9.58468668954833e-09
14911,4,1,106,851,184549,0,3.29156882044613e-08
14912,4,1,105,876,180419,0,1.60125838413367e-07
14913,4,1,85,841,187326,0,4.71756886416628e-09
14914,4,1,107,860,280081,0,3.75487824473084e-09
14915,4,1,103,852,324931,0,2.09500054974961e-07
14916,4,1,88,801,200484,0,7.80073403546703e-09
14917,4,1,113,852,192249,0,3.33565499255422e-09
14918,4,1,100,828,175155,0,1.39001613484585e-08
14919,4,1,95,845,182716,0,3.64180787836303e-08
14920,4,1,113,831,216059,0,1.20872093943125e-07
14921,4,1,100,841,216445,0,4.05225126955621e-09
14922,4,1,104,874,212025,0,2.16345987880114e-09
14923,4,1,114,817,150061,0,1.11690995243454e-07
14924,4,1,103,891,161367,0,7.63543860327748e-09
14925,4,1,108,882,192050,0,1.49504336486564e-08
14926,4,1,109,881,137202,0,2.61079606191982e-08
14927,4,1,87,849,116223,0,4.83414594440124e-09
14928,4,1,86,885,135829,0,3.51650562411481e-09
14929,4,1,96,898,189698,0,7.03982794625983e-09
14930,4,1,127,856,330444,0,8.51106161402267e-08
14931,4,1,96,866,269152,0,2.44417975038453e-08
14932,4,1,95,867,224029,0,4.52372262202846e-09
14933,4,1,107,877,180866,0,3.69142502824837e-07
14934,4,1,80,853,254994,0,2.16499351294449e-08
14935,4,1,99,851,224796,0,1.43289756495916e-08
14936,4,1,98,841,216083,0,2.09870072905743e-08
14937,4,1,117,876,205580,0,3.7254301825899e-08
14938,4,1,96,848,228376,0,2.57825786008705e-08
14939,4,1,117,816,246331,0,1.46186181284825e-05
14940,4,1,75,865,254165,0,6.79210978984637e-09
14941,4,1,111,841,319645,0,2.75211453186465e-09
14942,4,1,95,858,198907,0,2.00814060503121e-08
14943,4,1,98,845,222437,0,1.5439765484425e-08
14944,4,1,87,822,197897,0,1.18466204910937e-07
14945,4,1,104,839,142983,0,2.58398687189555e-08
14946,4,1,100,862,173549,0,2.70604311372639e-09
14947,4,1,110,845,150745,0,4.76670849007379e-09
14948,4,1,119,869,157172,0,2.09141114182653e-08
14949,4,1,79,885,130130,0,1.49518245517293e-07
14950,4,1,95,842,152694,0,1.46814222053777e-07
14951,4,1,91,833,136510,0,3.96618728495998e-08
14952,4,1,96,858,139596,0,1.13727781587574e-07
14953,4,1,86,847,137959,0,4.07257187103083e-09
14954,4,1,106,924,210213,0,1.30757712568352e-08
14955,4,1,90,872,274245,0,8.408831873672e-08
14956,4,1,91,891,165026,0,5.83076001688112e-09
14957,4,1,92,840,149497,0,4.03055833348019e-09
14958,4,1,116,903,125091,0,3.58155796268646e-08
14959,4,1,88,839,192715,0,1.08097016577814e-08
14960,4,1,117,912,144541,0,9.57043131678367e-09
14961,4,1,111,909,220371,0,5.1446851400058e-09
14962,4,1,104,879,213270,0,1.27989856364172e-07
14963,4,1,100,879,187314,0,4.13320239871048e-08
14964,4,1,87,922,188591,0,6.47689887170707e-08
14965,4,1,112,864,146718,0,1.09470724949398e-08
14966,4,1,127,877,191797,0,5.24605662069811e-08
14967,4,1,102,878,176885,0,1.08330539090121e-08
14968,4,1,89,869,170822,0,3.78782537751629e-08
14969,4,1,98,888,113100,0,4.05098248567216e-09
14970,4,1,112,914,127926,0,1.98658496963843e-08
14971,4,1,110,905,125613,0,2.13348867399648e-09
14972,4,1,107,860,107366,0,6.52231601728241e-08
14973,4,1,119,859,177834,0,3.2484167241323e-08
14974,4,1,100,902,194171,0,2.88371845271891e-08
14975,4,1,108,870,238180,0,3.71979853299164e-09
14976,4,1,87,878,175570,0,1.82194714501042e-08
14977,4,1,109,863,154623,0,6.46432769542521e-09
14978,4,1,113,817,178389,0,1.47172710574228e-08
14979,4,1,105,875,266651,0,2.11474395222029e-07
14980,4,1,109,895,197256,0,4.51117799732208e-09
14981,4,1,97,909,201799,0,8.08457456644542e-09
14982,4,1,102,901,180810,0,1.43970308463449e-08
14983,4,1,107,883,162118,0,8.00916689901889e-09
14984,4,1,117,829,155368,0,6.57198995969674e-09
14985,4,1,107,881,206109,0,4.02023883130393e-08
14986,4,1,115,895,213459,0,6.64340927782406e-08
14987,4,1,107,869,228125,0,1.17818178158989e-07
14988,4,1,112,876,326269,0,1.57442646079877e-08
14989,4,1,101,902,264819,0,7.91918797313437e-09
14990,4,1,93,915,207177,0,2.2360647969326e-08
14991,4,1,99,878,247980,0,2.2709742657367e-08
14992,4,1,109,853,295628,0,2.7102945987328e-09
14993,4,1,95,943,281381,0,1.54356149137189e-07
14994,4,1,113,857,343956,0,1.03247668283532e-08
14995,4,1,122,908,389925,0,1.48059400522187e-08
14996,4,1,95,864,411913,0,5.66071487325727e-09
14997,4,1,105,873,320531,0,1.33079662918983e-07
14998,4,1,114,834,383617,0,6.79437430884341e-08
14999,4,1,108,854,530477,0,7.70645910094613e-09
15000,4,1,98,904,497321,0,4.45869188968021e-09
15001,4,1,110,871,510036,0,6.38233711852162e-09
15002,4,1,92,889,542226,0,2.12752239082261e-08
15003,4,1,85,866,535256,0,1.54158586245859e-08
15004,4,1,109,890,468776,0,1.73404022773749e-08
15005,4,1,109,929,445581,0,3.65207797076211e-07
15006,4,1,96,895,393878,0,1.40343148426606e-08
15007,4,1,90,896,343293,0,2.26182270059066e-08
15008,4,1,110,861,357496,0,3.38212969557413e-08
15009,4,1,116,884,401483,0,4.313056720872e-08
15010,4,1,100,863,419467,0,3.22033832140787e-08
15011,4,1,93,857,320477,0,1.69131973841451e-06
15012,4,1,113,897,478765,0,2.70387997443498e-08
15013,4,1,131,863,618686,0,9.82709679231637e-09
15014,4,1,111,869,598234,0,5.36163347211975e-08
15015,4,1,130,917,558810,0,8.22506655600585e-09
15016,4,1,131,862,561136,0,4.38483395288828e-08
15017,4,1,98,938,360621,0,5.55910643608424e-07
15018,4,1,108,851,451626,0,1.910892432065e-08
15019,4,1,103,862,597300,0,1.28241374191341e-08
15020,4,1,97,897,336547,0,8.2263758958801e-09
15021,4,1,107,847,400765,0,8.21969546743335e-09
15022,4,1,99,869,473229,0,5.13061247866692e-08
15023,4,1,107,856,501628,0,1.1058699863838e-08
15024,4,1,112,838,745114,0,1.997489076488e-08
15025,4,1,101,858,643146,0,3.46129116762129e-08
15026,4,1,108,844,724923,0,2.46892431120017e-07
15027,4,1,92,857,463043,0,3.82124612688984e-08
15028,4,1,104,873,426881,0,3.06324667489572e-07
15029,4,1,93,896,563031,0,1.05020936914745e-06
15030,4,1,72,854,664504,0,5.50791743781013e-09
15031,4,1,117,851,917557,0,1.57901078944148e-08
15032,4,1,100,865,728263,0,1.1138863952293e-08
15033,4,1,89,876,704541,0,3.20957851920271e-08
15034,4,1,112,843,537040,0,6.3893172846849e-08
15035,4,1,106,852,536217,0,6.89723502987471e-08
15036,4,1,113,890,534476,0,4.91158019567121e-08
15037,4,1,95,911,760375,0,2.43560099114965e-07
15038,4,1,104,867,848635,0,1.96148090172787e-07
15039,4,1,83,856,759292,0,6.05900953352882e-08
15040,4,1,93,898,612178,0,2.03205665724419e-08
15041,4,1,86,861,648768,0,4.51383454796864e-08
15042,4,1,99,877,633461,0,1.78109594616227e-08
15043,4,1,92,883,471661,0,1.08844698037642e-07
15044,4,1,113,922,467629,0,2.25836568847224e-08
15045,4,1,102,844,458871,0,2.21477312828986e-08
15046,4,1,113,897,352812,0,1.52040705224686e-08
15047,4,1,127,885,466132,0,2.4884408336643e-08
15048,4,1,105,859,504748,0,2.28994129276863e-08
15049,4,1,91,845,441568,0,6.34856440223522e-09
15050,4,1,71,863,358782,0,3.64524387144632e-08
15051,4,1,88,869,399051,0,8.68229595069668e-08
15052,4,1,73,847,402563,0,5.07316682237972e-08
15053,4,1,67,814,410867,0,9.28715585928581e-09
15054,4,1,96,848,417920,0,2.45512283880776e-08
15055,4,1,94,864,361799,0,5.29888557838143e-08
15056,4,1,109,870,250505,0,1.49902371803681e-07
15057,4,1,78,907,221421,0,2.29007544986203e-06
15058,4,1,94,887,244380,0,2.33552915278012e-08
15059,4,1,105,854,284304,0,9.46434076917623e-09
15060,4,1,119,873,290253,0,7.4061592559142e-08
15061,4,1,91,873,378029,0,1.39940110030645e-08
15062,4,1,87,845,394368,0,3.02420312335706e-08
15063,4,1,80,857,340677,0,2.35816829499853e-08
15064,4,1,101,838,343051,0,9.80721105766906e-08
15065,4,1,98,861,412549,0,2.31946832149996e-08
15066,4,1,89,853,361737,0,7.39808750047173e-08
15067,4,1,105,854,287729,0,1.37422810874427e-08
15068,4,1,92,851,332909,0,2.28240132531139e-08
15069,4,1,101,829,240241,0,6.29706859164743e-08
15070,4,1,95,913,263973,0,6.48415377560909e-09
15071,4,1,109,873,282155,0,1.68040824371144e-07
15072,4,1,87,862,180862,0,6.61551782542918e-09
15073,4,1,71,843,193120,0,3.81947312286263e-07
15074,4,1,92,861,196376,0,7.87411643394754e-09
15075,4,1,100,851,259672,0,2.36753266075768e-08
15076,4,1,108,882,185809,0,1.19417560922622e-08
15077,4,1,110,916,215203,0,5.24175146192682e-09
15078,4,1,104,893,166119,0,7.14016762741744e-09
15079,4,1,91,913,179232,0,1.07892444174018e-08
15080,4,1,113,893,264706,0,7.09215373958244e-08
15081,4,1,80,847,238894,0,1.00293846307573e-07
15082,4,1,113,862,241204,0,2.54630910174204e-08
15083,4,1,74,857,278981,0,7.35394863681239e-09
15084,4,1,97,868,239253,0,3.45559997031467e-08
15085,4,1,108,882,293099,0,1.32847185424919e-08
15086,4,1,113,816,316933,0,2.35704389471562e-07
15087,4,1,100,849,312339,0,1.26221173162647e-08
15088,4,1,90,861,326049,0,1.70540070889275e-06
15089,4,1,91,841,314365,0,1.46270111191707e-08
15090,4,1,90,860,412775,0,1.08352274072539e-08
15091,4,1,109,865,463208,0,3.77024604898572e-08
15092,4,1,77,844,361456,0,7.65536829632218e-08
15093,4,1,106,871,334329,0,7.71158350755788e-08
15094,4,1,105,906,342331,0,1.90819582891899e-09
15095,4,1,101,868,362501,0,3.10393571816513e-08
15096,4,1,118,890,401703,0,1.82409124424273e-08
15097,4,1,108,847,364191,0,4.27601019461627e-09
15098,4,1,134,828,399889,0,1.56189976371532e-08
15099,4,1,88,841,318300,0,1.04854592251844e-08
15100,4,1,103,851,423974,0,3.15757197825752e-08
15101,4,1,92,865,391058,0,1.16339165228171e-08
15102,4,1,98,831,416229,0,1.61789392863258e-07
15103,4,1,101,860,379534,0,4.56637471665885e-09
15104,4,1,105,841,366485,0,6.67176723665387e-08
15105,4,1,93,888,364975,0,5.3724824973672e-08
15106,4,1,107,844,373014,0,1.12092265106416e-08
15107,4,1,95,801,460229,0,2.31773690312877e-08
15108,4,1,99,865,576900,0,3.91087922121242e-09
15109,4,1,110,818,664911,0,2.28801826600549e-09
15110,4,1,97,861,422414,0,1.87129944763055e-09
15111,4,1,106,846,362783,0,7.97609491508261e-08
15112,4,1,105,876,320812,0,4.16007916889421e-08
15113,4,1,101,849,378839,0,7.02451079407417e-08
15114,4,1,123,867,458954,0,6.94665817729015e-08
15115,4,1,120,865,587569,0,1.2177998468278e-06
15116,4,1,95,848,392786,0,3.85053885840009e-08
15117,4,1,85,877,387879,0,2.46602657222057e-09
15118,4,1,81,896,419867,0,1.24072574925103e-07
15119,4,1,103,849,406840,0,7.04221503226304e-08
15120,4,1,104,851,435585,0,1.57679200257727e-08
15121,4,1,95,881,341728,0,1.2776643357579e-08
15122,4,1,117,856,436582,0,2.43228166077356e-09
15123,4,1,96,882,441565,0,5.85728622487608e-09
15124,4,1,113,851,434637,0,2.71896594693792e-09
15125,4,1,139,863,535771,0,3.86717500494646e-08
15126,4,1,109,842,633674,0,1.24319809511624e-08
15127,4,1,102,863,759910,0,1.22005295554358e-08
15128,4,1,120,830,553814,0,4.08879367088055e-08
15129,4,1,86,853,518610,0,1.29824472979427e-09
15130,4,1,91,809,532901,0,3.72831375167348e-08
15131,4,1,85,871,355696,0,2.25684524682816e-08
15132,4,1,103,845,453475,0,5.97949083213571e-09
15133,4,1,105,833,396076,0,1.50759058476299e-08
15134,4,1,78,855,340640,0,6.48682702339348e-09
15135,4,1,103,871,309882,0,3.84533926506319e-09
15136,4,1,99,858,322261,0,1.16922732662757e-08
15137,4,1,90,902,385992,0,4.16386071229402e-08
15138,4,1,88,880,313596,0,4.99449787422832e-08
15139,4,1,104,815,335334,0,6.84534259354762e-09
15140,4,1,126,871,551541,0,2.24349732079422e-09
15141,4,1,107,845,823197,0,2.46259591018937e-09
15142,4,1,99,859,798056,0,3.40003016631966e-09
15143,4,1,90,847,734305,0,8.69683213533241e-09
15144,4,1,92,856,869739,0,6.36497932300824e-09
15145,4,1,82,832,774618,0,1.88062692001691e-07
15146,4,1,95,835,863891,0,7.43453720786867e-09
15147,4,1,93,866,817404,0,6.8863602778362e-09
15148,4,1,76,765,622745,0,1.70165421806192e-08
15149,4,1,99,847,818756,0,1.06783296300623e-08
15150,4,1,95,803,908190,0,6.85479862548898e-09
15151,4,1,78,791,1047948,0,3.22821232307047e-08
15152,4,1,91,821,680813,0,3.85897932118204e-08
15153,4,1,85,842,762202,0,7.61612835543119e-09
15154,4,1,87,833,572749,0,3.8535513459721e-09
15155,4,1,99,876,663293,0,2.52731221322667e-08
15156,4,1,90,836,568240,0,7.78075735441367e-09
15157,4,1,84,843,653182,0,8.64193407889786e-08
15158,4,1,98,862,549119,0,5.76365927226788e-08
15159,4,1,86,825,777147,0,1.49323913835722e-08
15160,4,1,93,814,981795,0,9.91283893708313e-09
15161,4,1,83,880,744058,0,2.60743868002162e-08
15162,4,1,116,850,794636,0,3.5093617976757e-09
15163,4,1,96,878,844543,0,1.71931224044292e-08
15164,4,1,98,818,719188,0,1.42058157693849e-08
15165,4,1,100,773,687009,0,3.77126050234975e-09
15166,4,1,106,814,830660,0,5.42546033517516e-09
15167,4,1,115,882,847795,0,1.0730388793975e-07
15168,4,1,95,851,711371,0,7.97492234940798e-08
15169,4,1,106,836,703427,0,7.12861389078707e-09
15170,4,1,92,855,753146,0,1.55697309180879e-08
15171,4,1,103,841,955081,0,1.40663358253218e-08
15172,4,1,95,832,765984,0,4.22627693975875e-08
15173,4,1,102,845,623156,0,3.20216849468232e-08
15174,4,1,103,894,672071,0,3.94195418135342e-08
15175,4,1,98,834,608887,0,8.91279700297446e-09
15176,4,1,92,861,637644,0,2.00236120412151e-07
15177,4,1,91,890,702065,0,7.52158106386858e-09
15178,4,1,105,845,691245,0,1.10023441008155e-08
15179,4,1,100,843,689279,0,8.34830518387411e-09
15180,4,1,108,843,494843,0,5.00559178419483e-09
15181,4,1,121,864,576277,0,1.04555649062301e-07
15182,4,1,110,828,411847,0,2.95375124611779e-08
15183,4,1,122,918,386775,0,9.74938940993826e-09
15184,4,1,110,879,416140,0,7.44057196108507e-08
15185,4,1,106,838,288553,0,2.22352605186144e-08
15186,4,1,99,830,274413,0,6.17082651080012e-09
15187,4,1,89,860,281331,0,1.31055229170766e-07
15188,4,1,115,847,401603,0,1.34145647343912e-07
15189,4,1,89,822,348711,0,9.03105673636836e-09
15190,4,1,93,817,310260,0,1.55677220351443e-08
15191,4,1,96,817,373580,0,4.81178721232064e-08
15192,4,1,92,843,491648,0,8.86836961310185e-09
15193,4,1,98,825,474331,0,1.54821556645779e-07
15194,4,1,100,844,431984,0,2.01610552658439e-07
15195,4,1,103,838,416814,0,1.43742017602719e-08
15196,4,1,92,853,365431,0,8.41877625761822e-09
15197,4,1,106,850,485691,0,6.07051213012711e-09
15198,4,1,122,903,554295,0,1.43421129464443e-08
15199,4,1,86,926,529209,0,3.39128243671393e-08
15200,4,1,108,866,425557,0,1.24726539548802e-07
15201,4,1,112,883,437769,0,5.07165761971768e-09
15202,4,1,105,910,418045,0,2.93041158965757e-08
15203,4,1,101,867,396203,0,7.8628475493326e-08
15204,4,1,97,850,420848,0,5.1625308927883e-08
15205,4,1,92,892,521339,0,1.56347356208371e-09
15206,4,1,120,860,448384,0,5.95698453305923e-09
15207,4,1,112,867,552196,0,5.88839251552326e-09
15208,4,1,119,836,626522,0,1.58013092176532e-08
15209,4,1,99,854,596934,0,4.53696252714307e-08
15210,4,1,105,850,455803,0,2.38189420964889e-08
15211,4,1,93,861,582038,0,3.20841085288189e-08
15212,4,1,118,895,445618,0,1.85726829243382e-07
15213,4,1,120,856,377658,0,2.79751367725152e-08
15214,4,1,98,856,352736,0,3.71425799730681e-09
15215,4,1,115,842,273702,0,8.14905910160545e-08
15216,4,1,111,935,241213,0,1.99522547334919e-08
15217,4,1,132,927,303496,0,6.43099637593404e-09
15218,4,1,115,874,554606,0,5.06540647585729e-08
15219,4,1,112,868,285249,0,2.0126251375709e-08
15220,4,1,121,866,334039,0,1.51882305873612e-08
15221,4,1,107,855,361308,0,4.0062545449387e-09
15222,4,1,101,866,383511,0,3.00935146807667e-08
15223,4,1,104,868,361873,0,1.30038739413046e-08
15224,4,1,82,875,422600,0,1.28834740737319e-08
15225,4,1,89,870,354436,0,3.41697430382741e-08
15226,4,1,101,888,507259,0,7.4040390841638e-09
15227,4,1,114,901,579967,0,1.74027950762011e-08
15228,4,1,120,832,394371,0,1.25470666670007e-06
15229,4,1,105,838,414490,0,2.07745638424635e-08
15230,4,1,121,877,440762,0,3.47136080820188e-08
15231,4,1,122,879,431088,0,1.97158133909976e-07
15232,4,1,93,826,351594,0,2.96204295933075e-08
15233,4,1,103,865,366269,0,6.16540660913395e-08
15234,4,1,104,866,427668,0,2.27768937349253e-06
15235,4,1,101,885,365602,0,2.37458674319968e-08
15236,4,1,111,893,404976,0,1.39666861129071e-07
15237,4,1,94,868,387072,0,2.67202007255657e-09
15238,4,1,98,854,320923,0,3.62184554912783e-08
15239,4,1,95,822,308763,0,1.57699581212145e-08
15240,4,1,81,866,374089,0,2.58369059746162e-08
15241,4,1,103,895,412167,0,1.3859725506409e-08
15242,4,1,84,860,341778,0,2.70689632198317e-08
15243,4,1,105,848,384099,0,7.93081564745827e-09
15244,4,1,116,850,493131,0,8.93042419588948e-09
15245,4,1,112,883,440750,0,5.11822342399934e-09
15246,4,1,120,820,441217,0,3.15428819209866e-09
15247,4,1,88,854,317213,0,7.93243697531994e-08
15248,4,1,107,840,381998,0,3.58182152629884e-07
15249,4,1,87,850,377733,0,8.41082841380971e-09
15250,4,1,90,839,536813,0,3.14632144102499e-09
15251,4,1,81,886,364796,0,1.11385038268678e-08
15252,4,1,100,826,299822,0,3.08484416585798e-08
15253,4,1,92,904,266634,0,6.41806342905039e-08
15254,4,1,109,904,340330,0,2.11789796143718e-07
15255,4,1,98,839,284789,0,1.28492321749692e-09
15256,4,1,82,870,204152,0,2.82012389433485e-09
15257,4,1,105,906,190225,0,3.63805917082829e-09
15258,4,1,111,840,246536,0,7.61601164184317e-09
15259,4,1,97,875,238108,0,6.32875509641699e-09
15260,4,1,93,859,200151,0,9.42788516676783e-09
15261,4,1,81,858,196130,0,2.39655950709649e-08
15262,4,1,100,891,199461,0,4.17716309749903e-09
15263,4,1,121,918,257429,0,1.1470813907366e-07
15264,4,1,102,932,225222,0,2.55693265093715e-08
15265,4,1,114,878,185920,0,1.72518231575989e-08
15266,4,1,97,899,231594,0,5.08642392578779e-09
15267,4,1,102,859,249670,0,2.2747789331164e-08
15268,4,1,100,872,218823,0,1.38519615198347e-07
15269,4,1,113,870,218182,0,2.42874263895187e-09
15270,4,1,126,897,219938,0,3.31657734448788e-09
15271,4,1,82,846,232917,0,2.98366349555505e-09
15272,4,1,105,852,194018,0,1.4105725629727e-08
15273,4,1,82,912,175668,0,1.01661284095585e-08
15274,4,1,123,955,168456,0,1.15230380226955e-08
15275,4,1,123,891,152533,0,2.09044885513233e-08
15276,4,1,117,894,155072,0,1.74057077717678e-08
15277,4,1,95,885,144772,0,1.84753244196216e-08
15278,4,1,101,881,139718,0,8.03445334534137e-09
15279,4,1,105,900,146174,0,2.86239978381491e-07
15280,4,1,96,908,205203,0,1.16811409278971e-07
15281,4,1,105,902,212194,0,4.83543224136264e-09
15282,4,1,104,864,202026,0,2.13173860510819e-08
15283,4,1,91,846,177293,0,2.52089314861593e-07
15284,4,1,105,896,189885,0,1.31005055511775e-08
15285,4,1,127,885,193433,0,2.34970054252567e-09
15286,4,1,87,860,146265,0,1.46596641309484e-08
15287,4,1,97,874,157766,0,7.12802189264294e-08
15288,4,1,98,867,154693,0,1.91535609947113e-07
15289,4,1,109,877,267686,0,2.66229754533857e-08
15290,4,1,116,877,253137,0,7.57045526554637e-09
15291,4,1,109,863,243927,0,1.14979550797174e-08
15292,4,1,110,911,176815,0,7.83751452560802e-09
15293,4,1,111,894,209225,0,1.50334221522844e-08
15294,4,1,96,831,187754,0,1.21242427473568e-08
15295,4,1,105,875,260866,0,9.4248655540172e-09
15296,4,1,126,889,238428,0,3.66080337240487e-08
15297,4,1,98,870,183986,0,6.73120938865051e-07
15298,4,1,104,829,159892,0,2.89996257233909e-09
15299,4,1,123,878,185339,0,9.26652565762206e-09
15300,4,1,109,922,200665,0,1.10312830048471e-07
15301,4,1,107,878,170349,0,7.42637683848125e-09
15302,4,1,101,904,149461,0,1.17999858784407e-08
15303,4,1,91,868,172293,0,2.72560032477419e-09
15304,4,1,117,876,132083,0,3.53509305710915e-08
15305,4,1,121,899,145818,0,2.92716619787117e-07
15306,4,1,104,847,154361,0,5.29587524532572e-09
15307,4,1,129,893,123595,0,1.05266226609883e-08
15308,4,1,111,873,151257,0,1.13327143529413e-08
15309,4,1,116,891,202372,0,4.35224674742675e-09
15310,4,1,114,852,158501,0,1.44812067403097e-08
15311,4,1,125,874,176583,0,2.39593439106452e-08
15312,4,1,116,880,172872,0,3.82437409097229e-06
15313,4,1,116,891,139873,0,1.07743589346045e-08
15314,4,1,135,836,203647,0,1.78222691088166e-08
15315,4,1,95,857,160728,0,1.0282519645459e-08
15316,4,1,120,818,201092,0,4.47201810325118e-08
15317,4,1,89,893,211900,0,7.59905540449243e-07
15318,4,1,119,861,261520,0,1.17686285794886e-08
15319,4,1,116,901,229274,0,3.67089263445559e-09
15320,4,1,111,850,184553,0,7.6395772137152e-09
15321,4,1,106,835,211697,0,8.71920749154108e-09
15322,4,1,81,886,231606,0,1.39564538413641e-08
15323,4,1,104,830,207493,0,5.97069586501476e-09
15324,4,1,104,895,174289,0,1.10747191623395e-07
15325,4,1,116,869,190977,0,2.77557545362803e-07
15326,4,1,107,904,197748,0,9.99548441433817e-09
15327,4,1,108,893,244333,0,6.14423246348655e-09
15328,4,1,124,864,243831,0,7.83555818609464e-09
15329,4,1,99,847,178395,0,1.37879974341432e-08
15330,4,1,92,887,170280,0,5.71802958161084e-09
15331,4,1,132,894,146401,0,3.6441983010043e-09
15332,4,1,94,829,193694,0,2.29917046342209e-08
15333,4,1,111,857,207528,0,2.25835237067837e-08
15334,4,1,110,861,219455,0,5.38051615980773e-09
15335,4,1,90,892,156488,0,4.94053468137822e-08
15336,4,1,118,859,178582,0,3.08269257775444e-09
15337,4,1,96,869,163116,0,5.83428197204265e-08
15338,4,1,99,895,183954,0,8.31667584827112e-09
15339,4,1,98,851,181300,0,2.20096243255227e-08
15340,4,1,99,862,169795,0,2.46742009833739e-08
15341,4,1,93,838,232831,0,3.65033202941291e-08
15342,4,1,88,822,300632,0,4.66739648566764e-09
15343,4,1,110,864,337720,0,6.69990841916822e-07
15344,4,1,103,858,258395,0,1.36018743653541e-08
15345,4,1,85,869,201881,0,3.65780108741219e-08
15346,4,1,103,865,241602,0,8.18923248846957e-08
15347,4,1,110,857,258409,0,5.72871914033402e-09
15348,4,1,119,867,208547,0,5.6675010118776e-09
15349,4,1,110,876,179591,0,1.11769893230469e-07
15350,4,1,120,890,200248,0,3.67428522174848e-05
15351,4,1,110,897,401064,0,7.35997786227151e-09
15352,4,1,109,873,340628,0,7.51086454220846e-09
15353,4,1,112,880,286255,0,2.95049978757966e-08
15354,4,1,88,871,440656,0,6.56500152300538e-09
15355,4,1,111,886,393267,0,5.71266329299732e-08
15356,4,1,131,878,295310,0,3.45799004340047e-08
15357,4,1,118,875,324454,0,7.01009308091951e-08
15358,4,1,118,845,342613,0,1.31854930742084e-08
15359,4,1,113,863,321155,0,7.29128765428417e-06
15360,4,1,87,847,349969,0,4.06345807448082e-09
15361,4,1,102,875,406203,0,7.75470451981945e-09
15362,4,1,107,873,347305,0,1.22617091339559e-06
15363,4,1,107,850,288137,0,6.30379437739825e-09
15364,4,1,108,858,313831,0,6.46086169101959e-09
15365,4,1,114,873,280635,0,1.58485121031534e-07
15366,4,1,98,831,329794,0,1.38994801481842e-08
15367,4,1,95,848,284044,0,1.80783516164836e-08
15368,4,1,116,867,242457,0,6.38814730621378e-09
15369,4,1,118,862,286586,0,6.48495043160351e-09
15370,4,1,116,863,308028,0,1.95831795510933e-08
15371,4,1,104,871,269781,0,2.76623257917372e-08
15372,4,1,107,878,244393,0,7.65325453136087e-09
15373,4,1,125,886,292369,0,2.86259688992261e-07
15374,4,1,116,878,287962,0,4.16018169634378e-07
15375,4,1,87,849,283114,0,1.47586589570078e-08
15376,4,1,89,877,300965,0,3.79788670915113e-08
15377,4,1,94,852,266139,0,4.21881514272864e-07
15378,4,1,118,865,392142,0,1.45447470683811e-07
15379,4,1,113,905,394549,0,1.77998923889308e-07
15380,4,1,98,822,362228,0,6.45025247991464e-08
15381,4,1,91,862,403811,0,1.14987886304083e-07
15382,4,1,132,852,340932,0,1.90768040192501e-08
15383,4,1,123,888,516445,0,1.37228568852555e-08
15384,4,1,106,859,453395,0,5.51548582357364e-09
15385,4,1,85,874,275830,0,6.71839768786413e-09
15386,4,1,115,842,384724,0,3.65251436138983e-09
15387,4,1,121,903,363045,0,2.50941705491668e-08
15388,4,1,71,895,291817,0,6.6837236978329e-09
15389,4,1,98,866,292998,0,3.43131984085952e-09
15390,4,1,103,864,315430,0,2.40106769002401e-08
15391,4,1,112,870,420746,0,1.30851466280269e-07
15392,4,1,106,894,380264,0,5.50616987681283e-09
15393,4,1,91,858,418495,0,1.38854630270748e-08
15394,4,1,113,866,321621,0,2.24402195728249e-08
15395,4,1,87,835,250547,0,5.80401725074078e-09
15396,4,1,95,877,257921,0,2.74406651808938e-06
15397,4,1,98,860,316294,0,8.3461360635442e-08
15398,4,1,109,870,267600,0,2.48387798068377e-08
15399,4,1,90,881,236197,0,1.96845091368087e-08
15400,4,1,106,883,300850,0,1.20358657590512e-08
15401,4,1,103,841,297960,0,7.06897021955963e-09
15402,4,1,91,842,281829,0,2.83066233884025e-08
15403,4,1,88,882,253660,0,4.35252876628992e-08
15404,4,1,106,871,266280,0,6.58185210973728e-09
15405,4,1,106,797,337778,0,3.7040609363738e-08
15406,4,1,76,867,262970,0,4.93876179217899e-08
15407,4,1,97,869,267106,0,1.01903948101355e-07
15408,4,1,95,874,269245,0,1.23886759859858e-08
15409,4,1,100,892,268378,0,1.20150325418248e-07
15410,4,1,121,845,315614,0,1.34854685396248e-08
15411,4,1,100,858,385042,0,7.83380855213514e-08
15412,4,1,99,862,338314,0,1.3388375124195e-07
15413,4,1,100,862,326474,0,5.62143472959427e-09
15414,4,1,100,836,344890,0,8.21667872639062e-09
15415,4,1,92,882,450733,0,1.5667153205774e-08
15416,4,1,102,865,295737,0,1.21080420322985e-08
15417,4,1,110,842,266722,0,1.07620390203099e-08
15418,4,1,90,863,291527,0,1.94133267750418e-08
15419,4,1,104,872,210685,0,1.18217460108784e-08
15420,4,1,90,845,169533,0,2.38658766841213e-08
15421,4,1,113,869,188709,0,9.49325957007414e-05
15422,4,1,133,909,205256,0,4.94142419090942e-08
15423,4,1,105,850,221473,0,3.02322436153928e-07
15424,4,1,102,851,287102,0,1.43381317316668e-08
15425,4,1,87,865,286479,0,3.83601825357328e-07
15426,4,1,98,866,443898,0,1.03824641359466e-08
15427,4,1,108,866,249079,0,2.94889216902e-08
15428,4,1,90,889,260793,0,5.1291980023474e-09
15429,4,1,110,881,283341,0,5.07499631954288e-08
15430,4,1,99,850,279279,0,1.61819435508286e-08
15431,4,1,86,865,360942,0,4.35586660014836e-08
15432,4,1,120,809,528909,0,5.28050751243419e-09
15433,4,1,128,872,386264,0,9.22856443800673e-08
15434,4,1,100,907,314049,0,1.95785980073996e-08
15435,4,1,90,882,280110,0,8.5910068305719e-08
15436,4,1,103,862,311118,0,1.00644244257501e-07
15437,4,1,84,876,307696,0,3.57381076383792e-08
15438,4,1,96,902,275989,0,5.08061282819935e-06
15439,4,1,99,882,225634,0,2.51317400307967e-08
15440,4,1,100,914,205770,0,1.4190632537571e-08
15441,4,1,108,850,200653,0,1.36549627226761e-08
15442,4,1,107,849,218684,0,3.90630695903474e-08
15443,4,1,104,877,183700,0,4.19656516860814e-08
15444,4,1,115,894,188159,0,3.73997274490978e-09
15445,4,1,116,911,241784,0,1.30384247661158e-08
15446,4,1,84,859,254667,0,1.19861400753365e-07
15447,4,1,107,864,253633,0,7.88006705252584e-07
15448,4,1,101,874,218672,0,3.86613032441558e-08
15449,4,1,100,882,233913,0,4.37314315685689e-08
15450,4,1,109,916,255570,0,7.18857504251149e-09
15451,4,1,108,879,266539,0,1.82705922278782e-08
15452,4,1,110,890,255242,0,8.88345731620029e-09
15453,4,1,118,904,248800,0,1.5444990791719e-08
15454,4,1,123,908,288992,0,6.96545168189289e-09
15455,4,1,114,869,263666,0,6.15912228688821e-08
15456,4,1,123,852,339630,0,1.67885710706228e-08
15457,4,1,105,872,269404,0,1.95698072428397e-08
15458,4,1,111,894,230979,0,9.83179229247828e-09
15459,4,1,107,887,232359,0,3.60739875682562e-08
15460,4,1,99,851,203647,0,1.42158722564209e-08
15461,4,1,100,916,184174,0,1.3030931693649e-05
15462,4,1,99,929,269191,0,3.8960798250852e-08
15463,4,1,97,871,408306,0,7.47553337044344e-09
15464,4,1,109,899,335076,0,2.32682520902632e-08
15465,4,1,138,914,417234,0,8.23155542756362e-09
15466,4,1,115,889,334832,0,1.79473023981325e-08
15467,4,1,106,884,413694,0,7.37468818116038e-09
15468,4,1,85,863,370023,0,6.81869176196609e-09
15469,4,1,88,877,240724,0,9.27818825275165e-09
15470,4,1,77,875,259175,0,1.13643807880694e-08
15471,4,1,95,853,242555,0,1.14414560124658e-08
15472,4,1,106,881,298680,0,2.92253192681992e-08
15473,4,1,109,877,384213,0,9.75915471120692e-09
15474,4,1,119,835,404134,0,3.83066436588095e-08
15475,4,1,96,835,353411,0,1.80398615886298e-08
15476,4,1,93,852,456391,0,9.7612865718595e-09
15477,4,1,103,820,378062,0,7.61321290430603e-09
15478,4,1,94,876,300055,0,2.02449694299802e-07
15479,4,1,83,854,285758,0,3.85276925926946e-09
15480,4,1,76,863,252016,0,9.90027257216353e-09
15481,4,1,118,836,331905,0,1.5091826075045e-07
15482,4,1,104,835,390417,0,4.92980160367915e-09
15483,4,1,99,847,258949,0,9.20281878298657e-09
15484,4,1,131,840,237269,0,5.794906656714e-07
15485,4,1,106,843,224035,0,7.9518844685094e-09
15486,4,1,99,864,230793,0,1.00857415484598e-07
15487,4,1,93,851,277181,0,1.43670412610331e-08
15488,4,1,112,851,399526,0,2.987829457423e-07
15489,4,1,94,807,299122,0,8.71319231828693e-09
15490,4,1,82,845,311298,0,1.80649829052576e-08
15491,4,1,107,853,241859,0,3.24501517513343e-09
15492,4,1,104,813,236624,0,6.65319263660534e-09
15493,4,1,104,894,191720,0,5.76505996028805e-08
15494,4,1,103,877,241646,0,2.56348131195507e-09
15495,4,1,71,880,259109,0,8.4565220229361e-07
15496,4,1,99,865,274781,0,5.0679297627732e-07
15497,4,1,95,882,253953,0,9.85471542660437e-09
15498,4,1,101,859,250414,0,1.02522760479626e-08
15499,4,1,89,852,244710,0,8.14480165982852e-09
15500,4,1,99,875,306031,0,9.15373023758233e-07
15501,4,1,102,892,285928,0,1.5885013194784e-08
15502,4,1,94,858,249032,0,2.36871828120574e-08
15503,4,1,102,891,237933,0,5.88572923973934e-08
15504,4,1,111,870,226001,0,8.98259685503819e-08
15505,4,1,106,859,272934,0,4.82731754622192e-08
15506,4,1,104,867,327254,0,7.28023582361932e-09
15507,4,1,108,858,289642,0,5.14635787388845e-08
15508,4,1,119,833,287119,0,2.40702569431697e-08
15509,4,1,113,871,335470,0,2.00250685202504e-08
15510,4,1,96,883,387157,0,1.29226718835592e-08
15511,4,1,125,879,485263,0,1.67766461754972e-08
15512,4,1,99,918,554099,0,4.47000213318021e-08
15513,4,1,96,854,325893,0,1.26625523714172e-08
15514,4,1,97,882,308691,0,7.25380765022512e-09
15515,4,1,100,842,402977,0,3.2779374083947e-08
15516,4,1,93,908,413620,0,1.93061169226632e-07
15517,4,1,106,870,281760,0,6.78387643861238e-07
15518,4,1,115,894,248633,0,8.93785934772501e-09
15519,4,1,95,884,270442,0,3.97890516922893e-08
15520,4,1,94,885,271277,0,2.76128290963626e-08
15521,4,1,101,882,243670,0,1.01578565202044e-08
15522,4,1,114,897,278146,0,1.68221824963835e-08
15523,4,1,108,930,274478,0,3.70291751049494e-08
15524,4,1,105,893,219071,0,1.45176195279261e-08
15525,4,1,114,886,214489,0,1.92467402928768e-08
15526,4,1,114,878,235292,0,5.91744344355113e-07
15527,4,1,72,899,211932,0,6.05855547142944e-09
15528,4,1,112,902,215247,0,3.7991660729642e-09
15529,4,1,100,845,301354,0,1.32818853962141e-07
15530,4,1,79,831,350376,0,3.4069517307535e-08
15531,4,1,99,845,417560,0,2.84958968411946e-08
15532,4,1,82,882,283636,0,1.90276222168292e-08
15533,4,1,103,888,379795,0,3.80308363013334e-09
15534,4,1,117,865,359535,0,7.26670280571139e-09
15535,4,1,99,883,313993,0,1.87566755326116e-09
15536,4,1,92,910,344488,0,1.12763941542843e-08
15537,4,1,92,827,335090,0,9.05860955531276e-09
15538,4,1,115,886,347436,0,4.09248234273235e-08
15539,4,1,112,874,347791,0,2.80561340300505e-08
15540,4,1,112,901,264799,0,1.20291754013834e-08
15541,4,1,102,861,220146,0,1.43722636853137e-08
15542,4,1,84,861,324709,0,7.8271669165032e-08
15543,4,1,132,841,367455,0,5.3024127379244e-08
15544,4,1,111,868,218209,0,5.17101425917432e-08
15545,4,1,110,847,239973,0,4.03707926990561e-08
15546,4,1,110,836,185536,0,7.98034815259762e-08
15547,4,1,104,836,167020,0,4.67875983289579e-09
15548,4,1,107,854,248946,0,8.22150667714841e-08
15549,4,1,95,841,175426,0,6.81675242556068e-09
15550,4,1,102,869,233997,0,1.86465351078512e-08
15551,4,1,90,882,201578,0,1.15377146572415e-08
15552,4,1,134,879,181554,0,1.43019411118457e-08
15553,4,1,102,916,179923,0,7.28931018517378e-08
15554,4,1,123,877,230962,0,1.81060122617003e-09
15555,4,1,99,877,287253,0,1.68128797293109e-08
15556,4,1,90,840,274220,0,2.8945291314143e-08
15557,4,1,109,858,192491,0,7.88989930011814e-09
15558,4,1,119,881,168893,0,1.39083362061057e-08
15559,4,1,106,868,178447,0,2.41984192947233e-07
15560,4,1,128,880,192331,0,2.16525828404224e-08
15561,4,1,98,868,184204,0,1.24150754437022e-08
15562,4,1,101,848,209063,0,9.49135697122159e-09
15563,4,1,98,851,212053,0,6.44518463066397e-06
15564,4,1,95,902,201128,0,4.18359258426878e-09
15565,4,1,90,864,175990,0,4.99580118095351e-08
15566,4,1,88,871,221837,0,1.03169791810819e-07
15567,4,1,103,879,263530,0,2.09305682313285e-07
15568,4,1,116,892,241906,0,6.35633140219833e-08
15569,4,1,112,884,198867,0,9.85416121311718e-09
15570,4,1,86,887,212218,0,5.64552030307789e-08
15571,4,1,98,896,272060,0,4.45292937838904e-08
15572,4,1,105,833,186606,0,1.51959831017226e-07
15573,4,1,102,898,160603,0,6.98547059380573e-08
15574,4,1,127,954,174608,0,4.34990117757132e-07
15575,4,1,118,893,205685,0,8.49911464157318e-08
15576,4,1,93,880,174736,0,1.56280640872813e-07
15577,4,1,108,879,191523,0,1.13611757059564e-07
15578,4,1,92,956,144059,0,6.36302241652894e-08
15579,4,1,80,896,163425,0,3.95979266891418e-08
15580,4,1,100,882,162288,0,2.78949237713088e-09
15581,4,1,132,864,293045,0,8.45912067867938e-09
15582,4,1,127,938,226773,0,2.4131895881838e-08
15583,4,1,83,863,164205,0,4.82358517111757e-08
15584,4,1,123,874,170754,0,8.22397762241005e-09
15585,4,1,114,884,146672,0,8.17601914836698e-08
15586,4,1,116,895,164714,0,1.35301321977048e-07
15587,4,1,104,855,203470,0,2.34612014771333e-08
15588,4,1,113,931,159747,0,3.35302282938027e-07
15589,4,1,104,915,178476,0,1.97890160219244e-08
15590,4,1,88,904,170334,0,1.57781738831349e-08
15591,4,1,96,921,200444,0,1.06289907516909e-08
15592,4,1,111,895,262000,0,3.88084746308206e-09
15593,4,1,78,865,204843,0,7.04582441866001e-09
15594,4,1,117,878,270163,0,6.58776026108327e-09
15595,4,1,115,869,257289,0,3.81322313057136e-08
15596,4,1,110,870,215964,0,4.62560451503465e-08
15597,4,1,100,913,209599,0,1.86806911316238e-07
15598,4,1,110,881,217359,0,1.64599612745323e-08
15599,4,1,99,873,193364,0,2.94518949770397e-08
15600,4,1,106,885,250258,0,8.88419113903142e-09
15601,4,1,105,855,196952,0,2.84455608194778e-09
15602,4,1,104,876,224700,0,4.54043471385894e-09
15603,4,1,90,917,261715,0,1.17444300080979e-08
15604,4,1,95,886,255422,0,5.64640696135738e-09
15605,4,1,103,891,284057,0,1.5251289620264e-06
15606,4,1,92,888,248526,0,3.37462478657514e-08
15607,4,1,89,921,263689,0,6.98895477258838e-08
15608,4,1,92,881,224751,0,3.24537683858155e-08
15609,4,1,94,885,234910,0,2.17118193372888e-08
15610,4,1,109,876,198329,0,1.01761171808416e-08
15611,4,1,100,908,154262,0,1.4309869231966e-08
15612,4,1,90,900,180570,0,3.68569834282874e-09
15613,4,1,109,873,258877,0,1.00446377658219e-07
15614,4,1,92,881,211029,0,2.54814714452976e-09
15615,4,1,94,841,159639,0,7.3201048159499e-09
15616,4,1,85,912,158714,0,5.03476758928013e-09
15617,4,1,99,877,200165,0,4.10107436851647e-08
15618,4,1,131,884,347541,0,2.09262814198757e-09
15619,4,1,113,887,244727,0,9.56361313094885e-09
15620,4,1,115,888,293326,0,6.97841909909584e-09
15621,4,1,86,894,232607,0,1.64391468378503e-08
15622,4,1,107,842,268423,0,8.66522520952156e-07
15623,4,1,102,866,247301,0,1.47224741759762e-07
15624,4,1,99,890,261703,0,7.77403984157183e-09
15625,4,1,90,893,322484,0,9.52414595141634e-09
15626,4,1,121,854,387789,0,7.73364171611794e-08
15627,4,1,102,860,434478,0,1.35764064821612e-08
15628,4,1,108,872,446128,0,1.48206124726352e-08
15629,4,1,97,930,270118,0,6.65889485034264e-09
15630,4,1,96,836,273213,0,2.57718349016155e-06
15631,4,1,105,837,303834,0,1.41341899972599e-08
15632,4,1,125,871,319372,0,1.03458104374261e-08
15633,4,1,111,919,376706,0,3.75835100427183e-08
15634,4,1,118,926,520291,0,2.99482755965618e-09
15635,4,1,111,941,400778,0,9.26034450119437e-09
15636,4,1,117,905,322693,0,6.93394796453441e-08
15637,4,1,91,887,338329,0,2.74931003326219e-07
15638,4,1,70,922,338163,0,1.07524496086103e-07
15639,4,1,123,916,344223,0,4.22788490771642e-08
15640,4,1,89,939,261154,0,4.26088292685259e-08
15641,4,1,104,893,286971,0,6.09843954937068e-08
15642,4,1,99,892,312063,0,7.12608022326914e-09
15643,4,1,115,872,326193,0,6.54176881895683e-08
15644,4,1,83,894,308204,0,1.73318161716526e-08
15645,4,1,113,866,322079,0,6.57957564258787e-09
15646,4,1,115,812,320331,0,6.74497131187341e-07
15647,4,1,97,881,293216,0,5.3164736429169e-09
15648,4,1,96,881,296672,0,2.73320963091858e-09
15649,4,1,95,879,264740,0,5.51159383719185e-08
15650,4,1,85,878,250521,0,3.1882340152725e-08
15651,4,1,104,874,273360,0,1.03564090501345e-08
15652,4,1,124,846,243366,0,1.4789512160752e-08
15653,4,1,124,856,296238,0,5.40034325025182e-09
15654,4,1,128,844,342369,0,1.34686947803911e-07
15655,4,1,140,874,334808,0,1.8399615332047e-08
15656,4,1,126,877,268058,0,5.83760009353112e-08
15657,4,1,115,891,234198,0,1.28478647898374e-08
15658,4,1,123,909,289075,0,2.58223606253602e-08
15659,4,1,122,901,276352,0,2.64117050657615e-08
15660,4,1,112,862,309526,0,5.76175110717874e-08
15661,4,1,111,877,307681,0,1.16490610567524e-08
15662,4,1,101,867,248413,0,1.4127369274989e-08
15663,4,1,129,904,337194,0,3.66965124606931e-08
15664,4,1,111,870,387412,0,7.57127934149182e-09
15665,4,1,98,897,397348,0,1.74179629039043e-08
15666,4,1,102,867,456001,0,2.46108668704734e-08
15667,4,1,90,888,347773,0,2.15148857208237e-08
15668,4,1,106,906,373718,0,1.02489660268451e-07
15669,4,1,109,860,498206,0,1.86829732745337e-08
15670,4,1,101,871,396042,0,6.1229892287842e-08
15671,4,1,95,877,391451,0,5.43332076733144e-08
15672,4,1,92,878,523292,0,5.59892827725561e-08
15673,4,1,87,864,454085,0,2.59124559920696e-07
15674,4,1,102,849,402968,0,2.58353706853726e-07
15675,4,1,107,869,373371,0,8.98494292684114e-09
15676,4,1,110,899,376465,0,4.52478019529479e-08
15677,4,1,99,881,408409,0,2.57275839505527e-07
15678,4,1,98,913,437328,0,9.28315451807317e-09
15679,4,1,132,877,413883,0,7.07011734491364e-09
15680,4,1,124,879,355110,0,1.46105146374583e-08
15681,4,1,140,888,368618,0,6.11056363300958e-09
15682,4,1,100,885,373785,0,3.18683057737644e-08
15683,4,1,124,882,380807,0,5.02957928917533e-08
15684,4,1,128,883,306141,0,1.40542968410739e-08
15685,4,1,124,871,435071,0,1.35076602027853e-08
15686,4,1,111,878,345675,0,1.81367082754003e-08
15687,4,1,111,872,268905,0,2.18248017643116e-08
15688,4,1,98,908,298935,0,3.67213259470667e-09
15689,4,1,126,919,310021,0,1.48654825940195e-08
15690,4,1,104,892,362362,0,8.06673535873844e-09
15691,4,1,111,877,472064,0,1.25021125760668e-07
15692,4,1,99,891,608171,0,1.04470621889322e-07
15693,4,1,100,886,500253,0,5.93812427460257e-09
15694,4,1,100,889,383163,0,6.89891033772376e-09
15695,4,1,111,884,302355,0,1.51049031780867e-08
15696,4,1,97,875,285569,0,7.26848371830932e-09
15697,4,1,104,891,246614,0,1.16631820390686e-08
15698,4,1,110,884,255313,0,1.35651425057245e-08
15699,4,1,106,904,355471,0,8.75141416599715e-09
15700,4,1,85,853,305704,0,1.81521387672772e-08
15701,4,1,82,851,267184,0,5.14792182635548e-08
15702,4,1,93,888,331918,0,1.41435873811657e-08
15703,4,1,92,913,337601,0,3.06875315588177e-08
15704,4,1,88,863,298592,0,6.11990944368537e-09
15705,4,1,100,877,289667,0,6.35525860395559e-08
15706,4,1,108,911,332609,0,1.55573346360364e-07
15707,4,1,83,858,280558,0,1.45584089284526e-08
15708,4,1,108,854,251938,0,1.09116601367764e-08
15709,4,1,108,869,271338,0,5.20558720774495e-09
15710,4,1,118,899,273472,0,1.37598677189276e-08
15711,4,1,105,834,234484,0,7.57705449892488e-09
15712,4,1,91,867,262976,0,1.31942279640229e-08
15713,4,1,100,894,309677,0,1.44691181786174e-08
15714,4,1,122,831,344164,0,4.19645451789687e-08
15715,4,1,95,862,388838,0,1.24687486401018e-08
15716,4,1,103,864,352069,0,6.59531468227449e-09
15717,4,1,123,837,400894,0,9.62000312669434e-08
15718,4,1,110,862,834392,0,8.30282448908032e-09
15719,4,1,104,883,616823,0,1.4053540811725e-07
15720,4,1,116,876,491529,0,2.37952937461024e-08
15721,4,1,99,888,503883,0,3.42779378000777e-08
15722,4,1,109,869,464747,0,6.06780598504917e-09
15723,4,1,130,875,390323,0,3.24041172485586e-09
15724,4,1,131,909,561991,0,3.00314120372265e-08
15725,4,1,130,897,483230,0,4.36016529934992e-09
15726,4,1,113,922,576262,0,6.54035147989017e-08
15727,4,1,99,873,747157,0,2.35458592969125e-08
15728,4,1,104,859,484249,0,6.25851077231865e-08
15729,4,1,122,902,622396,0,9.63978020385773e-09
15730,4,1,112,889,566188,0,5.73599914029739e-09
15731,4,1,116,851,557859,0,1.82406990843544e-08
15732,4,1,101,887,556087,0,1.82842446613753e-08
15733,4,1,104,873,529834,0,1.57748283307567e-08
15734,4,1,116,864,522938,0,6.60788328858986e-07
15735,4,1,129,898,549389,0,5.00608361820441e-08
15736,4,1,124,904,512779,0,1.94644308596987e-08
15737,4,1,111,858,470255,0,2.25881802809072e-08
15738,4,1,109,873,562662,0,3.86585332217792e-09
15739,4,1,121,890,500894,0,7.57595656273881e-09
15740,4,1,110,867,614311,0,3.60991854966098e-07
15741,4,1,101,885,641973,0,4.5614162337409e-09
15742,4,1,115,870,646559,0,1.24423347851976e-08
15743,4,1,98,858,693071,0,2.47373591221201e-08
15744,4,1,105,865,642888,0,8.12757474422647e-07
15745,4,1,128,881,536630,0,4.3821885562949e-08
15746,4,1,111,879,386355,0,2.02272057414827e-08
15747,4,1,99,869,494235,0,5.08039728587163e-09
15748,4,1,118,861,603655,0,1.18276789601477e-07
15749,4,1,125,873,249184,0,4.84957275798931e-07
15750,4,1,102,881,209629,0,6.03260761824123e-09
15751,4,1,136,824,360259,0,9.44397669650594e-08
15752,4,1,124,844,426719,0,1.01565311643524e-07
15753,4,1,114,938,459543,0,6.44582151731167e-09
15754,4,1,107,862,493438,0,5.27157021397846e-07
15755,4,1,90,846,425849,0,2.37240886886537e-08
15756,4,1,98,873,251759,0,1.03029373957055e-07
15757,4,1,114,877,288666,0,1.94265279458422e-08
15758,4,1,76,873,274956,0,3.81164624649506e-07
15759,4,1,93,875,254601,0,4.27117947576131e-09
15760,4,1,100,809,291826,0,1.79123700260553e-08
15761,4,1,103,830,225596,0,9.75808945276877e-09
15762,4,1,95,854,213353,0,3.75556676865982e-08
15763,4,1,96,855,220711,0,3.47178432988115e-08
15764,4,1,113,869,261525,0,1.28581293502153e-08
15765,4,1,88,866,269355,0,9.59800727561352e-07
15766,4,1,97,820,294998,0,2.62120892549042e-08
15767,4,1,101,805,299887,0,7.0853220331388e-08
15768,4,1,92,848,294367,0,2.48236994171346e-07
15769,4,1,103,847,281602,0,2.29242054658403e-08
15770,4,1,104,835,268884,0,5.22658366422939e-07
15771,4,1,120,875,223061,0,2.06145004782266e-08
15772,4,1,101,861,215714,0,8.13268481190613e-08
15773,4,1,91,840,180874,0,1.9226052727135e-07
15774,4,1,99,862,281861,0,6.17103935493167e-08
15775,4,1,72,836,307945,0,4.04360629493879e-08
15776,4,1,108,867,296341,0,5.71814671095921e-07
15777,4,1,95,856,366490,0,5.91144809068376e-07
15778,4,1,88,868,261925,0,2.88551660812546e-09
15779,4,1,79,834,306400,0,3.63754282174858e-08
15780,4,1,95,867,285567,0,7.97072060242544e-09
15781,4,1,93,854,208903,0,7.28733006578001e-08
15782,4,1,110,895,205513,0,3.58565766153282e-08
15783,4,1,111,853,182364,0,9.30024444107912e-08
15784,4,1,113,865,186169,0,9.01981616241622e-09
15785,4,1,92,882,178152,0,2.63086991562335e-08
15786,4,1,102,840,230494,0,3.33587497274238e-08
15787,4,1,102,852,272250,0,1.79377062913688e-08
15788,4,1,110,872,403624,0,1.07722927514938e-08
15789,4,1,85,850,418137,0,3.1558801136399e-08
15790,4,1,95,875,370231,0,2.82894776185454e-08
15791,4,1,108,893,521856,0,3.21882499238638e-08
15792,4,1,87,865,431588,0,8.19339080069567e-09
15793,4,1,100,913,269328,0,2.63035899648568e-08
15794,4,1,100,893,384304,0,9.97715730774325e-08
15795,4,1,102,847,283693,0,5.37661788923189e-09
15796,4,1,102,848,255700,0,9.48083899980306e-09
15797,4,1,93,875,285581,0,2.94793971822265e-07
15798,4,1,88,838,281937,0,1.42195711861908e-08
15799,4,1,102,917,281913,0,6.10436125593537e-08
15800,4,1,135,873,338208,0,4.98464911511521e-09
15801,4,1,115,894,298097,0,9.34094008079340e-09
15802,4,1,99,794,357917,0,1.18377911822541e-08
15803,4,1,95,839,402270,0,6.15799754549159e-09
15804,4,1,73,842,278840,0,7.98755087733219e-09
15805,4,1,100,835,362981,0,5.60758881208994e-07
15806,4,1,105,872,315757,0,2.40647441007916e-08
15807,4,1,101,845,255973,0,6.23289072644159e-09
15808,4,1,101,897,316086,0,1.47777113663109e-06
15809,4,1,105,911,270412,0,8.93990867662156e-08
15810,4,1,103,881,342421,0,9.49349580500988e-09
15811,4,1,115,860,377779,0,1.18610768128546e-08
15812,4,1,102,859,313223,0,9.57092216922896e-07
15813,4,1,85,883,302505,0,1.96920130637427e-08
15814,4,1,98,853,283971,0,9.98713909962096e-09
15815,4,1,114,898,337323,0,2.36946075084832e-09
15816,4,1,107,894,290086,0,1.78734666111039e-07
15817,4,1,121,847,275813,0,4.25981125398862e-08
15818,4,1,123,879,398541,0,7.20157469185032e-08
15819,4,1,118,882,271316,0,1.80908451331832e-07
15820,4,1,102,882,220457,0,4.93762210828881e-08
15821,4,1,87,871,241259,0,2.16143274451248e-07
15822,4,1,101,873,276246,0,1.01473967140389e-07
15823,4,1,90,869,387665,0,5.12121430921727e-09
15824,4,1,108,860,352433,0,7.45883877258198e-09
15825,4,1,73,884,341699,0,1.30891148322745e-07
15826,4,1,106,830,448510,0,7.71750985088184e-08
15827,4,1,82,849,293576,0,9.80698456977882e-09
15828,4,1,110,855,259712,0,7.40627984693419e-08
15829,4,1,90,870,246255,0,4.27966220187481e-08
15830,4,1,104,809,303817,0,9.72964129256336e-09
15831,4,1,80,870,309431,0,2.18785261885751e-08
15832,4,1,100,839,343491,0,8.96717144640848e-08
15833,4,1,97,880,409266,0,2.2342938466896e-08
15834,4,1,84,842,455742,0,2.60544235915542e-07
15835,4,1,99,880,571370,0,5.15640870794843e-08
15836,4,1,111,904,604969,0,2.08003070842062e-08
15837,4,1,111,868,437581,0,3.00783656917921e-08
15838,4,1,111,848,356098,0,5.45731089227919e-08
15839,4,1,104,808,337334,0,5.79486965303834e-09
15840,4,1,124,856,329153,0,2.64983035409031e-08
15841,4,1,94,840,444519,0,1.3347024246845e-08
15842,4,1,108,869,500701,0,4.18029525746429e-07
15843,4,1,105,887,669152,0,1.10497200055702e-07
15844,4,1,113,842,539168,0,2.46104870357368e-06
15845,4,1,108,895,404815,0,9.57394320156018e-09
15846,4,1,109,864,327820,0,6.50192789184954e-09
15847,4,1,108,861,370869,0,6.08804310583630e-09
15848,4,1,89,880,367189,0,1.85477226370033e-08
15849,4,1,105,841,386755,0,2.37561693088115e-08
15850,4,1,116,866,326325,0,7.95418803370244e-08
15851,4,1,103,888,824434,0,8.85627312965743e-08
15852,4,1,116,896,747796,0,1.15329105444983e-07
15853,4,1,104,849,530265,0,6.1591353565966e-07
15854,4,1,128,869,463965,0,3.06496577086739e-08
15855,4,1,110,819,544847,0,3.09473358501633e-08
15856,4,1,90,857,406123,0,1.84963287127168e-08
15857,4,1,104,834,392770,0,1.9095787190498e-08
15858,4,1,94,850,347687,0,7.51173182044475e-09
15859,4,1,111,892,301532,0,1.05106465899272e-08
15860,4,1,92,849,305262,0,2.53349362430829e-08
15861,4,1,115,861,346283,0,1.10482233369881e-08
15862,4,1,100,919,444254,0,9.68606491587198e-08
15863,4,1,90,837,496505,0,4.11312183440532e-09
15864,4,1,123,913,356418,0,1.16992402225446e-07
15865,4,1,115,837,281803,0,6.79527927711426e-09
15866,4,1,115,858,323787,0,1.20057052377218e-07
15867,4,1,102,862,335176,0,1.52436976318196e-08
15868,4,1,102,838,447783,0,2.4827550832101e-08
15869,4,1,95,852,473904,0,1.96742265107337e-08
15870,4,1,85,853,490340,0,2.5457130022783e-08
15871,4,1,94,875,520909,0,3.96977266808268e-08
15872,4,1,127,848,489980,0,2.82491778251665e-08
15873,4,1,114,859,515632,0,7.13520525918381e-08
15874,4,1,111,870,374693,0,1.67312197836754e-07
15875,4,1,93,877,273059,0,6.55662207761549e-08
15876,4,1,99,857,260539,0,1.67057738949624e-08
15877,4,1,96,854,304765,0,6.78377675154154e-09
15878,4,1,108,827,318540,0,2.57155903964969e-09
15879,4,1,104,875,321255,0,1.1975491673553e-08
15880,4,1,89,828,313064,0,7.27943149910988e-09
15881,4,1,99,789,344232,0,3.43164260281563e-08
15882,4,1,104,863,308221,0,1.36049001943964e-07
15883,4,1,113,880,370848,0,5.66740567673713e-07
15884,4,1,101,850,392282,0,2.20267298932939e-08
15885,4,1,136,808,448979,0,5.95880503757078e-08
15886,4,1,113,847,266422,0,1.00901597492696e-08
15887,4,1,101,841,268160,0,1.2843491618545e-06
15888,4,1,102,858,343473,0,1.90622009043163e-08
15889,4,1,104,860,398556,0,5.96414754390887e-08
15890,4,1,105,834,529857,0,7.243135716357e-07
15891,4,1,112,788,490724,0,6.90461496139326e-08
15892,4,1,101,820,743454,0,1.09908121405927e-07
15893,4,1,122,869,621418,0,1.26897231719645e-08
15894,4,1,94,824,1253565,0,9.55398660819494e-08
15895,4,1,100,816,1455866,0,2.46064680198804e-08
15896,4,1,103,818,1178111,0,2.01662031514166e-08
15897,4,1,106,860,839540,0,1.52920413564633e-08
15898,4,1,132,842,903456,0,3.64785821939296e-08
15899,4,1,106,825,1201683,0,1.38105542202429e-07
15900,4,1,113,852,1205996,0,1.17295441811266e-07
15901,4,1,79,821,874873,0,1.50648823908301e-07
15902,4,1,91,883,903725,0,2.2312803044705e-07
15903,4,1,118,858,728902,0,1.3175356913603e-08
15904,4,1,105,863,450416,0,1.34809591523356e-08
15905,4,1,79,848,498596,0,1.41108644015564e-08
15906,4,1,93,839,584572,0,1.15970334333144e-06
15907,4,1,117,850,534448,0,1.12241532672165e-08
15908,4,1,99,848,370326,0,2.32487193647295e-08
15909,4,1,108,833,369094,0,1.01376918088087e-07
15910,4,1,107,850,413691,0,2.98770151247526e-08
15911,4,1,86,825,537830,0,5.18513569577173e-09
15912,4,1,117,848,380397,0,7.74590835988081e-08
15913,4,1,115,798,387237,0,4.07966659464878e-08
15914,4,1,93,842,617935,0,4.781315375097e-07
15915,4,1,113,831,526571,0,1.74924025534097e-08
15916,4,1,92,846,843212,0,1.451553527293e-08
15917,4,1,110,801,677984,0,1.75768796488086e-08
15918,4,1,102,817,523822,0,6.20509495556975e-08
15919,4,1,117,821,283159,0,1.02466677195243e-08
15920,4,1,103,854,487940,0,3.56821514392713e-09
15921,4,1,114,846,438793,0,5.23234924307494e-06
15922,4,1,97,791,412710,0,1.56572169305077e-07
15923,4,1,99,832,430672,0,1.04778570774256e-07
15924,4,1,111,826,372998,0,8.19615224271326e-08
15925,4,1,100,831,469805,0,5.07193071599417e-09
15926,4,1,107,823,341088,0,9.30636916338871e-09
15927,4,1,86,822,478869,0,4.33494319378316e-08
15928,4,1,93,841,519976,0,3.56404856409598e-07
15929,4,1,97,816,441469,0,3.90138968597333e-08
15930,4,1,92,828,328344,0,2.44635975466382e-07
15931,4,1,88,855,405189,0,1.02952391434024e-08
15932,4,1,101,833,418801,0,7.63881076649371e-09
15933,4,1,91,827,438199,0,2.26265910618579e-08
15934,4,1,102,838,360646,0,5.58759455745629e-09
15935,4,1,110,889,297863,0,1.01371315356413e-07
15936,4,1,108,834,315514,0,5.56927998167847e-08
15937,4,1,113,871,483784,0,2.12383751230054e-08
15938,4,1,104,841,473235,0,5.71793960096642e-07
15939,4,1,113,842,426585,0,2.83529060425866e-08
15940,4,1,107,859,391093,0,2.40750374140202e-08
15941,4,1,105,911,392259,0,4.21243580856607e-08
15942,4,1,104,849,383565,0,7.33246830084208e-09
15943,4,1,98,913,251428,0,2.94647641801478e-08
15944,4,1,121,872,341696,0,3.49009129547258e-09
15945,4,1,117,897,309741,0,6.28030947362663e-09
15946,4,1,92,862,291800,0,1.344095770169e-08
15947,4,1,89,833,349581,0,1.36075042792582e-08
15948,4,1,87,867,441387,0,6.92334344073811e-08
15949,4,1,105,843,260199,0,3.88652889527798e-08
15950,4,1,122,868,289626,0,2.44431836625347e-08
15951,4,1,119,853,326332,0,8.36843189290232e-08
15952,4,1,96,895,419764,0,4.99123926079445e-08
15953,4,1,111,823,359783,0,2.69889281143315e-07
15954,4,1,115,888,291594,0,1.00583183099543e-08
15955,4,1,128,921,398981,0,9.66393334552161e-09
15956,4,1,87,876,307311,0,5.97818474084763e-08
15957,4,1,103,889,302779,0,1.52413568713517e-08
15958,4,1,102,867,297348,0,8.66585322767299e-08
15959,4,1,100,832,189619,0,6.89777681954282e-08
15960,4,1,105,844,296233,0,9.37140917807953e-08
15961,4,1,93,869,319028,0,3.32574940025533e-08
15962,4,1,90,863,305487,0,5.78781586722823e-09
15963,4,1,95,839,431392,0,6.88502450972214e-09
15964,4,1,81,840,360559,0,1.10313610442444e-07
15965,4,1,107,892,330203,0,3.27216957772721e-06
15966,4,1,111,878,304801,0,4.12163537368099e-09
15967,4,1,118,869,268161,0,1.3392682056603e-07
15968,4,1,103,876,236321,0,2.40693926355397e-06
15969,4,1,124,891,243912,0,2.2967179942147e-08
15970,4,1,95,889,312032,0,4.40005440716333e-08
15971,4,1,106,847,302568,0,2.50517639340975e-08
15972,4,1,77,838,276090,0,1.80953987122579e-06
15973,4,1,105,859,236230,0,5.27864944273289e-09
15974,4,1,87,876,244950,0,7.87982386133808e-08
15975,4,1,107,851,227502,0,1.07953375828849e-08
15976,4,1,133,835,257198,0,2.79923488473646e-08
15977,4,1,108,814,247200,0,5.39338698162372e-09
15978,4,1,110,842,197024,0,5.51179933091128e-07
15979,4,1,99,833,219889,0,4.63527717433996e-09
15980,4,1,88,866,202583,0,2.16692303097621e-09
15981,4,1,94,875,241309,0,3.10413522635182e-07
15982,4,1,100,867,246563,0,3.83454166392749e-07
15983,4,1,92,909,214284,0,5.86866013323303e-09
15984,4,1,97,833,265294,0,3.12149558927506e-08
15985,4,1,104,879,300013,0,1.9850926157682e-08
15986,4,1,104,849,350703,0,9.03026007167347e-08
15987,4,1,108,869,280656,0,1.1300362177028e-07
15988,4,1,97,898,195875,0,3.57370772281235e-07
15989,4,1,92,841,202796,0,1.0166487217087e-08
15990,4,1,114,886,232891,0,1.85803556800519e-08
15991,4,1,97,882,244135,0,8.14824642770609e-09
15992,4,1,128,824,295796,0,6.57051022706257e-09
15993,4,1,101,838,252839,0,1.48198915871667e-08
15994,4,1,112,834,273041,0,2.40072639307219e-05
15995,4,1,118,887,299894,0,8.06342480546977e-09
15996,4,1,112,851,288224,0,1.3157071531311e-08
15997,4,1,105,879,209326,0,5.96138029309934e-09
15998,4,1,111,872,183619,0,5.86992778096632e-09
15999,4,1,134,853,217501,0,1.94086564650493e-07
16000,4,1,128,829,169545,0,2.48674012952933e-08
16001,4,1,109,838,166037,0,8.31405750023813e-09
16002,4,1,105,884,225255,0,4.18445616409019e-09
16003,4,1,73,866,211876,0,1.58051401818516e-08
16004,4,1,91,846,236046,0,8.29559819686285e-08
16005,4,1,87,881,275448,0,3.74252539674728e-08
16006,4,1,96,840,264195,0,4.51668965945837e-08
16007,4,1,106,864,226250,0,6.59211260799647e-09
16008,4,1,90,892,212313,0,1.09627431815269e-08
16009,4,1,111,879,223428,0,7.19560291336045e-09
16010,4,1,109,855,209960,0,5.78175638602968e-09
16011,4,1,88,831,241928,0,1.56955652644503e-08
16012,4,1,111,854,240322,0,8.17660836276076e-09
16013,4,1,86,906,179181,0,2.39115323027405e-07
16014,4,1,109,888,179004,0,4.09852310939089e-08
16015,4,1,101,883,183013,0,5.13354441881957e-09
16016,4,1,108,852,182221,0,2.74493339883303e-08
16017,4,1,105,824,191305,0,5.30814051866784e-08
16018,4,1,83,861,166226,0,1.64892552460693e-08
16019,4,1,87,856,162898,0,5.40248782330345e-08
16020,4,1,109,820,187924,0,1.41085856833155e-07
16021,4,1,77,885,181706,0,2.18086469675989e-08
16022,4,1,80,889,178750,0,4.61225732562189e-07
16023,4,1,85,864,149307,0,1.29430587731603e-08
16024,4,1,76,864,175652,0,6.2561483344903e-09
16025,4,1,102,901,246988,0,2.78528864809367e-08
16026,4,1,105,831,198885,0,1.03628852181069e-08
16027,4,1,95,881,224260,0,1.99985144729646e-08
16028,4,1,112,857,236881,0,7.35069162950366e-08
16029,4,1,101,879,367929,0,1.44151440925858e-08
16030,4,1,106,864,366681,0,1.04741592271408e-08
16031,4,1,97,848,358895,0,1.73174047931223e-08
16032,4,1,81,856,350634,0,1.42117278572759e-08
16033,4,1,72,826,264385,0,8.32087813664224e-09
16034,4,1,83,823,242781,0,1.49095742333199e-08
16035,4,1,86,834,250287,0,2.22029916993559e-08
16036,4,1,87,858,276214,0,6.98913884313139e-09
16037,4,1,104,866,255501,0,1.55767508981234e-08
16038,4,1,115,872,224416,0,7.70933349934392e-09
16039,4,1,98,858,244677,0,2.89545429950563e-09
16040,4,1,122,870,236494,0,1.16686301838169e-08
16041,4,1,97,849,257284,0,1.28616202422341e-08
16042,4,1,98,876,178643,0,1.68038256538623e-08
16043,4,1,92,872,181000,0,1.92547742428675e-08
16044,4,1,98,871,203509,0,1.83347672144967e-08
16045,4,1,89,880,265874,0,3.0923748590054e-08
16046,4,1,109,844,252573,0,2.13510391153679e-07
16047,4,1,126,862,300160,0,2.20053474487116e-07
16048,4,1,100,854,267542,0,1.71097210261503e-08
16049,4,1,94,883,393480,0,4.59029612025637e-09
16050,4,1,99,885,614680,0,3.40118994579683e-08
16051,4,1,112,904,416237,0,7.63541161510269e-08
16052,4,1,104,842,286101,0,4.00137883874546e-07
16053,4,1,94,853,370620,0,9.07795106976232e-09
16054,4,1,81,857,372216,0,1.66204673716958e-07
16055,4,1,100,849,318493,0,3.93568413169542e-08
16056,4,1,92,866,269082,0,1.29447829896392e-08
16057,4,1,83,842,397176,0,4.42319184545551e-09
16058,4,1,101,808,321635,0,3.76922466726492e-09
16059,4,1,87,830,530888,0,5.87735962948878e-09
16060,4,1,105,834,319584,0,1.7015038764222e-07
16061,4,1,117,840,313008,0,6.63762497468371e-08
16062,4,1,82,843,353409,0,7.85433651861305e-08
16063,4,1,94,922,349388,0,2.19499930031159e-08
16064,4,1,115,851,243390,0,2.71110164006873e-09
16065,4,1,100,868,309741,0,3.14749694615736e-08
16066,4,1,102,826,302193,0,2.16341215896412e-07
16067,4,1,104,860,348213,0,1.50834156645176e-08
16068,4,1,104,869,318307,0,1.55128189144567e-08
16069,4,1,96,826,320941,0,9.36671450243797e-09
16070,4,1,96,819,299343,0,2.20258237673204e-08
16071,4,1,84,811,207959,0,2.49708743623856e-08
16072,4,1,90,890,244706,0,2.00278162039728e-08
16073,4,1,69,806,282892,0,6.32824059247119e-08
16074,4,1,89,838,219938,0,1.60422089952617e-08
16075,4,1,88,892,261131,0,7.56695374991471e-09
16076,4,1,64,883,283983,0,5.37848623487507e-09
16077,4,1,83,889,263511,0,1.61165081256155e-08
16078,4,1,79,848,278116,0,1.65757382770557e-07
16079,4,1,95,839,376500,0,1.76976802751541e-07
16080,4,1,86,851,527271,0,3.61013850387273e-08
16081,4,1,113,845,739598,0,7.45352932485202e-09
16082,4,1,107,836,408463,0,4.95183309334677e-08
16083,4,1,82,873,316437,0,4.78491911991094e-08
16084,4,1,87,844,386565,0,1.4012785685812e-08
16085,4,1,98,866,307358,0,6.66942187549789e-09
16086,4,1,100,831,223931,0,5.33398185929796e-08
16087,4,1,115,867,317630,0,3.70180613971133e-07
16088,4,1,93,872,301914,0,2.10786651786914e-08
16089,4,1,116,860,310576,0,2.43097221395284e-07
16090,4,1,103,862,292724,0,1.93933658339596e-08
16091,4,1,95,840,248205,0,5.36604434163335e-09
16092,4,1,103,845,238365,0,1.39438897865845e-08
16093,4,1,78,833,273129,0,7.68113202168958e-09
16094,4,1,88,840,269635,0,4.19047130556275e-08
16095,4,1,111,842,261636,0,7.61177686630369e-09
16096,4,1,115,855,331151,0,6.67999930684137e-08
16097,4,1,123,850,214412,0,8.4927832539432e-08
16098,4,1,109,885,287842,0,1.17490313589603e-07
16099,4,1,103,868,299939,0,8.32176274774199e-09
16100,4,1,90,893,262601,0,6.52811905837466e-09
16101,4,1,94,865,232726,0,2.20108149969392e-07
16102,4,1,100,820,232252,0,1.35649412683433e-08
16103,4,1,129,846,268064,0,5.53873098857759e-09
16104,4,1,121,858,251340,0,1.70660278818875e-08
16105,4,1,116,853,183898,0,3.1353592168968e-08
16106,4,1,129,858,180229,0,6.1419555457258e-09
16107,4,1,86,869,220754,0,4.48847805930051e-09
16108,4,1,105,867,285582,0,8.17629574684217e-09
16109,4,1,101,857,402380,0,2.892207831427e-08
16110,4,1,93,886,379749,0,3.1823565288698e-07
16111,4,1,103,886,653917,0,9.70356253491433e-08
16112,4,1,92,835,406236,0,1.35008883733619e-08
16113,4,1,127,899,368770,0,5.61672159040834e-09
16114,4,1,96,884,241585,0,2.50488149204067e-08
16115,4,1,116,850,264108,0,5.38992394282825e-09
16116,4,1,94,912,283683,0,5.56294137563112e-09
16117,4,1,106,904,218100,0,1.72659954159368e-08
16118,4,1,104,901,239117,0,1.52907914945278e-08
16119,4,1,109,873,243479,0,1.51202775157086e-07
16120,4,1,80,813,295811,0,8.50227354579888e-07
16121,4,1,128,815,318116,0,6.76435562159581e-08
16122,4,1,101,846,262505,0,1.54187624276608e-07
16123,4,1,84,883,227657,0,4.25213660760092e-09
16124,4,1,96,857,165783,0,1.91934959197497e-08
16125,4,1,93,829,184278,0,1.3930324240995e-08
16126,4,1,94,884,181187,0,1.22190794245964e-08
16127,4,1,108,874,199289,0,8.74390976588006e-09
16128,4,1,95,834,119835,0,1.55107825327841e-08
16129,4,1,123,857,187184,0,8.1266890713391e-08
16130,4,1,109,871,181202,0,1.29854427085509e-08
16131,4,1,87,872,175991,0,9.95190735988685e-09
16132,4,1,91,870,163682,0,1.03312175081921e-07
16133,4,1,105,887,179814,0,2.37656887125419e-09
16134,4,1,94,851,175632,0,6.39784088042761e-09
16135,4,1,122,871,218018,0,5.6998781549178e-08
16136,4,1,116,910,221016,0,1.22799032219248e-08
16137,4,1,122,864,218371,0,7.35107710485199e-08
16138,4,1,96,874,231343,0,2.23116533404485e-08
16139,4,1,104,877,169042,0,1.60936442767419e-08
16140,4,1,115,870,204214,0,1.01950318924984e-08
16141,4,1,89,879,200567,0,1.87207757545383e-06
16142,4,1,108,868,217286,0,3.74736823639152e-09
16143,4,1,74,855,243280,0,2.18665735109107e-07
16144,4,1,98,901,287927,0,2.80553450259208e-07
16145,4,1,101,852,207467,0,7.32436619064656e-09
16146,4,1,81,878,246137,0,2.74951471685717e-08
16147,4,1,101,851,265922,0,2.60285576537288e-07
16148,4,1,102,874,214767,0,1.15007826663733e-07
16149,4,1,105,853,255766,0,1.00896037807296e-07
16150,4,1,84,857,242385,0,6.56306517844737e-09
16151,4,1,100,828,269745,0,3.2570786485728e-09
16152,4,1,124,840,158854,0,1.28621235776363e-08
16153,4,1,126,847,188949,0,8.24842967852322e-09
16154,4,1,107,867,206155,0,2.04235543814027e-09
16155,4,1,97,865,139468,0,2.24139836313839e-08
16156,4,1,99,854,199152,0,1.82047965414724e-08
16157,4,1,131,886,242959,0,1.42900386899387e-08
16158,4,1,113,828,286988,0,1.11292850540044e-08
16159,4,1,109,904,255421,0,6.96059738860383e-09
16160,4,1,99,891,281914,0,6.77382199368495e-09
16161,4,1,87,835,352499,0,8.32014730832451e-09
16162,4,1,81,878,312718,0,9.88479489952068e-09
16163,4,1,99,862,192756,0,3.14277115687387e-09
16164,4,1,101,879,312936,0,5.3965298063149e-09
16165,4,1,100,875,274631,0,2.57841975134182e-09
16166,4,1,111,820,193620,0,7.0486339660178e-09
16167,4,1,117,876,184255,0,3.56739191301218e-09
16168,4,1,90,848,218888,0,1.81303568614094e-08
16169,4,1,109,884,178940,0,4.50327295662313e-09
16170,4,1,110,855,267916,0,1.59687893911292e-08
16171,4,1,83,854,327222,0,7.64300245704822e-08
16172,4,1,85,888,285054,0,2.48251514683873e-08
16173,4,1,84,893,200988,0,2.75899528665218e-08
16174,4,1,105,867,365796,0,3.35204418061735e-09
16175,4,1,103,868,401003,0,2.21135065412089e-08
16176,4,1,92,872,277131,0,5.39485182190153e-09
16177,4,1,93,883,269000,0,4.33956048394479e-08
16178,4,1,102,900,448005,0,1.90070789635926e-08
16179,4,1,91,844,522821,0,5.23272872234328e-09
16180,4,1,104,824,348238,0,2.83639433729697e-08
16181,4,1,94,886,453439,0,8.79848355076063e-09
16182,4,1,98,844,361765,0,7.10369609838084e-08
16183,4,1,99,813,482790,0,7.10534494728994e-09
16184,4,1,85,816,438476,0,1.30876033563875e-08
16185,4,1,79,827,368604,0,1.53119557778818e-09
16186,4,1,79,887,343496,0,2.0358936823196e-07
16187,4,1,98,833,354787,0,5.61486652947818e-08
16188,4,1,93,841,341227,0,3.31141051079682e-09
16189,4,1,87,859,239988,0,2.30288862239248e-08
16190,4,1,86,823,212796,0,5.67301045040975e-09
16191,4,1,101,885,289385,0,8.41750691064493e-09
16192,4,1,101,909,279026,0,1.51678552994563e-09
16193,4,1,107,885,310135,0,6.83774237077673e-08
16194,4,1,105,898,282773,0,5.11879844311224e-09
16195,4,1,114,842,358531,0,3.07531705142617e-08
16196,4,1,91,885,369575,0,4.50228778299226e-08
16197,4,1,87,881,280436,0,2.97529264213302e-08
16198,4,1,95,847,315433,0,2.08541312019159e-08
16199,4,1,106,883,286121,0,6.18441275258874e-09
16200,4,1,99,879,222632,0,1.87823297086744e-08
16201,4,1,96,907,195606,0,4.37100871357667e-09
16202,4,1,134,863,295193,0,2.26206032012849e-08
16203,4,1,100,850,323729,0,2.51896910714258e-08
16204,4,1,83,849,215236,0,8.96461897185744e-07
16205,4,1,97,855,292454,0,4.10604375730771e-08
16206,4,1,101,849,260895,0,1.72787847435292e-07
16207,4,1,94,874,243524,0,2.72642833410728e-07
16208,4,1,78,863,247347,0,7.40557622953554e-06
16209,4,1,134,855,282953,0,7.97223458017964e-09
16210,4,1,123,870,192452,0,4.89871569507494e-08
16211,4,1,114,886,198796,0,2.42096116127517e-08
16212,4,1,114,895,162087,0,3.43676145883612e-08
16213,4,1,108,888,192912,0,1.8838218058382e-08
16214,4,1,95,846,183337,0,2.43260587661046e-08
16215,4,1,106,850,189010,0,1.50435931391321e-07
16216,4,1,103,868,196824,0,6.1617413484771e-08
16217,4,1,103,895,185002,0,2.76805973674583e-08
16218,4,1,114,864,166545,0,8.4866942550605e-08
16219,4,1,104,876,181264,0,8.41248541865442e-08
16220,4,1,99,891,157535,0,1.12161325735179e-07
16221,4,1,105,915,121422,0,7.94273215012687e-09
16222,4,1,90,872,181655,0,7.10407786489853e-09
16223,4,1,103,861,151947,0,1.4711707712091e-09
16224,4,1,113,825,143772,0,1.64288233937932e-07
16225,4,1,104,907,142634,0,4.05342168802889e-09
16226,4,1,113,860,155441,0,1.17050045601548e-08
16227,4,1,96,920,193735,0,1.48687866979064e-08
16228,4,1,103,852,236737,0,7.26355128641142e-09
16229,4,1,120,876,225539,0,1.54634128472999e-08
16230,4,1,100,825,197004,0,1.25215897704219e-08
16231,4,1,107,861,226778,0,4.48206487453326e-08
16232,4,1,98,844,231225,0,2.97195221172349e-08
16233,4,1,112,870,294603,0,9.87499942055997e-09
16234,4,1,106,869,248037,0,8.82408133343614e-09
16235,4,1,118,836,316516,0,3.54098138931924e-08
16236,4,1,112,818,302610,0,9.51927645979895e-08
16237,4,1,105,835,247121,0,8.37282108703962e-09
16238,4,1,105,874,227491,0,1.41427434203149e-08
16239,4,1,103,840,221620,0,8.72511934682259e-09
16240,4,1,101,876,252136,0,6.1540706993389e-09
16241,4,1,120,815,337284,0,4.38164805590996e-09
16242,4,1,89,791,234819,0,7.94511850219558e-08
16243,4,1,94,845,256034,0,2.2464513309049e-07
16244,4,1,107,855,234717,0,2.00954621926487e-08
16245,4,1,78,870,243280,0,4.96899006147962e-09
16246,4,1,87,844,286831,0,5.97441388694838e-09
16247,4,1,123,874,314535,0,9.85698720668994e-08
16248,4,1,101,875,434024,0,7.9389337976514e-09
16249,4,1,82,879,372982,0,8.8742973462209e-09
16250,4,1,99,832,244717,0,3.16122907508032e-09
16251,4,1,95,863,271748,0,1.66205204587998e-08
16252,4,1,98,867,244204,0,2.64741151734121e-08
16253,4,1,99,867,219460,0,1.3902622606654e-08
16254,4,1,92,897,176372,0,8.25363925612189e-09
16255,4,1,97,890,176995,0,1.16783698623038e-07
16256,4,1,88,829,262949,0,1.54261852024859e-08
16257,4,1,90,857,268192,0,5.51979765667844e-08
16258,4,1,117,828,246751,0,1.26342807835341e-07
16259,4,1,101,887,233812,0,7.6031885438041e-09
16260,4,1,96,899,212340,0,4.2686717214116e-08
16261,4,1,101,870,194130,0,1.5375412250401e-07
16262,4,1,107,906,156421,0,1.24676064440488e-08
16263,4,1,91,860,180164,0,4.5615783684158e-09
16264,4,1,123,891,157170,0,5.21682220928218e-07
16265,4,1,114,897,210579,0,2.20788814653309e-08
16266,4,1,100,901,192428,0,6.33376373241218e-09
16267,4,1,112,858,171427,0,5.7903640138997e-07
16268,4,1,102,886,155433,0,1.40891512742126e-08
16269,4,1,97,876,167993,0,6.9885507510784e-08
16270,4,1,125,899,191792,0,4.01040121334475e-09
16271,4,1,104,871,239026,0,2.68685712471006e-08
16272,4,1,116,894,226178,0,2.36795771588596e-08
16273,4,1,87,851,197384,0,5.5389682059128e-08
16274,4,1,91,871,198518,0,2.8209724883861e-09
16275,4,1,95,866,163012,0,1.95209877408813e-08
16276,4,1,100,889,211726,0,6.74583141191077e-09
16277,4,1,133,847,206765,0,5.09130060003131e-09
16278,4,1,98,812,232905,0,1.48632572743409e-06
16279,4,1,94,882,184094,0,2.4821276921922e-08
16280,4,1,109,872,181530,0,3.51204410564013e-08
16281,4,1,92,905,203941,0,7.04218461487029e-08
16282,4,1,113,855,248286,0,4.24057638147281e-09
16283,4,1,87,896,341630,0,3.41676293019751e-08
16284,4,1,105,852,313411,0,9.87941516545436e-09
16285,4,1,83,873,237182,0,2.19933889314386e-08
16286,4,1,93,872,210608,0,7.88834434940496e-09
16287,4,1,105,916,255484,0,5.40207782421518e-08
16288,4,1,100,868,233495,0,3.57758876594688e-08
16289,4,1,97,871,270888,0,6.95888292210926e-08
16290,4,1,98,866,275536,0,7.37149614272214e-09
16291,4,1,104,832,394756,0,4.7535551262093e-09
16292,4,1,111,883,317757,0,8.15129582340017e-09
16293,4,1,112,859,272540,0,3.53699942906825e-09
16294,4,1,94,882,265267,0,2.92686687453639e-07
16295,4,1,77,863,214308,0,9.49810888765455e-09
16296,4,1,91,843,245952,0,2.02233280645383e-07
16297,4,1,126,863,266180,0,8.54039456224186e-08
16298,4,1,89,858,322204,0,1.03354996323195e-08
16299,4,1,107,897,237080,0,2.07066841831192e-08
16300,4,1,107,866,340197,0,6.23163955331837e-09
16301,4,1,99,826,253437,0,9.70239239863819e-09
16302,4,1,90,820,269225,0,4.33214298521623e-09
16303,4,1,96,859,271121,0,5.06630055378671e-09
16304,4,1,101,842,318441,0,7.09804405676194e-09
16305,4,1,110,877,363773,0,9.98173247313842e-08
16306,4,1,108,850,294847,0,2.73941090076389e-09
16307,4,1,111,863,273203,0,8.26099727843125e-08
16308,4,1,107,863,307429,0,4.12029801948457e-08
16309,4,1,97,866,232403,0,3.21671647308842e-09
16310,4,1,106,844,219101,0,6.75946591343066e-06
16311,4,1,116,882,262586,0,9.51596178431592e-09
16312,4,1,116,856,228038,0,2.00895317985327e-07
16313,4,1,102,845,255678,0,7.96555910239161e-09
16314,4,1,104,826,177970,0,6.824571050357e-08
16315,4,1,109,838,207192,0,3.21561688241476e-09
16316,4,1,106,826,200568,0,4.19127372822322e-08
16317,4,1,102,826,226742,0,1.69414255960143e-08
16318,4,1,103,842,269508,0,3.15106810131254e-09
16319,4,1,87,882,272909,0,4.45435184735902e-08
16320,4,1,90,838,280215,0,1.22383630407442e-07
16321,4,1,104,846,273831,0,4.05958811207295e-08
16322,4,1,119,891,249922,0,6.62458938810189e-09
16323,4,1,105,867,242774,0,1.07845812077531e-08
16324,4,1,102,859,225735,0,6.44204639629893e-09
16325,4,1,118,861,230255,0,3.11808422063777e-08
16326,4,1,106,907,200773,0,5.84680225241273e-08
16327,4,1,101,825,249230,0,1.01614978381084e-07
16328,4,1,103,876,253755,0,1.18804241883225e-07
16329,4,1,128,848,404658,0,7.28306309066344e-08
16330,4,1,107,891,363050,0,1.30099589918837e-08
16331,4,1,120,878,283251,0,8.29548721593383e-07
16332,4,1,113,856,248943,0,1.19488244395582e-08
16333,4,1,103,850,331262,0,2.25517017936279e-08
16334,4,1,112,866,236956,0,1.8098608937767e-08
16335,4,1,98,854,208146,0,1.74090753159608e-08
16336,4,1,118,855,221427,0,4.57848414356851e-09
16337,4,1,105,868,221799,0,1.60004800242236e-07
16338,4,1,119,860,238572,0,8.1932813985945e-09
16339,4,1,109,839,200977,0,7.06869475515154e-09
16340,4,1,98,892,246344,0,8.66022368438441e-09
16341,4,1,86,856,230577,0,2.16448278424109e-08
16342,4,1,106,866,313433,0,5.35783670853779e-08
16343,4,1,89,831,271080,0,5.20101938992535e-07
16344,4,1,92,863,246949,0,2.22955352497875e-08
16345,4,1,105,873,269149,0,2.12372803557469e-08
16346,4,1,98,843,293701,0,1.27330529369935e-06
16347,4,1,79,868,322960,0,6.33766345686027e-09
16348,4,1,103,856,358917,0,3.21644823261159e-08
16349,4,1,91,893,342247,0,5.42439119203432e-06
16350,4,1,86,839,287576,0,9.04341298745686e-09
16351,4,1,96,858,244640,0,1.44213930385436e-08
16352,4,1,98,857,280355,0,1.53194906429479e-08
16353,4,1,116,853,192558,0,7.06347341011967e-08
16354,4,1,82,903,194462,0,1.50767679757637e-08
16355,4,1,81,876,207435,0,5.57778250420563e-09
16356,4,1,90,844,216951,0,1.66233171006125e-07
16357,4,1,109,839,245816,0,1.01160758668217e-08
16358,4,1,86,832,187456,0,6.0819311044128e-09
16359,4,1,92,880,164279,0,5.30669643576037e-09
16360,4,1,98,887,156697,0,6.48898231016126e-09
16361,4,1,96,858,176311,0,1.67436899768798e-08
16362,4,1,90,841,179587,0,3.20043863476305e-08
16363,4,1,105,833,201088,0,2.05833832285426e-08
16364,4,1,107,843,227800,0,7.2093393982637e-09
16365,4,1,92,904,150732,0,8.79805166239326e-09
16366,4,1,103,845,136827,0,1.4451912636445e-08
16367,4,1,116,857,180843,0,8.24744115396842e-09
16368,4,1,108,888,180359,0,1.4986632061516e-08
16369,4,1,104,905,191813,0,7.31254192846294e-08
16370,4,1,115,859,197475,0,9.18354809918012e-09
16371,4,1,122,861,335898,0,7.00592489687443e-09
16372,4,1,111,866,199258,0,7.42758282242272e-08
16373,4,1,112,821,278176,0,9.42644319552326e-09
16374,4,1,98,867,183919,0,9.05613947703961e-09
16375,4,1,90,853,183177,0,5.38386553258907e-08
16376,4,1,89,838,239090,0,5.69892370181029e-08
16377,4,1,87,812,231794,0,2.98685702733709e-09
16378,4,1,78,804,241966,0,3.27726771583055e-09
16379,4,1,107,830,154879,0,2.09999835614667e-07
16380,4,1,117,810,238763,0,2.66265480384835e-08
16381,4,1,98,826,209276,0,2.51796888332686e-09
16382,4,1,104,844,327549,0,2.22148652610275e-08
16383,4,1,107,839,400946,0,7.69479155272052e-09
16384,4,1,107,843,294277,0,2.06517364448192e-08
16385,4,1,104,857,334094,0,3.28442931112653e-08
16386,4,1,105,837,423229,0,2.6593362370466e-09
16387,4,1,86,826,471233,0,1.10678729787409e-08
16388,4,1,91,824,434732,0,1.48074340905997e-08
16389,4,1,94,877,278743,0,3.55255008934877e-07
16390,4,1,76,823,338870,0,1.13146592005937e-07
16391,4,1,100,878,264479,0,6.47361836482005e-08
16392,4,1,85,838,233105,0,3.28164667473633e-08
16393,4,1,101,834,233095,0,1.85094133723417e-07
16394,4,1,85,850,323412,0,2.35856085345706e-08
16395,4,1,96,803,519463,0,1.74874053805275e-08
16396,4,1,91,814,740026,0,1.01072009224165e-08
16397,4,1,89,816,470114,0,2.01682878487606e-08
16398,4,1,92,807,374898,0,2.02055854822203e-08
16399,4,1,68,846,366440,0,8.27891672801567e-09
16400,4,1,87,871,302264,0,6.79737874139397e-08
16401,4,1,105,828,209442,0,1.44209483870201e-08
16402,4,1,89,869,241947,0,2.36303324209717e-08
16403,4,1,114,864,289479,0,2.19897703859351e-08
16404,4,1,94,837,279331,0,8.57404223283311e-08
16405,4,1,88,904,205700,0,2.79545568906187e-09
16406,4,1,83,869,194281,0,6.67439511301892e-08
16407,4,1,97,826,239996,0,5.47141362896934e-09
16408,4,1,68,883,211368,0,4.98394307413737e-07
16409,4,1,99,834,211098,0,2.18419727732302e-08
16410,4,1,87,844,216969,0,5.38955872513577e-08
16411,4,1,104,853,334899,0,2.51052101302801e-08
16412,4,1,97,829,381901,0,4.61880063532074e-08
16413,4,1,89,795,296493,0,8.83584760693225e-08
16414,4,1,80,844,332309,0,3.37943603433671e-09
16415,4,1,123,831,321000,0,7.65182363390214e-09
16416,4,1,121,812,324967,0,5.56659882087649e-09
16417,4,1,122,814,275191,0,3.62730195802587e-08
16418,4,1,122,834,294622,0,1.25594903688793e-08
16419,4,1,86,861,359635,0,1.04165212372502e-08
16420,4,1,93,872,407538,0,1.07786460704968e-08
16421,4,1,91,807,404702,0,7.20661414058501e-08
16422,4,1,105,832,305694,0,8.58799950828685e-09
16423,4,1,97,874,258117,0,2.20457682081165e-08
16424,4,1,77,870,226794,0,7.2823173917972e-08
16425,4,1,109,852,223300,0,1.67367286769874e-08
16426,4,1,88,842,249328,0,7.22865061269286e-09
16427,4,1,111,810,314640,0,3.87291728285558e-07
16428,4,1,99,870,291209,0,7.02202941366173e-09
16429,4,1,118,870,190598,0,1.67535482045488e-09
16430,4,1,114,862,197190,0,9.02023033739472e-09
16431,4,1,128,892,218260,0,1.66301517980388e-08
16432,4,1,106,849,157489,0,8.38653151012949e-09
16433,4,1,80,875,188872,0,5.46336221839195e-09
16434,4,1,86,852,193737,0,2.06761887433347e-08
16435,4,1,98,908,196127,0,2.08143705764764e-08
16436,4,1,86,912,192366,0,3.35255600036966e-08
16437,4,1,95,912,175452,0,9.21096847272712e-09
16438,4,1,105,879,157615,0,1.61072753668617e-08
16439,4,1,131,872,198133,0,1.16889161922048e-08
16440,4,1,98,841,153308,0,7.79892052894278e-09
16441,4,1,88,869,182660,0,7.69447025571247e-09
16442,4,1,82,884,202023,0,8.11628009500717e-09
16443,4,1,97,898,173314,0,3.49307251265002e-08
16444,4,1,102,879,155666,0,9.79136163178358e-08
16445,4,1,93,897,163068,0,7.51486808972716e-07
16446,4,1,82,857,225232,0,5.5951557821701e-09
16447,4,1,92,903,317964,0,6.31809451340884e-09
16448,4,1,89,906,289904,0,1.53322775284455e-08
16449,4,1,93,899,238278,0,1.15592784402928e-06
16450,4,1,91,825,198513,0,1.29062624323949e-08
16451,4,1,71,912,184981,0,2.42849679802804e-08
16452,4,1,91,902,166193,0,2.44157254535995e-08
16453,4,1,102,873,160223,0,2.76039224611021e-08
16454,4,1,96,896,164215,0,4.12609879283387e-09
16455,4,1,86,878,220210,0,1.58633747324884e-08
16456,4,1,92,873,202805,0,1.10654544381118e-08
16457,4,1,94,850,189605,0,1.4319724451463e-08
16458,4,1,88,874,181134,0,7.11226414550365e-09
16459,4,1,98,856,172538,0,9.87129717677122e-09
16460,4,1,118,861,212762,0,5.49370197606024e-08
16461,4,1,83,876,225477,0,9.32024893590151e-09
16462,4,1,98,856,170963,0,1.72538755338166e-06
16463,4,1,100,887,176537,0,3.65975857939001e-08
16464,4,1,108,887,180675,0,9.87378039843645e-09
16465,4,1,107,910,170817,0,4.78862646258091e-09
16466,4,1,131,914,178152,0,1.45761623007217e-08
16467,4,1,92,886,166057,0,6.54886355715622e-09
16468,4,1,84,876,155499,0,1.00588802032785e-08
16469,4,1,100,886,165886,0,2.0932153187302e-08
16470,4,1,108,866,142522,0,2.47453622293803e-09
16471,4,1,106,858,184646,0,5.77270172319674e-08
16472,4,1,101,853,163940,0,1.53889642258504e-07
16473,4,1,105,905,148157,0,1.01826063346823e-07
16474,4,1,88,874,143901,0,2.03880186227787e-08
16475,4,1,111,885,143460,0,3.01126571638911e-07
16476,4,1,93,843,186184,0,1.50028986044002e-08
16477,4,1,104,893,140102,0,6.56455076757639e-07
16478,4,1,106,862,214539,0,9.71254807507762e-07
16479,4,1,106,882,178041,0,1.47036562193026e-09
16480,4,1,114,904,216856,0,4.42300457794164e-08
16481,4,1,107,877,183579,0,1.03515463365098e-08
16482,4,1,119,866,171969,0,2.6605852035405e-09
16483,4,1,114,852,207503,0,5.72550909700896e-09
16484,4,1,113,843,270070,0,2.61833490680167e-08
16485,4,1,113,884,210448,0,1.57126411205444e-08
16486,4,1,110,896,178481,0,3.02490364095758e-08
16487,4,1,104,855,176445,0,1.78465096189108e-08
16488,4,1,96,901,201103,0,1.34020659827985e-07
16489,4,1,112,843,134084,0,1.15591926848614e-08
16490,4,1,109,853,167428,0,2.8604883137845e-08
16491,4,1,114,846,164702,0,7.63341727548215e-07
16492,4,1,101,830,146252,0,2.00018153365825e-08
16493,4,1,104,800,184736,0,4.2031165436696e-08
16494,4,1,94,845,146224,0,4.16714750022727e-08
16495,4,1,119,814,167652,0,8.39843930475095e-09
16496,4,1,86,821,204821,0,3.34171252196395e-09
16497,4,1,124,860,217858,0,1.93702536054688e-08
16498,4,1,88,829,184585,0,2.40497065148739e-09
16499,4,1,96,864,191537,0,1.75840785837975e-08
16500,4,1,105,866,175201,0,1.56924287871712e-08
16501,4,1,77,841,127059,0,6.20368927653348e-06
16502,4,1,81,815,152987,0,1.68250331520831e-08
16503,4,1,84,865,150623,0,1.07538857415391e-06
16504,4,1,99,952,145568,0,2.53293723812605e-08
16505,4,1,99,854,140037,0,1.71001857398261e-08
16506,4,1,105,872,151481,0,1.00330252782256e-07
16507,4,1,119,857,211032,0,2.85316898388802e-08
16508,4,1,107,840,163432,0,1.35952046771036e-07
16509,4,1,96,918,112078,0,5.79713189367697e-08
16510,4,1,136,886,209736,0,2.1033665800652e-08
16511,4,1,96,851,156533,0,4.41641461421409e-09
16512,4,1,99,909,126633,0,3.02846719679288e-08
16513,4,1,93,863,123600,0,1.77495248772875e-08
16514,4,1,97,843,110935,0,3.31046563876812e-08
16515,4,1,120,897,142755,0,2.00486388652928e-09
16516,4,1,98,884,114305,0,1.12362913288584e-08
16517,4,1,118,890,118425,0,8.40658459289201e-09
16518,4,1,118,890,115831,0,2.68332944051207e-08
16519,4,1,100,910,125769,0,1.6513873163795e-08
16520,4,1,129,904,96176,0,1.72673896227004e-08
16521,4,1,115,881,137420,0,2.88939141294285e-09
16522,4,1,90,882,144111,0,1.85185567394507e-08
16523,4,1,128,897,145279,0,1.4469560774086e-08
16524,4,1,109,879,162255,0,7.2255672177802e-09
16525,4,1,117,838,157959,0,6.99664298962891e-08
16526,4,1,127,879,135688,0,1.77619143816202e-08
16527,4,1,90,886,89828,0,6.06622654840108e-09
16528,4,1,90,855,78582,0,1.63851819435464e-08
16529,4,1,108,877,89757,0,3.2422327553586e-07
16530,4,1,113,881,96773,0,9.32096077916313e-09
16531,4,1,117,894,137934,0,9.0658028259493e-08
16532,4,1,107,898,114075,0,1.26439131344898e-08
16533,4,1,124,859,131053,0,1.57831869211309e-08
16534,4,1,114,909,95978,0,8.93746615207771e-09
16535,4,1,112,894,103856,0,7.16236440512478e-09
16536,4,1,90,902,108842,0,2.97570130106459e-08
16537,4,1,112,892,97303,0,3.95720430256673e-08
16538,4,1,99,889,99234,0,6.76452858592118e-08
16539,4,1,108,855,110689,0,1.28764033063449e-08
16540,4,1,88,949,99147,0,1.53180275611023e-08
16541,4,1,86,906,92075,0,4.66498342132424e-07
16542,4,1,85,891,95512,0,1.42859882541918e-08
16543,4,1,97,870,123921,0,7.82688063115497e-09
16544,4,1,116,829,120697,0,1.68564731317389e-08
16545,4,1,100,874,129759,0,4.29920285427093e-07
16546,4,1,109,881,123878,0,9.5726626720923e-07
16547,4,1,97,885,156165,0,1.72302647718183e-08
16548,4,1,88,827,185104,0,1.52103218989546e-07
16549,4,1,109,907,214648,0,1.1587583263689e-08
16550,4,1,99,844,193526,0,1.45389710527198e-08
16551,4,1,109,868,233581,0,1.76897773262176e-08
16552,4,1,114,871,202937,0,3.42959235386922e-08
16553,4,1,114,814,235635,0,1.10026869333955e-08
16554,4,1,98,871,241643,0,4.87636633873933e-08
16555,4,1,109,882,175050,0,7.04623472476211e-08
16556,4,1,106,810,193106,0,1.33850342829952e-07
16557,4,1,129,819,230251,0,8.26528612102922e-07
16558,4,1,94,823,233588,0,9.75498176286639e-09
16559,4,1,100,848,196986,0,3.58536698213298e-09
16560,4,1,101,865,171660,0,1.91957932634179e-08
16561,4,1,113,871,150102,0,4.13972446372156e-08
16562,4,1,96,869,133699,0,1.37648454764937e-06
16563,4,1,110,838,180553,0,8.36482340360889e-08
16564,4,1,105,856,202612,0,4.85062608747377e-09
16565,4,1,117,868,188741,0,1.92451747627175e-08
16566,4,1,102,871,158676,0,1.29803069951638e-07
16567,4,1,103,852,171584,0,1.49007684257154e-08
16568,4,1,117,872,186592,0,3.62660970454121e-08
16569,4,1,82,832,122552,0,3.53850322662374e-09
16570,4,1,92,792,123069,0,2.02303656519139e-08
16571,4,1,122,881,123560,0,3.17880026995779e-08
16572,4,1,95,911,121560,0,2.26740911900714e-08
16573,4,1,85,885,114617,0,2.64352135516779e-08
16574,4,1,92,867,110929,0,5.27129942303808e-08
16575,4,1,95,879,107503,0,4.65619331947792e-09
16576,4,1,101,821,104038,0,1.86878100213793e-08
16577,4,1,98,835,115729,0,1.42485075919915e-08
16578,4,1,93,863,132627,0,7.73329843093851e-09
16579,4,1,98,852,138166,0,5.12989119551653e-09
16580,4,1,93,852,135382,0,1.04924442909157e-07
16581,4,1,82,864,134647,0,2.70904278865054e-08
16582,4,1,76,844,142707,0,1.19915107482821e-07
16583,4,1,84,840,148007,0,6.26467268329227e-09
16584,4,1,96,912,147975,0,4.52475122083395e-08
16585,4,1,77,903,142062,0,7.85666325886434e-09
16586,4,1,68,867,153723,0,5.94163848124552e-07
16587,4,1,98,846,134628,0,1.29245816523889e-08
16588,4,1,111,882,139995,0,1.22344417855382e-08
16589,4,1,106,856,183761,0,3.65006327135944e-09
16590,4,1,61,829,153133,0,8.35960756015988e-09
16591,4,1,96,880,151500,0,1.50006009629388e-08
16592,4,1,87,823,207375,0,5.85215622764787e-09
16593,4,1,96,851,231872,0,2.29257341298708e-08
16594,4,1,106,840,247508,0,6.1470068551552e-09
16595,4,1,91,846,188771,0,3.08299082728811e-08
16596,4,1,100,857,172792,0,1.05704684670278e-08
16597,4,1,64,869,185885,0,8.13273653143002e-09
16598,4,1,94,826,185789,0,5.51814214875927e-08
16599,4,1,73,881,188541,0,4.59769537790046e-09
16600,4,1,100,837,229021,0,1.87956083699583e-09
16601,4,1,90,835,207877,0,1.38359377141339e-08
16602,4,1,94,852,191528,0,4.36843929466912e-09
16603,4,1,88,883,194833,0,3.74048558839742e-08
16604,4,1,99,871,169797,0,6.57071446650906e-09
16605,4,1,101,836,142189,0,4.78657350376085e-09
16606,4,1,109,892,144680,0,5.95214695875072e-07
16607,4,1,106,865,134486,0,1.17004136175277e-08
16608,4,1,91,892,164727,0,1.48818536045015e-08
16609,4,1,81,893,126652,0,2.14033475370231e-08
16610,4,1,84,872,238204,0,3.1262200597584e-08
16611,4,1,95,855,273072,0,4.55500459957119e-09
16612,4,1,90,878,245570,0,8.21225218170565e-09
16613,4,1,83,880,232725,0,1.11546079551388e-08
16614,4,1,92,849,200708,0,1.68802768302454e-07
16615,4,1,106,869,171057,0,1.17720587731781e-08
16616,4,1,108,860,203382,0,8.38207809053434e-08
16617,4,1,112,826,202339,0,2.47023494489191e-08
16618,4,1,113,845,237476,0,9.16762624050426e-09
16619,4,1,96,821,297098,0,3.52480401325515e-08
16620,4,1,115,846,209602,0,3.50034340709943e-08
16621,4,1,79,896,137692,0,6.38655097610546e-09
16622,4,1,97,839,110615,0,1.48810281526767e-08
16623,4,1,101,882,158427,0,1.06195991148959e-08
16624,4,1,94,832,147336,0,2.30254848660854e-08
16625,4,1,80,845,226052,0,3.76394333901326e-08
16626,4,1,111,821,333604,0,2.31076653056833e-08
16627,4,1,98,823,263537,0,6.60777236401723e-09
16628,4,1,68,879,162023,0,2.04636569092049e-09
16629,4,1,105,829,139449,0,7.75029204858504e-08
16630,4,1,101,859,167479,0,1.33128966482121e-08
16631,4,1,84,880,169386,0,5.60827167052442e-09
16632,4,1,101,849,192546,0,7.44311980642623e-09
16633,4,1,91,883,196546,0,2.45956449262866e-08
16634,4,1,94,839,228976,0,4.17421179891761e-09
16635,4,1,82,864,250867,0,1.67966373020886e-08
16636,4,1,86,855,278930,0,5.58445388525729e-09
16637,4,1,107,805,241698,0,1.03464905975188e-08
16638,4,1,97,841,301672,0,8.66857115374287e-09
16639,4,1,86,884,371778,0,6.92051612305572e-08
16640,4,1,75,824,279940,0,6.31818633443672e-08
16641,4,1,78,824,182972,0,2.26644075574942e-08
16642,4,1,82,848,157788,0,2.57560364230269e-09
16643,4,1,77,819,209459,0,1.31011041536573e-08
16644,4,1,102,820,168834,0,1.39275654780893e-07
16645,4,1,79,813,210556,0,3.31361504118034e-09
16646,4,1,86,815,183432,0,1.85146451707703e-08
16647,4,1,131,865,200129,0,8.04763180494949e-09
16648,4,1,90,847,165636,0,4.89035386331828e-07
16649,4,1,109,853,200761,0,1.74253941001329e-08
16650,4,1,109,878,207523,0,2.32011227194478e-09
16651,4,1,84,816,208668,0,2.26162399797911e-09
16652,4,1,101,854,194070,0,6.24957791235057e-09
16653,4,1,89,857,269158,0,9.19003748263551e-09
16654,4,1,94,799,332277,0,1.03979995036768e-08
16655,4,1,115,818,246019,0,6.74297345868117e-07
16656,4,1,83,870,282030,0,5.04886186398065e-09
16657,4,1,93,849,249785,0,4.60285028255266e-08
16658,4,1,94,863,275050,0,8.42503673866588e-08
16659,4,1,90,870,294263,0,9.90017949369438e-09
16660,4,1,95,865,273983,0,7.64113813923638e-09
16661,4,1,95,866,237505,0,1.11418716292751e-08
16662,4,1,100,892,142053,0,8.36337882321627e-09
16663,4,1,97,850,140499,0,1.75004492258178e-08
16664,4,1,72,890,122859,0,1.78916239541266e-08
16665,4,1,96,869,164148,0,7.73530011433658e-08
16666,4,1,108,869,188562,0,4.60544760975835e-06
16667,4,1,74,850,213599,0,4.121022852606e-08
16668,4,1,74,866,171158,0,4.98553175176012e-08
16669,4,1,98,813,157405,0,6.28234839577392e-08
16670,4,1,71,827,165026,0,6.45095536104183e-07
16671,4,1,100,856,142649,0,2.69116609837842e-08
16672,4,1,115,851,167590,0,3.23994568092563e-08
16673,4,1,116,861,266197,0,9.89809025556954e-09
16674,4,1,109,840,190213,0,4.46916944661333e-08
16675,4,1,92,865,174436,0,1.5246747339336e-08
16676,4,1,104,874,149539,0,2.20282917978922e-07
16677,4,1,109,847,107071,0,1.53894974658004e-08
16678,4,1,88,878,83191,0,3.80912090595599e-08
16679,4,1,90,881,99321,0,9.63865767450249e-09
16680,4,1,111,846,104531,0,1.05220157110773e-08
16681,4,1,117,868,137612,0,3.3603105445281e-09
16682,4,1,123,877,128374,0,3.62787646360115e-07
16683,4,1,99,847,187476,0,1.81074652436716e-09
16684,4,1,84,883,126582,0,4.67888351415418e-09
16685,4,1,85,855,98106,0,3.30029923572563e-07
16686,4,1,69,805,128360,0,5.18989295644668e-08
16687,4,1,75,815,137971,0,2.32417661636988e-09
16688,4,1,90,853,114243,0,1.78214524522301e-06
16689,4,1,99,853,99111,0,1.88432726231147e-08
16690,4,1,98,841,111613,0,1.97877658096697e-07
16691,4,1,96,886,185810,0,4.96841807673419e-09
16692,4,1,75,838,136272,0,4.99856741334297e-09
16693,4,1,72,876,144154,0,4.61911040587019e-09
16694,4,1,101,857,146287,0,1.45077113424184e-08
16695,4,1,101,888,145953,0,3.57488694399947e-08
16696,4,1,109,848,178166,0,9.06831881370427e-08
16697,4,1,114,842,181724,0,1.71792442742376e-08
16698,4,1,105,840,135807,0,9.3380569408934e-08
16699,4,1,102,816,135011,0,1.56707186989157e-08
16700,4,1,113,851,197695,0,2.070769077632e-08
16701,4,1,99,833,268258,0,3.9007373789494e-09
16702,4,1,89,868,239690,0,1.85065644991491e-09
16703,4,1,101,845,210525,0,8.81765112600397e-09
16704,4,1,107,854,188181,0,4.04384404374448e-07
16705,4,1,89,842,201629,0,4.22399546167725e-09
16706,4,1,116,859,182610,0,2.73189936692295e-08
16707,4,1,83,856,175913,0,3.05236251676578e-09
16708,4,1,101,819,186411,0,4.11094892905601e-09
16709,4,1,78,888,181308,0,1.43032064371224e-08
16710,4,1,86,868,226464,0,1.91312404696131e-08
16711,4,1,109,828,187970,0,1.20998904137571e-07
16712,4,1,87,833,184385,0,2.19296014285784e-07
16713,4,1,83,850,193983,0,1.71102754528832e-08
16714,4,1,101,845,159688,0,1.22471828757031e-08
16715,4,1,100,849,170879,0,5.58248443282504e-08
16716,4,1,95,889,157760,0,1.31066914359915e-08
16717,4,1,81,842,142420,0,3.90892114612309e-09
16718,4,1,98,841,220972,0,1.17843365511199e-08
16719,4,1,86,798,238901,0,4.96253233532334e-09
16720,4,1,113,797,215014,0,4.14908265232274e-08
16721,4,1,87,851,207052,0,4.21475946518607e-09
16722,4,1,80,846,172330,0,1.82989256258498e-09
16723,4,1,86,851,236872,0,1.26098055656473e-08
16724,4,1,89,828,270778,0,1.86973431433694e-06
16725,4,1,90,791,234119,0,1.63431309441224e-08
16726,4,1,90,824,168945,0,5.30032704842738e-09
16727,4,1,88,802,178198,0,1.75515922288254e-07
16728,4,1,101,827,253833,0,5.9626344683804e-07
16729,4,1,100,869,254706,0,1.4633241323511e-08
16730,4,1,119,856,379451,0,7.93105274802103e-09
16731,4,1,87,856,309476,0,8.51392864742054e-09
16732,4,1,92,826,174224,0,2.40102480883886e-08
16733,4,1,101,894,154118,0,7.71340957218855e-08
16734,4,1,119,872,143796,0,4.72062583563673e-09
16735,4,1,105,826,192459,0,2.16154156404438e-09
16736,4,1,95,873,271940,0,1.40096356962668e-08
16737,4,1,80,879,326915,0,3.57266858939658e-09
16738,4,1,109,833,210631,0,6.95298239612362e-09
16739,4,1,102,849,172545,0,1.23432864931898e-08
16740,4,1,100,856,210064,0,2.95344197851183e-09
16741,4,1,103,849,232504,0,9.86337673474838e-09
16742,4,1,94,846,161586,0,3.80201272942389e-08
16743,4,1,109,849,201617,0,3.30879512865165e-08
16744,4,1,102,892,227541,0,4.18081558968346e-09
16745,4,1,94,867,233057,0,3.60819149381621e-08
16746,4,1,88,887,224633,0,1.3868202918159e-08
16747,4,1,105,862,216772,0,9.17839714977581e-08
16748,4,1,92,849,206959,0,9.31704957251335e-09
16749,4,1,113,863,221582,0,7.5508878159173e-08
16750,4,1,127,845,305553,0,2.69728841492508e-08
16751,4,1,95,864,243067,0,2.03363664942442e-09
16752,4,1,90,835,194325,0,5.89536929000397e-09
16753,4,1,104,844,220477,0,2.56991709281216e-08
16754,4,1,92,845,212751,0,7.44359268061099e-09
16755,4,1,102,816,157815,0,7.62102858086943e-09
16756,4,1,102,834,186759,0,3.09517262523901e-08
16757,4,1,109,865,162086,0,1.05806776024934e-07
16758,4,1,104,863,192613,0,1.66577776976549e-08
16759,4,1,100,857,377142,0,3.62302343929004e-09
16760,4,1,107,861,356061,0,8.89052401737992e-09
16761,4,1,98,829,344118,0,1.44299026062284e-08
16762,4,1,95,842,390825,0,3.83741357516836e-09
16763,4,1,97,811,453466,0,7.0235281115215e-08
16764,4,1,91,814,375381,0,2.69816782235806e-07
16765,4,1,126,861,363107,0,1.35454914085831e-08
16766,4,1,96,825,275089,0,1.86762188595712e-08
16767,4,1,108,817,211156,0,4.52469586358209e-07
16768,4,1,96,861,221732,0,7.46784414059007e-08
16769,4,1,102,831,286366,0,2.30277303140089e-06
16770,4,1,95,810,250151,0,1.88759107606743e-07
16771,4,1,85,885,211448,0,4.2107597072807e-09
16772,4,1,88,822,210456,0,7.19229335730962e-07
16773,4,1,96,876,180462,0,5.82423767836519e-08
16774,4,1,85,826,180850,0,1.52606871675645e-08
16775,4,1,94,870,182522,0,1.42739813410305e-08
16776,4,1,105,872,195133,0,4.65797864736838e-07
16777,4,1,94,847,174421,0,4.71374168281142e-09
16778,4,1,107,900,218980,0,6.16183910074688e-09
16779,4,1,98,867,184201,0,5.28330188689092e-08
16780,4,1,96,876,178635,0,1.53618059648368e-08
16781,4,1,120,859,202946,0,3.38037538687855e-09
16782,4,1,89,834,205982,0,1.08787269703195e-08
16783,4,1,96,818,226026,0,1.94963343632707e-07
16784,4,1,108,889,223326,0,2.17254488912416e-08
16785,4,1,105,845,188561,0,8.31080612460083e-09
16786,4,1,100,859,165488,0,2.2300594995546e-08
16787,4,1,82,861,172300,0,1.1477781095018e-08
16788,4,1,99,888,123926,0,4.30680891217132e-09
16789,4,1,85,881,152349,0,1.95149411359429e-08
16790,4,1,110,811,146090,0,8.6653850655559e-09
16791,4,1,84,870,124370,0,1.72182104139806e-08
16792,4,1,91,856,160067,0,5.04475677553333e-08
16793,4,1,94,832,166161,0,2.48549744106472e-09
16794,4,1,92,875,162190,0,8.71693844798054e-09
16795,4,1,98,853,176302,0,1.04682934505133e-07
16796,4,1,86,869,202649,0,2.36733544793674e-08
16797,4,1,78,838,204972,0,8.11034336994947e-07
16798,4,1,85,881,160752,0,1.38830731532666e-07
16799,4,1,82,841,159803,0,9.01815759445919e-09
16800,4,1,113,870,201453,0,2.537828181984e-08
16801,4,1,106,888,226391,0,5.08812589839406e-09
16802,4,1,94,905,223192,0,3.45002688644692e-08
16803,4,1,91,860,200819,0,6.37863152522805e-08
16804,4,1,114,889,242034,0,1.07806342382172e-08
16805,4,1,90,867,230469,0,4.23447776933373e-09
16806,4,1,99,875,295021,0,2.29019493545472e-08
16807,4,1,87,877,240028,0,9.82587849579572e-09
16808,4,1,94,871,300657,0,2.34392705535567e-09
16809,4,1,117,851,226599,0,2.74949520410524e-09
16810,4,1,95,883,219591,0,5.53529011984668e-09
16811,4,1,88,858,190106,0,7.40706640798161e-09
16812,4,1,85,829,189902,0,2.78240062181842e-07
16813,4,1,93,841,276828,0,9.70802680670263e-09
16814,4,1,79,836,262237,0,1.05039347610317e-09
16815,4,1,94,865,226013,0,1.4028138518681e-08
16816,4,1,100,890,237874,0,3.56799681448427e-08
16817,4,1,113,838,202853,0,2.40790965727561e-07
16818,4,1,82,896,207522,0,1.20926064959624e-08
16819,4,1,99,880,252717,0,8.56835117300677e-08
16820,4,1,91,861,211141,0,3.4460344007074e-09
16821,4,1,99,849,220865,0,3.88590171510428e-09
16822,4,1,95,871,267017,0,1.73934355926058e-08
16823,4,1,97,889,201161,0,6.74869308056745e-08
16824,4,1,98,834,235944,0,1.69793396148013e-08
16825,4,1,79,854,216325,0,5.76168321559659e-09
16826,4,1,99,835,188287,0,6.38976336337332e-09
16827,4,1,89,844,206880,0,2.90658021142694e-08
16828,4,1,93,840,272560,0,3.59876580563328e-08
16829,4,1,83,855,190706,0,2.31646573220693e-08
16830,4,1,98,817,191936,0,9.05004180533788e-09
16831,4,1,71,835,243859,0,3.42914949719771e-08
16832,4,1,115,837,197192,0,6.09029475665278e-08
16833,4,1,91,863,207420,0,1.58791737854262e-08
16834,4,1,95,846,283946,0,1.20659961998118e-07
16835,4,1,101,854,316282,0,3.4701091472581e-09
16836,4,1,102,882,623755,0,2.67671900625205e-07
16837,4,1,115,838,387125,0,2.731539398657e-07
16838,4,1,91,875,216901,0,2.72681860107574e-08
16839,4,1,94,873,149174,0,4.50154411348809e-08
16840,4,1,80,884,117700,0,4.69041624801199e-09
16841,4,1,91,850,104392,0,1.65480587132946e-08
16842,4,1,97,891,157605,0,4.35137861461533e-09
16843,4,1,103,884,189965,0,1.53765524183865e-08
16844,4,1,115,834,146009,0,4.86533211203925e-07
16845,4,1,97,827,161535,0,2.5507690618743e-08
16846,4,1,110,846,150126,0,2.97682381544669e-08
16847,4,1,102,872,169610,0,2.45258103777269e-06
16848,4,1,93,828,148468,0,3.50220121961223e-08
16849,4,1,92,897,179982,0,6.46562758900199e-09
16850,4,1,89,868,188702,0,9.47647188068395e-09
16851,4,1,115,883,183895,0,7.99510996567241e-09
16852,4,1,87,882,191818,0,1.78154412093391e-08
16853,4,1,101,877,205854,0,1.70075248185453e-08
16854,4,1,107,827,136193,0,1.73202246476013e-08
16855,4,1,100,892,104578,0,3.89292732373481e-09
16856,4,1,98,870,165773,0,5.05228314135813e-08
16857,4,1,98,893,204841,0,3.00878944288606e-08
16858,4,1,115,869,151737,0,3.52506897045908e-08
16859,4,1,105,884,174204,0,1.30624322661871e-08
16860,4,1,90,860,184803,0,3.03824268019606e-08
16861,4,1,87,875,148642,0,3.61482740346454e-08
16862,4,1,95,827,154019,0,3.15362885288402e-08
16863,4,1,97,876,174535,0,2.65120862110624e-07
16864,4,1,90,816,162921,0,7.81534363785601e-09
16865,4,1,111,872,192194,0,2.77260365682617e-08
16866,4,1,98,850,157120,0,6.2024647364434e-08
16867,4,1,83,837,195733,0,3.09783344141806e-08
16868,4,1,99,839,184420,0,4.88962416422349e-08
16869,4,1,80,923,107791,0,1.33389397164235e-09
16870,4,1,70,870,108022,0,8.93766039985815e-07
16871,4,1,94,848,137727,0,1.12088507919846e-08
16872,4,1,95,844,234949,0,2.19808517946945e-08
16873,4,1,95,864,130215,0,4.9350388989752e-08
16874,4,1,97,868,117841,0,3.7624564414665e-07
16875,4,1,89,833,148423,0,6.40322331783075e-09
16876,4,1,92,865,167213,0,6.93630451916237e-09
16877,4,1,81,839,147495,0,2.12509768116817e-09
16878,4,1,79,871,134024,0,1.45039608144486e-07
16879,4,1,107,894,166268,0,4.74612917212044e-08
16880,4,1,115,935,141286,0,1.34591844710111e-08
16881,4,1,87,873,132996,0,8.95385622461306e-08
16882,4,1,106,898,129512,0,4.53367504895093e-09
16883,4,1,106,910,143887,0,5.72264745908765e-08
16884,4,1,102,905,138117,0,8.52659965102978e-09
16885,4,1,96,826,147024,0,1.09525283091991e-08
16886,4,1,102,894,134605,0,1.458491036418e-08
16887,4,1,95,844,124343,0,1.20487095837489e-08
16888,4,1,94,893,172424,0,3.02314076568259e-09
16889,4,1,86,839,154456,0,1.98558135015828e-08
16890,4,1,93,858,211818,0,5.94391478806298e-09
16891,4,1,82,888,195092,0,3.24370167019811e-08
16892,4,1,93,873,201838,0,2.28788687071795e-07
16893,4,1,92,888,207525,0,5.67922668220150e-09
16894,4,1,89,841,199850,0,3.15019648929813e-07
16895,4,1,92,854,184637,0,7.33806385143458e-09
16896,4,1,118,887,169669,0,1.9632834748867e-08
16897,4,1,99,843,199814,0,8.29485901132925e-08
16898,4,1,101,863,199606,0,7.69047478329733e-09
16899,4,1,90,899,177033,0,4.24829694907859e-09
16900,4,1,83,861,181896,0,1.00646127368138e-07
16901,4,1,90,912,218039,0,2.24621433606573e-08
16902,4,1,121,859,211836,0,6.00346113278183e-09
16903,4,1,107,886,192023,0,3.63954087148107e-08
16904,4,1,102,878,167382,0,1.92864600435139e-08
16905,4,1,97,848,203946,0,6.98977125617011e-09
16906,4,1,89,832,230444,0,4.19722355291046e-08
16907,4,1,100,930,234093,0,8.21003366326992e-08
16908,4,1,101,878,216359,0,6.7784725467756e-09
16909,4,1,80,905,175277,0,1.69271380504068e-09
16910,4,1,88,879,204064,0,9.13311978555691e-08
16911,4,1,101,892,198106,0,2.87529760463564e-09
16912,4,1,84,846,230093,0,1.68253831957482e-08
16913,4,1,115,832,272195,0,4.97581760857658e-09
16914,4,1,113,862,241969,0,8.78245418233903e-08
16915,4,1,86,834,215902,0,1.52870134166844e-08
16916,4,1,94,857,228467,0,1.28972548192912e-07
16917,4,1,91,866,282912,0,3.44850059761735e-08
16918,4,1,95,861,231393,0,1.99377504060215e-08
16919,4,1,101,866,238413,0,3.02032324295053e-09
16920,4,1,102,891,196438,0,5.59830743980644e-09
16921,4,1,93,863,158627,0,1.69281997835349e-08
16922,4,1,82,896,192424,0,1.02105612158453e-08
16923,4,1,110,843,207184,0,4.36633506994897e-08
16924,4,1,88,823,203382,0,1.68280300217213e-08
16925,4,1,114,862,184175,0,1.21986688754393e-08
16926,4,1,92,841,207863,0,4.68214220682712e-09
16927,4,1,92,898,201871,0,4.1762838592756e-08
16928,4,1,88,869,186252,0,1.19968119207888e-08
16929,4,1,111,882,187480,0,6.45012778332637e-08
16930,4,1,115,875,191223,0,4.49146104987079e-08
16931,4,1,97,896,190045,0,1.37629424775173e-08
16932,4,1,88,923,193434,0,2.21204136569183e-08
16933,4,1,78,851,261017,0,6.37844368125224e-09
16934,4,1,101,837,244228,0,2.47356851713705e-08
16935,4,1,102,879,202510,0,6.10579849845837e-07
16936,4,1,103,861,218532,0,8.26387153246149e-08
16937,4,1,112,838,250734,0,2.09273282810817e-07
16938,4,1,105,903,237786,0,2.06475392361233e-07
16939,4,1,75,858,203356,0,6.70782334876009e-08
16940,4,1,89,839,225197,0,1.1686399774427e-07
16941,4,1,77,884,189464,0,5.9658779273259e-08
16942,4,1,92,842,215371,0,1.35888952047626e-09
16943,4,1,87,884,223213,0,2.95495418998113e-07
16944,4,1,72,885,242170,0,4.16655247730809e-09
16945,4,1,90,891,208326,0,1.41431262317672e-08
16946,4,1,65,855,216362,0,1.11062954681029e-08
16947,4,1,97,849,253744,0,1.27785427216072e-08
16948,4,1,84,892,258253,0,1.49524737521111e-08
16949,4,1,113,840,430404,0,1.30716011461193e-08
16950,4,1,108,875,319521,0,5.42040523723983e-09
16951,4,1,137,851,296898,0,1.28824315432029e-08
16952,4,1,99,844,258301,0,1.20731154289273e-07
16953,4,1,79,880,228512,0,8.28522777766325e-09
16954,4,1,72,885,233937,0,4.47933895213649e-07
16955,4,1,97,863,224147,0,2.41050289539763e-08
16956,4,1,82,888,241861,0,6.87180773611653e-09
16957,4,1,112,868,256265,0,5.78367531986906e-08
16958,4,1,87,931,204503,0,1.34172438981516e-08
16959,4,1,120,924,186414,0,4.53333488648261e-09
16960,4,1,93,915,246127,0,2.99540549799574e-08
16961,4,1,99,843,236231,0,6.14273300176205e-09
16962,4,1,106,881,229017,0,1.02220178034219e-07
16963,4,1,78,871,205018,0,4.22172703796432e-08
16964,4,1,71,889,204944,0,1.60238983236901e-08
16965,4,1,99,843,218716,0,1.34471605585098e-08
16966,4,1,109,870,242147,0,2.04212851641434e-08
16967,4,1,115,925,261512,0,2.9354507020932e-09
16968,4,1,82,857,304002,0,1.22498157585127e-08
16969,4,1,75,843,446806,0,5.09385300648065e-07
16970,4,1,74,872,311626,0,9.22033168418576e-09
16971,4,1,96,857,220015,0,9.33496988838966e-09
16972,4,1,104,875,175660,0,3.88140598240492e-08
16973,4,1,112,906,192693,0,3.26347717930182e-08
16974,4,1,107,837,192059,0,1.74156928808199e-08
16975,4,1,76,852,156607,0,1.56751021419385e-08
16976,4,1,97,892,172968,0,4.01036138733944e-09
16977,4,1,101,900,213732,0,2.75208085376454e-08
16978,4,1,93,865,255843,0,6.84876864477693e-08
16979,4,1,86,862,190236,0,3.51119115542389e-08
16980,4,1,95,893,228590,0,5.01273814904946e-08
16981,4,1,81,858,211917,0,2.96983885703291e-07
16982,4,1,94,803,261546,0,7.72946991713272e-09
16983,4,1,92,890,247771,0,8.55364398161532e-09
16984,4,1,118,829,252768,0,2.45036152567611e-07
16985,4,1,88,834,226445,0,8.12780409935528e-09
16986,4,1,107,892,207276,0,5.14102893478432e-08
16987,4,1,122,911,174487,0,6.23564453885096e-08
16988,4,1,109,834,175316,0,1.9138486888219e-08
16989,4,1,110,871,200610,0,1.02776738401668e-08
16990,4,1,89,857,170217,0,2.10543499278368e-09
16991,4,1,76,864,180505,0,4.42865685592083e-08
16992,4,1,95,882,169342,0,6.86345600672458e-08
16993,4,1,93,881,179014,0,7.78919201267917e-09
16994,4,1,70,860,197999,0,1.17798096218903e-07
16995,4,1,60,901,204200,0,3.49990546627789e-08
16996,4,1,100,865,252581,0,5.13324723213737e-08
16997,4,1,88,842,267076,0,4.17861623228737e-06
16998,4,1,97,905,228100,0,6.89095752185001e-09
16999,4,1,90,898,196272,0,3.31397606680024e-09
17000,4,1,70,870,182404,0,1.06366675692228e-07
17001,4,1,91,869,163309,0,4.17128463651269e-09
17002,4,1,94,844,158961,0,2.56162305566195e-08
17003,4,1,89,885,200031,0,1.07166136221154e-07
17004,4,1,93,960,167486,0,8.52860296725253e-09
17005,4,1,99,884,190051,0,8.36545337565635e-09
17006,4,1,95,928,188623,0,5.57051738636613e-08
17007,4,1,74,883,169667,0,5.27081102257563e-09
17008,4,1,86,901,134001,0,2.1611285811653e-08
17009,4,1,106,880,155703,0,4.9271976856087e-09
17010,4,1,83,850,157377,0,2.7537854486682e-08
17011,4,1,91,877,183466,0,2.54322344249221e-09
17012,4,1,94,860,236302,0,8.04145859853025e-08
17013,4,1,85,870,225721,0,7.23039294258956e-09
17014,4,1,92,868,228604,0,1.7231786894467e-08
17015,4,1,108,909,322673,0,1.36696353569854e-08
17016,4,1,107,879,297567,0,4.13425349056971e-09
17017,4,1,78,841,316832,0,3.44973880710544e-09
17018,4,1,77,888,308915,0,6.6067971384702e-08
17019,4,1,89,859,270036,0,2.13943321140156e-08
17020,4,1,79,863,255738,0,3.81882460155775e-07
17021,4,1,98,890,268589,0,3.42877040117675e-07
17022,4,1,91,904,259947,0,5.02675724170811e-08
17023,4,1,70,858,303615,0,5.42211004863608e-09
17024,4,1,85,874,303358,0,1.19570002104524e-08
17025,4,1,80,866,264925,0,1.0351492039394e-08
17026,4,1,94,855,292229,0,7.29924244268002e-09
17027,4,1,88,858,199674,0,4.21627606465896e-09
17028,4,1,98,856,208952,0,4.59202108223914e-09
17029,4,1,74,891,218912,0,1.43908282061918e-08
17030,4,1,82,878,281871,0,8.2241167183233e-09
17031,4,1,84,883,286183,0,6.74421614791035e-09
17032,4,1,104,861,266656,0,2.15553170077509e-08
17033,4,1,95,878,258863,0,5.56697677333368e-09
17034,4,1,113,859,345664,0,3.53480351977093e-08
17035,4,1,96,897,282676,0,3.07117733780786e-09
17036,4,1,106,877,276038,0,1.24070700502728e-08
17037,4,1,92,865,269153,0,7.18567247295875e-07
17038,4,1,102,876,264124,0,4.35730652167391e-09
17039,4,1,97,881,223205,0,4.51392860546551e-08
17040,4,1,72,865,204648,0,7.80768563657858e-09
17041,4,1,105,879,180274,0,1.7180366789341e-09
17042,4,1,101,876,303886,0,1.28620096985007e-08
17043,4,1,124,855,246213,0,9.32692488925704e-09
17044,4,1,90,865,274995,0,1.25374354904253e-08
17045,4,1,130,891,266134,0,2.00639339129245e-08
17046,4,1,83,838,308125,0,4.70503260794179e-09
17047,4,1,118,842,230068,0,2.09121585227893e-08
17048,4,1,88,840,224819,0,1.18193809270816e-09
17049,4,1,97,873,237569,0,1.65569348177993e-08
17050,4,1,96,884,178923,0,3.9420318902741e-09
17051,4,1,89,867,220778,0,8.06845662732612e-08
17052,4,1,92,853,246781,0,1.65043911315324e-08
17053,4,1,82,888,258480,0,2.35015151538328e-09
17054,4,1,101,924,262509,0,8.11979486307909e-09
17055,4,1,88,867,181375,0,4.84616998560211e-08
17056,4,1,89,855,215521,0,1.02246101818202e-08
17057,4,1,110,929,228310,0,2.51163845983309e-09
17058,4,1,99,909,218570,0,9.24818178042246e-08
17059,4,1,88,849,228594,0,2.14719110412853e-09
17060,4,1,98,910,207199,0,8.39309974648084e-08
17061,4,1,100,846,221925,0,2.02462054972853e-09
17062,4,1,98,886,179772,0,3.65720060474795e-08
17063,4,1,99,848,200169,0,4.49244587583156e-09
17064,4,1,115,889,237687,0,1.84988955478645e-07
17065,4,1,118,853,176775,0,7.34238081598983e-09
17066,4,1,95,898,181396,0,6.51126828583505e-08
17067,4,1,97,859,143250,0,1.07378247788682e-08
17068,4,1,108,857,230805,0,2.43569131516423e-08
17069,4,1,106,857,229761,0,2.43998226045308e-08
17070,4,1,98,880,219366,0,1.8213036915973e-08
17071,4,1,87,865,206103,0,2.55553108001707e-08
17072,4,1,131,874,221097,0,3.19661922330301e-08
17073,4,1,86,911,216809,0,5.27702200572226e-09
17074,4,1,88,867,239960,0,9.18637740033925e-07
17075,4,1,75,902,285530,0,6.7418982877459e-09
17076,4,1,99,910,275669,0,1.88173389438253e-07
17077,4,1,107,845,346088,0,2.93636292040273e-08
17078,4,1,98,869,363543,0,5.77693690112611e-09
17079,4,1,78,895,306784,0,8.95955313038258e-09
17080,4,1,89,864,237943,0,2.41767796628455e-09
17081,4,1,93,855,232387,0,3.59503750782444e-08
17082,4,1,86,856,258569,0,1.03603316589067e-08
17083,4,1,93,866,316303,0,3.7422004932296e-09
17084,4,1,98,803,359434,0,7.249608693994e-08
17085,4,1,115,861,367065,0,7.59989945478182e-08
17086,4,1,76,898,320012,0,1.5556997784402e-08
17087,4,1,91,813,277914,0,1.09220306148619e-08
17088,4,1,98,874,241841,0,3.52961615909663e-08
17089,4,1,96,865,215170,0,5.86880225591071e-09
17090,4,1,82,875,356928,0,1.78255936596458e-09
17091,4,1,93,889,397574,0,1.49484267187542e-08
17092,4,1,82,875,380391,0,2.8493220874555e-09
17093,4,1,82,843,471963,0,1.05940365323529e-08
17094,4,1,76,863,397657,0,1.63647921322499e-08
17095,4,1,74,838,252930,0,1.55898901918686e-08
17096,4,1,96,879,342902,0,1.6407350254463e-08
17097,4,1,95,883,335239,0,4.98645474316313e-08
17098,4,1,88,878,331694,0,5.31683169263166e-08
17099,4,1,95,894,350743,0,7.53211483696713e-09
17100,4,1,85,867,282739,0,2.34485420404688e-07
17101,4,1,92,864,290306,0,5.76355782181892e-09
17102,4,1,75,887,191160,0,8.99314940780333e-08
17103,4,1,98,870,217943,0,2.12718748760262e-08
17104,4,1,90,908,279443,0,5.44555354259597e-09
17105,4,1,95,875,387009,0,1.3648016369341e-08
17106,4,1,110,900,589644,0,1.19896819107205e-08
17107,4,1,86,863,395531,0,1.09570113902691e-08
17108,4,1,112,921,344397,0,1.28755523670404e-07
17109,4,1,99,878,330403,0,1.4355299739605e-07
17110,4,1,90,872,311222,0,2.34570987833804e-08
17111,4,1,93,877,382127,0,1.89256182799294e-08
17112,4,1,100,917,333476,0,8.13742933680439e-09
17113,4,1,110,872,479745,0,3.7499202811719e-08
17114,4,1,94,870,308454,0,1.02060157146852e-08
17115,4,1,100,888,430821,0,1.49477206407685e-08
17116,4,1,100,864,560345,0,1.35831712319088e-08
17117,4,1,102,902,348380,0,4.06896957062377e-09
17118,4,1,93,904,320617,0,5.65808026754331e-10
17119,4,1,114,903,330656,0,4.77154700156732e-09
17120,4,1,122,897,344550,0,4.11090228362178e-09
17121,4,1,98,884,270615,0,5.31617646052817e-07
17122,4,1,92,884,280591,0,7.49922287476839e-09
17123,4,1,106,891,249418,0,6.77441399834662e-09
17124,4,1,108,874,293988,0,1.60727948032471e-08
17125,4,1,94,840,260770,0,2.89296917849017e-08
17126,4,1,96,842,277824,0,4.41243669623506e-09
17127,4,1,96,873,289816,0,2.5700489460869e-09
17128,4,1,83,833,272892,0,2.30702164397275e-08
17129,4,1,90,855,309303,0,5.36131742070795e-09
17130,4,1,99,829,294827,0,9.23500755526478e-09
17131,4,1,92,870,218566,0,3.73214983040472e-09
17132,4,1,78,870,226128,0,5.92004390078007e-09
17133,4,1,99,880,217701,0,1.01741618804e-07
17134,4,1,102,891,200671,0,5.34927793342334e-09
17135,4,1,85,852,281946,0,3.73199967969357e-08
17136,4,1,101,886,227389,0,1.20032596525075e-08
17137,4,1,96,865,282588,0,4.41465221732654e-09
17138,4,1,79,812,228901,0,1.19312875327273e-07
17139,4,1,115,868,249724,0,9.0756848709178e-07
17140,4,1,90,875,271558,0,5.78238310376602e-08
17141,4,1,104,867,290708,0,5.48654124677873e-09
17142,4,1,74,877,243975,0,5.454695178051e-08
17143,4,1,76,857,206301,0,1.04843797773962e-08
17144,4,1,108,850,260722,0,1.64055624331985e-08
17145,4,1,100,897,262383,0,4.90077115867815e-09
17146,4,1,80,918,203716,0,6.97283444638853e-08
17147,4,1,111,857,176768,0,2.31925666239065e-08
17148,4,1,104,877,158098,0,7.12201854521076e-09
17149,4,1,73,878,157232,0,1.09537521426234e-07
17150,4,1,81,898,139733,0,6.3398044006979e-09
17151,4,1,106,814,162117,0,1.50182427815171e-08
17152,4,1,100,882,165060,0,2.49031342264062e-09
17153,4,1,88,871,139413,0,2.87538530094012e-08
17154,4,1,108,859,134637,0,7.61042879231884e-09
17155,4,1,90,870,143376,0,2.35916776310654e-08
17156,4,1,99,859,174716,0,2.25456540701092e-09
17157,4,1,88,848,223052,0,6.24286792950357e-09
17158,4,1,118,885,148441,0,4.57546192157065e-08
17159,4,1,95,877,156143,0,1.10287705817202e-07
17160,4,1,86,858,155582,0,3.53779722959962e-09
17161,4,1,119,928,168441,0,1.55216475382498e-08
17162,4,1,95,850,209234,0,8.29691636952848e-08
17163,4,1,105,835,194169,0,3.34693633630562e-08
17164,4,1,109,888,202631,0,2.41624786966947e-09
17165,4,1,100,924,155783,0,1.87714134644419e-08
17166,4,1,94,901,186239,0,1.4963650386607e-08
17167,4,1,121,912,156765,0,1.88980554689678e-07
17168,4,1,95,864,203024,0,3.23262993830581e-08
17169,4,1,97,846,175160,0,3.86223143429244e-09
17170,4,1,103,837,150846,0,1.55280055657599e-07
17171,4,1,91,882,142262,0,4.41097078696306e-08
17172,4,1,100,934,172103,0,6.73371216263629e-08
17173,4,1,81,885,226345,0,3.05731081991844e-09
17174,4,1,96,841,218489,0,5.93802458660377e-08
17175,4,1,97,893,172129,0,2.1993278496115e-08
17176,4,1,85,877,310557,0,4.69411014123342e-09
17177,4,1,114,926,187196,0,2.3938971534591e-08
17178,4,1,97,884,154279,0,1.27592482805628e-08
17179,4,1,96,884,179112,0,3.96958284715939e-09
17180,4,1,80,864,150083,0,4.81564160759697e-09
17181,4,1,96,883,161499,0,2.95883190218588e-09
17182,4,1,95,878,177089,0,1.17643119207159e-07
17183,4,1,92,910,181699,0,2.13091009066776e-08
17184,4,1,127,872,169177,0,3.94720846765902e-09
17185,4,1,100,836,180852,0,1.86574742406733e-08
17186,4,1,88,871,220697,0,5.21290464875367e-08
17187,4,1,90,810,232313,0,1.5786745422036e-08
17188,4,1,95,880,238382,0,1.2929750962711e-08
17189,4,1,109,878,169867,0,4.54745404998691e-09
17190,4,1,105,829,327564,0,1.919816893396e-08
17191,4,1,91,891,428780,0,1.50049689962542e-08
17192,4,1,92,876,298935,0,9.04104779902618e-08
17193,4,1,101,853,223933,0,8.21487354365031e-09
17194,4,1,117,857,200453,0,4.79046108853584e-07
17195,4,1,117,856,185865,0,1.32816282769261e-06
17196,4,1,107,842,211303,0,2.08260661782114e-08
17197,4,1,113,834,190762,0,1.47474393226637e-08
17198,4,1,103,890,207788,0,2.28474871024612e-08
17199,4,1,83,839,178554,0,6.09751335914544e-09
17200,4,1,84,824,187204,0,7.76069491169907e-08
17201,4,1,107,839,195808,0,1.13691231706779e-08
17202,4,1,87,822,198707,0,2.60077722191658e-08
17203,4,1,92,845,219492,0,1.71849208300244e-07
17204,4,1,103,830,259643,0,2.78899052677606e-08
17205,4,1,112,896,334890,0,2.80877408235904e-08
17206,4,1,94,857,196446,0,3.91191880959727e-09
17207,4,1,85,883,185752,0,8.91275616221544e-09
17208,4,1,105,901,190156,0,6.90920847407206e-09
17209,4,1,98,857,201236,0,4.63041104147369e-09
17210,4,1,88,833,199945,0,8.61824942961031e-09
17211,4,1,95,856,199554,0,1.38100530498506e-08
17212,4,1,108,857,184263,0,4.34821219027239e-08
17213,4,1,113,865,155511,0,3.67997219406939e-07
17214,4,1,100,906,144430,0,7.6419852168573e-08
17215,4,1,95,895,111412,0,4.7558363033987e-08
17216,4,1,78,874,130022,0,3.95266799262442e-09
17217,4,1,98,827,138095,0,5.37970937530689e-08
17218,4,1,118,885,122920,0,1.73880809189562e-08
17219,4,1,80,883,143821,0,2.22807115314008e-08
17220,4,1,89,891,142446,0,1.27493889205989e-08
17221,4,1,87,862,130129,0,1.31996040217145e-08
17222,4,1,106,901,118021,0,1.41966785056784e-08
17223,4,1,102,873,103994,0,3.59490861920273e-08
17224,4,1,100,873,114000,0,1.4361155579301e-07
17225,4,1,93,854,118125,0,8.41167845446315e-09
17226,4,1,96,861,144968,0,2.25161613665254e-08
17227,4,1,108,900,215652,0,5.20119661466966e-08
17228,4,1,97,831,209971,0,4.08446247872477e-08
17229,4,1,112,839,203378,0,3.27785132440552e-08
17230,4,1,93,924,198626,0,1.60424314159032e-08
17231,4,1,84,869,243124,0,7.93909427261952e-08
17232,4,1,98,833,221486,0,6.79555704085649e-09
17233,4,1,102,872,234633,0,8.05066562318922e-08
17234,4,1,94,826,487520,0,2.02482158161105e-07
17235,4,1,98,872,366287,0,2.10406680918427e-08
17236,4,1,84,845,377355,0,4.40497532235941e-08
17237,4,1,122,858,427479,0,5.5743522799046e-08
17238,4,1,96,856,275091,0,1.52962847351966e-08
17239,4,1,109,885,302140,0,8.23055471308959e-09
17240,4,1,108,875,276989,0,3.46808533687016e-07
17241,4,1,114,901,199541,0,5.12187313330118e-08
17242,4,1,98,908,205897,0,1.64621351400531e-08
17243,4,1,102,889,266600,0,7.0748848306096e-09
17244,4,1,87,908,285398,0,7.28081626838071e-09
17245,4,1,86,871,230979,0,1.1055552655878e-08
17246,4,1,103,882,364046,0,9.06977007131612e-09
17247,4,1,91,883,346835,0,6.60446555624997e-09
17248,4,1,123,867,386807,0,2.40807089734929e-07
17249,4,1,89,871,386203,0,4.4713747790874e-08
17250,4,1,82,894,392482,0,1.88512557757109e-08
17251,4,1,84,866,481056,0,1.3987820029906e-08
17252,4,1,86,897,466959,0,2.49164933419736e-09
17253,4,1,100,872,537961,0,3.83599298545175e-09
17254,4,1,88,882,368369,0,1.38858382014041e-08
17255,4,1,89,856,353925,0,2.79964812266596e-07
17256,4,1,99,841,355152,0,5.90561360216848e-08
17257,4,1,72,865,417385,0,9.2796313565354e-09
17258,4,1,94,882,379307,0,1.75108360630778e-08
17259,4,1,116,824,416920,0,2.59629449897297e-09
17260,4,1,86,852,253248,0,8.90702443347823e-08
17261,4,1,77,888,219610,0,6.68353900388524e-08
17262,4,1,80,815,187805,0,1.3107320695727e-07
17263,4,1,83,842,226042,0,7.32565014848708e-09
17264,4,1,91,840,217350,0,6.28570563541938e-09
17265,4,1,71,834,248607,0,3.61410196009374e-08
17266,4,1,91,838,263825,0,8.49153017754212e-07
17267,4,1,110,861,215551,0,7.27861916336032e-09
17268,4,1,97,881,220967,0,4.60010307622125e-09
17269,4,1,82,860,219897,0,6.20298878190608e-09
17270,4,1,96,832,357242,0,1.62348843117564e-08
17271,4,1,91,790,373413,0,1.59498033811387e-08
17272,4,1,86,896,239591,0,2.71549112701265e-09
17273,4,1,86,903,197813,0,1.52876777995866e-08
17274,4,1,103,804,234355,0,1.55045661909956e-08
17275,4,1,82,880,273648,0,5.33501367514711e-09
17276,4,1,92,876,198434,0,5.00410118756795e-09
17277,4,1,103,842,258930,0,1.43337202176531e-07
17278,4,1,124,869,260076,0,7.90055687998402e-09
17279,4,1,99,849,228290,0,3.50046264541222e-08
17280,4,1,83,879,206907,0,1.28764686749635e-08
17281,4,1,97,868,188817,0,2.25108126130959e-08
17282,4,1,89,863,347350,0,2.76130797185683e-07
17283,4,1,78,846,240958,0,4.46565706542302e-09
17284,4,1,113,828,213300,0,4.05244534422632e-08
17285,4,1,66,897,202654,0,8.23236542679001e-08
17286,4,1,100,870,218504,0,1.7445320531867e-08
17287,4,1,77,862,190791,0,1.57571131680675e-08
17288,4,1,92,886,195807,0,6.74017151939399e-08
17289,4,1,95,837,149358,0,1.06839395620137e-07
17290,4,1,127,881,167433,0,3.15699518183188e-08
17291,4,1,124,872,195559,0,1.17412920765257e-08
17292,4,1,88,904,108734,0,3.38742624672071e-08
17293,4,1,94,866,147035,0,1.96109092136103e-08
17294,4,1,87,898,190955,0,9.25988375911747e-09
17295,4,1,79,854,168922,0,2.00871404654975e-08
17296,4,1,102,896,198921,0,1.96882150396688e-08
17297,4,1,87,873,199704,0,1.59637534080658e-08
17298,4,1,101,855,134714,0,4.98664308169982e-09
17299,4,1,80,877,155654,0,1.24370458348203e-08
17300,4,1,79,896,204642,0,3.50952645225541e-08
17301,4,1,86,832,142877,0,2.99381133073618e-09
17302,4,1,79,868,175313,0,1.38618339557591e-08
17303,4,1,90,898,176454,0,1.08205692865917e-08
17304,4,1,97,895,150780,0,3.41315184629358e-08
17305,4,1,87,890,161007,0,1.5500694321419e-09
17306,4,1,87,880,157865,0,2.68657886458914e-08
17307,4,1,94,883,156355,0,3.80829965061849e-09
17308,4,1,87,869,120932,0,7.5263367295703e-09
17309,4,1,95,882,112234,0,1.92904584583321e-08
17310,4,1,106,869,147484,0,8.79750874811596e-09
17311,4,1,87,875,143736,0,1.2474745098278e-08
17312,4,1,102,899,164914,0,1.1260110549521e-08
17313,4,1,83,871,240642,0,5.7356990871256e-08
17314,4,1,117,868,246434,0,2.9635832093762e-09
17315,4,1,112,860,224041,0,1.88655841670245e-09
17316,4,1,89,863,175676,0,1.67411003441425e-07
17317,4,1,97,880,193797,0,4.3392600626076e-09
17318,4,1,103,847,202170,0,1.96085172555097e-07
17319,4,1,111,901,260723,0,1.03613810040945e-08
17320,4,1,103,850,231850,0,5.25877029853452e-09
17321,4,1,87,865,227664,0,1.85400119818395e-09
17322,4,1,97,885,239633,0,6.28546102232577e-09
17323,4,1,94,845,199276,0,6.5541093734913e-08
17324,4,1,93,890,207871,0,2.06508226239683e-07
17325,4,1,86,865,242205,0,7.54630052082072e-09
17326,4,1,88,875,233036,0,3.481335029836e-08
17327,4,1,107,843,255510,0,9.9586200535681e-09
17328,4,1,82,877,236678,0,6.04144241070411e-09
17329,4,1,92,869,310597,0,1.06974013303405e-08
17330,4,1,90,853,334100,0,1.26592209260054e-07
17331,4,1,85,834,356131,0,6.62605141053043e-08
17332,4,1,87,861,257207,0,6.64663780664557e-08
17333,4,1,89,858,167022,0,2.21926158974069e-06
17334,4,1,99,895,164378,0,1.52486204601852e-08
17335,4,1,81,872,205150,0,2.6095783549409e-08
17336,4,1,96,863,158927,0,1.05720760177059e-08
17337,4,1,107,867,194330,0,4.58842158900778e-08
17338,4,1,120,875,206079,0,9.34668060837446e-09
17339,4,1,89,891,199337,0,6.64198826077866e-09
17340,4,1,94,881,169539,0,6.78414838996281e-08
17341,4,1,120,919,149304,0,1.45466153661831e-08
17342,4,1,85,888,164236,0,1.98514979491585e-08
17343,4,1,96,899,148863,0,7.25912637664206e-09
17344,4,1,88,883,122231,0,9.69448980355687e-09
17345,4,1,95,875,128814,0,1.68023207399585e-07
17346,4,1,102,891,116514,0,1.2764813800406e-08
17347,4,1,88,903,158326,0,2.87053849668929e-07
17348,4,1,84,923,165578,0,4.94387328469232e-09
17349,4,1,87,877,125457,0,4.0867697039615e-07
17350,4,1,100,861,182051,0,1.14292095426364e-07
17351,4,1,96,900,175570,0,2.22282947279994e-08
17352,4,1,87,898,185041,0,1.65950704163164e-07
17353,4,1,113,886,195991,0,5.23364735653312e-08
17354,4,1,103,890,237295,0,2.91516199083009e-08
17355,4,1,93,864,244616,0,2.94236105890644e-08
17356,4,1,108,898,149028,0,1.10610728185463e-08
17357,4,1,108,849,143270,0,8.33367200930925e-08
17358,4,1,119,891,171243,0,3.42283282615386e-08
17359,4,1,83,898,232020,0,1.76359255746709e-09
17360,4,1,103,827,222785,0,1.22801759547172e-08
17361,4,1,109,877,169278,0,8.55379975815269e-09
17362,4,1,94,848,129950,0,1.46634732055273e-08
17363,4,1,97,858,145122,0,1.27989227898991e-08
17364,4,1,80,877,196827,0,2.1791881190043e-08
17365,4,1,101,849,257419,0,2.79808109417215e-09
17366,4,1,109,911,234694,0,1.46979216271871e-08
17367,4,1,111,878,232752,0,8.99780768617874e-08
17368,4,1,91,902,284034,0,5.12143183214139e-09
17369,4,1,109,886,263348,0,8.42361558654845e-09
17370,4,1,91,882,215629,0,1.41305478898952e-08
17371,4,1,92,905,231575,0,8.41574322352248e-09
17372,4,1,92,862,256797,0,9.15077151520001e-08
17373,4,1,120,863,302027,0,3.98596301191242e-08
17374,4,1,98,888,275369,0,4.0069106156215e-09
17375,4,1,115,892,216782,0,2.40868144335193e-08
17376,4,1,97,828,285575,0,2.94224201227735e-09
17377,4,1,78,802,417189,0,9.0321075549374e-08
17378,4,1,104,848,239160,0,1.91420378812459e-08
17379,4,1,106,874,271556,0,2.4870715132875e-08
17380,4,1,93,888,267807,0,8.1492799274607e-10
17381,4,1,90,899,396094,0,6.9059210352172e-08
17382,4,1,83,856,418197,0,1.51759171439255e-08
17383,4,1,92,874,473112,0,3.43334587977008e-08
17384,4,1,92,830,455768,0,2.28054792223818e-09
17385,4,1,68,885,375199,0,1.24752669426612e-09
17386,4,1,87,909,284472,0,7.50434997099936e-09
17387,4,1,82,847,335879,0,6.89005353012046e-09
17388,4,1,89,880,403347,0,2.21569820543537e-09
17389,4,1,103,891,338781,0,1.65028033373461e-07
17390,4,1,113,914,297474,0,4.25679616450883e-09
17391,4,1,85,868,323679,0,6.11914652654873e-08
17392,4,1,102,862,415378,0,3.415678632613e-08
17393,4,1,93,886,366017,0,1.03502039346289e-08
17394,4,1,81,893,490160,0,2.94708874478523e-09
17395,4,1,112,867,800582,0,2.52998598356827e-08
17396,4,1,73,846,423310,0,5.47027513518807e-09
17397,4,1,87,890,265920,0,1.31302870221645e-08
17398,4,1,60,917,203767,0,3.573989077431e-09
17399,4,1,95,878,194598,0,1.54869365707012e-08
17400,4,1,81,901,181712,0,1.24643852833966e-08
17401,4,1,84,899,256715,0,3.81321767937716e-08
17402,4,1,95,907,284835,0,2.13054204127344e-08
17403,4,1,93,879,326692,0,8.05923076429645e-09
17404,4,1,104,859,263579,0,1.59686146601481e-09
17405,4,1,104,925,330977,0,1.10668807000958e-07
17406,4,1,103,863,264345,0,1.55180532236582e-08
17407,4,1,104,899,213879,0,3.78545808171866e-08
17408,4,1,89,904,195118,0,6.53537431129302e-08
17409,4,1,109,838,232163,0,9.91209099938771e-09
17410,4,1,101,855,212585,0,8.66228350988161e-08
17411,4,1,101,896,271502,0,1.0471299224044e-07
17412,4,1,85,907,210599,0,4.00744096700913e-08
17413,4,1,65,866,213587,0,4.39647064813779e-08
17414,4,1,70,893,218378,0,6.41016238733507e-07
17415,4,1,101,846,285018,0,1.54018547619106e-07
17416,4,1,83,893,280945,0,5.86276231874596e-08
17417,4,1,74,895,284880,0,2.49534349188134e-07
17418,4,1,99,898,228327,0,6.68418298936607e-08
17419,4,1,96,870,260539,0,7.82464012497508e-09
17420,4,1,76,893,238182,0,3.94168386200043e-08
17421,4,1,117,900,213851,0,8.6370011139501e-08
17422,4,1,101,901,282874,0,6.76459634146277e-08
17423,4,1,68,922,201039,0,1.31483406113113e-08
17424,4,1,94,872,357548,0,2.79319962223188e-07
17425,4,1,95,878,363571,0,4.84182000175777e-08
17426,4,1,80,896,286828,0,3.48447577394357e-09
17427,4,1,117,918,389001,0,6.87347999896767e-08
17428,4,1,122,869,365445,0,7.85986007735557e-07
17429,4,1,101,861,357367,0,3.6291512268208e-08
17430,4,1,95,875,340084,0,1.02133884162161e-08
17431,4,1,89,887,398460,0,7.43383071216588e-09
17432,4,1,93,912,415448,0,5.59562161505426e-09
17433,4,1,89,879,239718,0,1.39290381369053e-08
17434,4,1,85,899,243934,0,2.62041914943789e-07
17435,4,1,103,934,263982,0,3.03480375703625e-07
17436,4,1,102,896,233842,0,3.50723469981595e-07
17437,4,1,93,896,217701,0,1.23014749692167e-08
17438,4,1,89,900,325263,0,1.44148465553082e-08
17439,4,1,105,877,235785,0,4.74155702304672e-09
17440,4,1,78,912,222629,0,3.06244232165008e-08
17441,4,1,94,886,274184,0,4.71907102811232e-09
17442,4,1,112,918,207651,0,2.87331271682231e-09
17443,4,1,86,899,206974,0,1.26998766072298e-07
17444,4,1,91,884,358765,0,7.83682677987079e-06
17445,4,1,78,898,233336,0,1.37791043665259e-07
17446,4,1,96,917,269312,0,1.08790828160434e-08
17447,4,1,94,884,363976,0,4.15307282133402e-08
17448,4,1,116,858,380743,0,1.68335024705725e-07
17449,4,1,109,907,351861,0,1.18983768038126e-08
17450,4,1,119,910,273304,0,3.84440758695644e-08
17451,4,1,83,887,243761,0,2.47643986940815e-07
17452,4,1,96,888,349022,0,6.80655912939585e-08
17453,4,1,87,901,518768,0,7.07560392421638e-08
17454,4,1,88,902,418678,0,5.10468444636354e-08
17455,4,1,116,907,300630,0,5.35529738915952e-08
17456,4,1,82,901,325282,0,2.1604787969161e-07
17457,4,1,91,873,336655,0,4.62375631695231e-09
17458,4,1,100,891,475391,0,1.01827155503522e-07
17459,4,1,85,907,318813,0,1.32561004004112e-08
17460,4,1,93,971,301756,0,7.72755073563657e-08
17461,4,1,96,905,287697,0,3.1291206760401e-09
17462,4,1,80,949,248711,0,1.73631907297764e-07
17463,4,1,88,938,250201,0,1.62261717246198e-08
17464,4,1,95,886,246919,0,3.98926243732139e-08
17465,4,1,87,910,216381,0,2.17915417777694e-06
17466,4,1,96,927,221086,0,5.99455841668462e-08
17467,4,1,89,869,225761,0,2.69082658599529e-07
17468,4,1,94,885,272916,0,1.06878421501987e-09
17469,4,1,71,876,219828,0,1.18877269622948e-08
17470,4,1,91,904,258175,0,2.05152760097348e-09
17471,4,1,114,892,254816,0,9.07778411313038e-09
17472,4,1,101,861,238994,0,4.94856597426223e-09
17473,4,1,82,901,308432,0,7.34032676054967e-08
17474,4,1,80,867,226759,0,1.83823492531671e-08
17475,4,1,82,925,249648,0,5.05547697831236e-09
17476,4,1,110,888,276896,0,4.83074723766363e-08
17477,4,1,85,881,385840,0,2.23016144847736e-07
17478,4,1,90,920,540799,0,5.45767111515932e-08
17479,4,1,86,888,485859,0,1.81232695684394e-07
17480,4,1,80,889,473309,0,3.25185050092868e-08
17481,4,1,108,912,414678,0,1.50743984166105e-08
17482,4,1,96,916,349211,0,1.41674820648634e-08
17483,4,1,91,883,373758,0,4.18039520269325e-07
17484,4,1,105,890,242755,0,3.70752723741891e-07
17485,4,1,85,920,173340,0,1.9489009874423e-08
17486,4,1,97,897,163339,0,1.85988487047349e-09
17487,4,1,87,859,230549,0,5.78810801580504e-09
17488,4,1,71,864,290639,0,6.98738410795469e-08
17489,4,1,93,885,379022,0,2.94349457731133e-08
17490,4,1,98,888,299137,0,1.76216209545293e-08
17491,4,1,94,915,299566,0,7.31372038528099e-09
17492,4,1,83,886,268522,0,3.24828182109197e-09
17493,4,1,132,920,325695,0,1.58712444097515e-08
17494,4,1,86,883,180177,0,3.10470298941415e-08
17495,4,1,88,824,230688,0,3.1998948394823e-08
17496,4,1,98,901,245848,0,1.80939243871107e-08
17497,4,1,65,880,278114,0,2.83657984278993e-09
17498,4,1,84,885,224044,0,1.28754242353768e-07
17499,4,1,80,910,209491,0,1.49475194803708e-08
17500,4,1,82,909,228398,0,1.90875184190662e-09
17501,4,1,102,878,261119,0,2.59808608621417e-08
17502,4,1,96,889,243487,0,2.70533583858518e-08
17503,4,1,82,874,306085,0,4.71655745187786e-09
17504,4,1,97,891,354093,0,2.13313629142815e-07
17505,4,1,91,851,449558,0,9.60423357639126e-09
17506,4,1,105,877,373767,0,3.23860460978266e-09
17507,4,1,109,877,315363,0,1.4425610940776e-07
17508,4,1,104,861,364942,0,6.09293426805623e-09
17509,4,1,107,885,259974,0,4.17046293804688e-09
17510,4,1,109,883,213125,0,8.39175388148312e-08
17511,4,1,97,877,202483,0,1.58745868385992e-08
17512,4,1,90,879,170450,0,4.52109366596777e-09
17513,4,1,102,893,209511,0,5.401325925413e-09
17514,4,1,95,851,216527,0,3.97167443935195e-09
17515,4,1,104,912,239012,0,2.25780990705715e-08
17516,4,1,119,916,227391,0,4.51726837959529e-07
17517,4,1,98,896,214873,0,8.69071890453489e-09
17518,4,1,67,891,252889,0,4.0038734002923e-08
17519,4,1,90,912,245917,0,5.39539329174468e-08
17520,4,1,65,854,286872,0,1.90767439625881e-08
17521,4,1,78,854,253997,0,1.10875470470865e-07
17522,4,1,111,860,333191,0,1.23064467586265e-07
17523,4,1,95,897,332505,0,5.76660905035735e-08
17524,4,1,78,876,281688,0,2.47501340911457e-08
17525,4,1,68,874,301383,0,1.7779401580943e-07
17526,4,1,94,864,252581,0,5.58177031846919e-08
17527,4,1,88,909,215103,0,1.67151795063147e-08
17528,4,1,100,936,250938,0,9.09589648952131e-09
17529,4,1,98,858,453078,0,8.81125802373189e-09
17530,4,1,106,895,423077,0,2.45309674675337e-08
17531,4,1,80,912,447236,0,9.03655044235514e-09
17532,4,1,90,879,400451,0,2.06347929911234e-08
17533,4,1,86,854,404265,0,3.59612612252728e-09
17534,4,1,75,909,620241,0,8.22527207480484e-09
17535,4,1,90,927,531611,0,3.99579088913747e-06
17536,4,1,91,889,547930,0,1.00116872905622e-08
17537,4,1,116,840,523235,0,4.21051361912357e-08
17538,4,1,91,886,578461,0,9.94387130481401e-07
17539,4,1,83,828,736201,0,3.94198938263623e-08
17540,4,1,84,826,503824,0,1.60063617923205e-08
17541,4,1,87,892,430273,0,2.98814648064522e-08
17542,4,1,102,882,491675,0,5.73805272568039e-09
17543,4,1,97,816,476527,0,1.52701360719817e-08
17544,4,1,116,905,518380,0,1.99693352264955e-08
17545,4,1,74,892,343004,0,2.36784325898436e-08
17546,4,1,88,916,398058,0,9.21882104381722e-09
17547,4,1,87,862,456057,0,6.81659614821628e-08
17548,4,1,90,885,436703,0,5.4390008416953e-08
17549,4,1,102,864,365340,0,8.98825990976011e-08
17550,4,1,101,873,358146,0,5.78477821145793e-09
17551,4,1,90,855,359319,0,2.11715626789546e-08
17552,4,1,92,879,359790,0,1.13272786333914e-06
17553,4,1,96,871,346266,0,7.42455914574264e-08
17554,4,1,72,842,382883,0,1.0652614958256e-08
17555,4,1,85,823,412385,0,1.08455480787096e-08
17556,4,1,109,861,318880,0,1.85731792952524e-08
17557,4,1,105,878,312560,0,6.65656640249052e-09
17558,4,1,105,845,309016,0,3.79948754472556e-07
17559,4,1,101,862,332515,0,5.31505248085584e-09
17560,4,1,100,890,285887,0,3.72527093255551e-09
17561,4,1,73,872,238716,0,3.58100457920804e-09
17562,4,1,74,872,173628,0,6.49895672533918e-08
17563,4,1,86,919,208579,0,4.74274531119893e-09
17564,4,1,122,857,297351,0,6.77134172118419e-08
17565,4,1,95,837,289082,0,3.99940298597505e-09
17566,4,1,85,881,254894,0,5.14884039808842e-09
17567,4,1,96,907,198421,0,1.43376162674052e-08
17568,4,1,95,890,332664,0,4.82569620541152e-08
17569,4,1,90,869,362192,0,4.39675432551768e-08
17570,4,1,76,850,311566,0,2.67328674247373e-09
17571,4,1,83,885,301622,0,1.32026491829817e-08
17572,4,1,75,864,273930,0,9.09358456320709e-09
17573,4,1,97,855,301732,0,1.23004835473083e-07
17574,4,1,78,806,272195,0,3.62146195051685e-08
17575,4,1,78,891,289553,0,6.66745454307358e-08
17576,4,1,89,864,363888,0,7.7486137403816e-08
17577,4,1,79,893,297583,0,3.15178919010786e-09
17578,4,1,99,911,236195,0,1.01281630520191e-07
17579,4,1,98,872,279510,0,1.42918590809569e-08
17580,4,1,74,924,287169,0,8.83166350065422e-08
17581,4,1,108,889,257099,0,7.60070634690178e-09
17582,4,1,101,863,245731,0,5.90271147676819e-09
17583,4,1,78,890,258623,0,7.11385814340279e-09
17584,4,1,77,892,249024,0,4.0922131372665e-08
17585,4,1,110,880,287421,0,4.6626108108395e-08
17586,4,1,80,892,262915,0,2.43769659692672e-09
17587,4,1,96,848,319497,0,1.43356682289697e-08
17588,4,1,107,875,357311,0,5.56016200757923e-09
17589,4,1,112,888,324586,0,3.7618138191142e-08
17590,4,1,84,850,292002,0,5.16977064249275e-08
17591,4,1,97,865,310492,0,1.93854931427974e-08
17592,4,1,93,879,309914,0,8.36141820084921e-09
17593,4,1,96,845,271083,0,3.02157594031703e-08
17594,4,1,99,872,326741,0,8.14567517200316e-09
17595,4,1,100,857,339976,0,1.69117618934362e-09
17596,4,1,86,880,319343,0,3.44438899290043e-08
17597,4,1,91,930,376737,0,5.42440786328253e-09
17598,4,1,115,862,312582,0,4.4327472525944e-09
17599,4,1,112,874,312775,0,1.83212528641454e-08
17600,4,1,83,871,315758,0,1.4135036327254e-08
17601,4,1,115,910,350880,0,4.97192226086924e-09
17602,4,1,87,863,459548,0,4.46182880017473e-08
17603,4,1,83,865,363481,0,1.30593078366516e-08
17604,4,1,98,898,256569,0,2.72486149885146e-09
17605,4,1,125,901,345502,0,4.33382531811783e-09
17606,4,1,101,891,344367,0,6.64758021879034e-09
17607,4,1,107,874,360677,0,1.8607766343468e-08
17608,4,1,89,865,324775,0,1.22268009956278e-06
17609,4,1,90,882,414497,0,4.1562278953257e-08
17610,4,1,80,853,257236,0,5.20909029201616e-08
17611,4,1,86,872,348998,0,9.31164241891682e-09
17612,4,1,80,846,364876,0,2.48217999529861e-08
17613,4,1,91,878,354233,0,4.93577313502231e-08
17614,4,1,90,872,382874,0,2.51464264753586e-08
17615,4,1,72,864,361692,0,1.97630355670999e-08
17616,4,1,80,874,494297,0,1.71237846100532e-08
17617,4,1,122,846,542884,0,1.90868686281849e-07
17618,4,1,81,868,342112,0,3.13957261411695e-09
17619,4,1,92,835,358631,0,1.12945555294674e-08
17620,4,1,94,894,343137,0,1.15239326218193e-08
17621,4,1,102,869,540760,0,1.25599450926397e-08
17622,4,1,91,941,431984,0,6.47129718424746e-09
17623,4,1,113,885,385916,0,1.78298354425421e-09
17624,4,1,80,872,442198,0,2.69417143460639e-08
17625,4,1,107,867,443773,0,6.68452549616496e-09
17626,4,1,94,838,431691,0,1.77589331609872e-08
17627,4,1,87,858,425556,0,1.64970000829003e-08
17628,4,1,96,905,555146,0,1.10463154814214e-08
17629,4,1,90,825,507883,0,3.19142122744628e-08
17630,4,1,87,852,398271,0,5.71224959727986e-09
17631,4,1,66,844,544448,0,9.79146971145335e-08
17632,4,1,88,838,530977,0,1.19052975143492e-08
17633,4,1,79,877,458838,0,6.28466896939659e-09
17634,4,1,86,862,614974,0,1.46064934351739e-09
17635,4,1,106,850,801858,0,2.10291693978418e-08
17636,4,1,93,862,727003,0,4.88500132867606e-09
17637,4,1,104,845,569581,0,2.0720669008153e-08
17638,4,1,90,868,763996,0,8.55338498518153e-09
17639,4,1,95,875,655914,0,1.28247006886431e-08
17640,4,1,92,883,387587,0,8.13019975840029e-09
17641,4,1,101,892,485467,0,6.17293218279132e-09
17642,4,1,100,869,527947,0,1.43509138672354e-08
17643,4,1,93,832,509787,0,1.401253016541e-08
17644,4,1,97,866,469448,0,3.22933746303587e-08
17645,4,1,72,833,566488,0,1.83466112186445e-08
17646,4,1,105,890,558846,0,1.33667443955292e-08
17647,4,1,120,850,592892,0,4.84445343259671e-09
17648,4,1,85,878,474321,0,1.09058989007397e-08
17649,4,1,95,862,442307,0,4.5327850919669e-07
17650,4,1,94,849,469998,0,8.37577610352684e-09
17651,4,1,97,886,383997,0,1.13375928075193e-08
17652,4,1,94,894,346415,0,8.81414492313785e-09
17653,4,1,91,892,384528,0,1.14220130697342e-07
17654,4,1,94,900,324035,0,1.61550806691766e-08
17655,4,1,97,873,329115,0,4.7383190936158e-09
17656,4,1,91,866,353879,0,4.73351057519825e-09
17657,4,1,79,917,357329,0,5.25940455723852e-09
17658,4,1,93,885,367052,0,1.22166044280164e-07
17659,4,1,92,912,325694,0,5.39977678952789e-08
17660,4,1,75,918,602926,0,3.63813768725648e-09
17661,4,1,107,888,366323,0,6.51798687026155e-09
17662,4,1,80,901,427442,0,1.67115270569291e-07
17663,4,1,78,887,399928,0,1.09633351468661e-07
17664,4,1,101,913,395100,0,5.5920007281579e-09
17665,4,1,94,894,355883,0,9.72099684009804e-09
17666,4,1,96,917,337536,0,2.49498835064096e-09
17667,4,1,85,882,296521,0,3.13350013912954e-08
17668,4,1,122,890,394869,0,3.70040973226625e-09
17669,4,1,114,894,256872,0,3.10065447234065e-08
17670,4,1,98,902,197084,0,7.09964179836826e-08
17671,4,1,107,890,186716,0,5.606975348996e-09
17672,4,1,112,909,217709,0,6.51675659028341e-09
17673,4,1,88,888,225867,0,1.65099525873399e-08
17674,4,1,97,943,245505,0,5.97785992560072e-09
17675,4,1,105,920,254559,0,3.19198405321871e-08
17676,4,1,103,887,292081,0,1.38274225355386e-08
17677,4,1,97,879,252365,0,1.68591092029747e-08
17678,4,1,102,859,290479,0,1.36054249173383e-05
17679,4,1,84,881,299088,0,7.20099546470534e-09
17680,4,1,111,915,255945,0,8.24384372986288e-08
17681,4,1,91,893,217298,0,7.41815922611524e-09
17682,4,1,109,928,253289,0,5.12617509165939e-08
17683,4,1,98,924,303251,0,4.28029712079867e-09
17684,4,1,93,869,284322,0,1.59461203350518e-08
17685,4,1,91,885,222224,0,3.53097482869575e-08
17686,4,1,74,814,313309,0,4.96840141441122e-09
17687,4,1,96,884,357565,0,6.72204109632672e-09
17688,4,1,98,877,208491,0,1.1152943804256e-07
17689,4,1,85,851,302297,0,5.9279000862036e-09
17690,4,1,114,870,204394,0,1.20946244585695e-08
17691,4,1,102,882,206315,0,7.30210869521856e-09
17692,4,1,101,900,229328,0,3.70391358570552e-09
17693,4,1,96,909,161795,0,4.84071425921436e-07
17694,4,1,103,848,159229,0,1.38525669368468e-08
17695,4,1,85,903,146278,0,3.01672516188062e-08
17696,4,1,98,849,136937,0,4.30390753280492e-08
17697,4,1,82,900,167149,0,3.97845145747698e-09
17698,4,1,73,884,160839,0,5.60594170847678e-07
17699,4,1,103,866,139173,0,3.05721437557661e-08
17700,4,1,99,892,134620,0,9.61284042639849e-09
17701,4,1,103,876,156141,0,4.91037332757337e-09
17702,4,1,99,808,179165,0,2.41988694776159e-08
17703,4,1,101,882,162900,0,5.3321446414736e-09
17704,4,1,86,896,158802,0,9.51636530082841e-08
17705,4,1,98,931,111893,0,2.63169885829599e-09
17706,4,1,117,886,113927,0,6.29139301538241e-08
17707,4,1,115,891,115395,0,2.63687858685497e-08
17708,4,1,100,853,130607,0,1.40221580614621e-06
17709,4,1,107,883,112560,0,3.87960948303530e-09
17710,4,1,100,903,91956,0,2.97569280377248e-09
17711,4,1,98,907,133586,0,1.77694839294453e-08
17712,4,1,95,935,106073,0,1.35199454484121e-08
17713,4,1,100,915,139442,0,6.99320751428495e-09
17714,4,1,116,924,146947,0,2.57584677080183e-09
17715,4,1,109,882,121009,0,8.89615160539275e-09
17716,4,1,98,873,125554,0,9.29422309991244e-09
17717,4,1,96,890,117102,0,6.27984968278502e-09
17718,4,1,87,918,104806,0,5.77322399629118e-08
17719,4,1,87,905,126122,0,5.38398020051235e-09
17720,4,1,106,866,163318,0,1.12794965027416e-08
17721,4,1,98,893,191317,0,3.97747633959273e-09
17722,4,1,106,890,185928,0,7.2934382196915e-09
17723,4,1,83,903,188840,0,9.86396970161376e-09
17724,4,1,84,851,191935,0,6.73781911083371e-08
17725,4,1,101,842,232657,0,5.74971974144385e-09
17726,4,1,98,873,169170,0,3.57506282007547e-09
17727,4,1,88,935,166708,0,2.43619468504259e-08
17728,4,1,101,912,268872,0,1.16013226064112e-08
17729,4,1,85,856,278705,0,7.24549729425373e-08
17730,4,1,78,900,217505,0,1.64509932439772e-07
17731,4,1,113,870,176052,0,3.3762361826816e-08
17732,4,1,98,858,213921,0,1.82246504994851e-07
17733,4,1,105,836,200659,0,7.27781332799449e-09
17734,4,1,97,880,202834,0,4.7433471404853e-09
17735,4,1,103,892,195463,0,1.58414939460794e-08
17736,4,1,107,866,216193,0,3.06551193801898e-08
17737,4,1,104,887,232618,0,1.08719830259603e-08
17738,4,1,99,867,171991,0,3.25760381908354e-09
17739,4,1,95,859,233240,0,3.32089322466472e-07
17740,4,1,103,865,258978,0,4.243074056929e-09
17741,4,1,97,878,248953,0,1.84171755401654e-09
17742,4,1,95,852,258778,0,7.09890811662757e-09
17743,4,1,98,845,233155,0,1.25355364050001e-08
17744,4,1,97,872,195751,0,3.70525261316343e-09
17745,4,1,72,867,171690,0,5.22454899147897e-09
17746,4,1,106,860,196356,0,9.1530615839634e-08
17747,4,1,104,896,178556,0,1.72861668066598e-08
17748,4,1,97,892,194002,0,3.23369592979354e-09
17749,4,1,77,862,189725,0,1.41956470612876e-08
17750,4,1,83,831,190359,0,2.55209334783241e-09
17751,4,1,93,910,212968,0,1.38355104758056e-08
17752,4,1,100,847,201526,0,1.31864376664146e-08
17753,4,1,87,868,172738,0,1.9929852432786e-08
17754,4,1,104,884,222591,0,8.82989741702815e-08
17755,4,1,111,904,260336,0,8.65440557350827e-08
17756,4,1,88,878,274918,0,2.32567989164979e-09
17757,4,1,113,890,325548,0,1.19745090050807e-08
17758,4,1,97,862,685232,0,1.65077924120864e-08
17759,4,1,103,900,861673,0,2.41010799573496e-09
17760,4,1,80,856,871501,0,1.5799667494315e-08
17761,4,1,92,873,754406,0,2.45419014380919e-09
17762,4,1,97,911,520031,0,1.04152560959028e-08
17763,4,1,96,919,389635,0,3.86530400683461e-09
17764,4,1,81,918,455311,0,3.70750963021822e-08
17765,4,1,64,890,487266,0,4.29666778783568e-08
17766,4,1,75,900,495451,0,1.39471879118722e-09
17767,4,1,84,899,381613,0,6.06907113766269e-09
17768,4,1,92,887,390515,0,1.57319454528274e-08
17769,4,1,89,850,449093,0,3.35213769607902e-07
17770,4,1,90,891,389876,0,3.35805670288895e-07
17771,4,1,90,830,323111,0,9.89652906612491e-09
17772,4,1,96,886,321074,0,2.80303087427397e-08
17773,4,1,68,904,331319,0,1.76001729103333e-08
17774,4,1,100,898,241683,0,6.11306443940832e-09
17775,4,1,92,859,232723,0,1.63772825802276e-08
17776,4,1,104,874,284486,0,1.32803403188055e-08
17777,4,1,84,850,244933,0,3.69398845689552e-08
17778,4,1,90,854,246399,0,1.12629171826506e-08
17779,4,1,95,882,282225,0,4.88145071692844e-09
17780,4,1,72,839,246615,0,2.73434037586448e-08
17781,4,1,67,837,345942,0,4.54263044258912e-09
17782,4,1,92,874,379750,0,1.07951236127863e-08
17783,4,1,105,858,272805,0,6.66229252318395e-09
17784,4,1,90,878,273780,0,1.77399242976363e-08
17785,4,1,100,871,261120,0,6.5603669038961e-09
17786,4,1,107,853,275030,0,2.33899865842443e-07
17787,4,1,111,870,498941,0,1.05273326789726e-08
17788,4,1,92,884,545755,0,1.88229835213555e-08
17789,4,1,100,867,579725,0,2.9939670981298e-07
17790,4,1,89,872,447441,0,3.63303336840034e-09
17791,4,1,100,858,281476,0,1.54867006862461e-08
17792,4,1,101,887,245630,0,9.63012264428749e-09
17793,4,1,69,814,297734,0,1.42463171759869e-09
17794,4,1,82,928,324352,0,4.28534890246659e-08
17795,4,1,111,875,362751,0,1.18019614347125e-08
17796,4,1,94,896,372778,0,8.55162762150828e-08
17797,4,1,97,892,333952,0,1.09754692055663e-08
17798,4,1,100,844,287059,0,1.41467201565624e-09
17799,4,1,101,875,288867,0,1.06554279880739e-07
17800,4,1,101,843,301838,0,5.25277589905262e-08
17801,4,1,111,903,291220,0,8.2000826181088e-09
17802,4,1,93,911,265391,0,1.73281207452245e-08
17803,4,1,111,892,318165,0,2.74905684266385e-09
17804,4,1,105,857,335208,0,1.23294010903657e-09
17805,4,1,91,845,292617,0,2.34086152561608e-08
17806,4,1,84,852,256281,0,1.37340297422169e-08
17807,4,1,81,845,288360,0,1.19429506584115e-07
17808,4,1,95,834,243313,0,1.05811199051805e-08
17809,4,1,99,892,295349,0,2.70051952459509e-07
17810,4,1,99,860,440353,0,1.16300379490095e-08
17811,4,1,83,857,306217,0,7.20564386909457e-09
17812,4,1,109,831,299604,0,8.1010242356542e-09
17813,4,1,93,827,263764,0,1.37414369493676e-07
17814,4,1,83,804,275040,0,1.20317713398267e-08
17815,4,1,101,933,292799,0,8.74758727160419e-09
17816,4,1,96,904,299658,0,3.91861029654029e-09
17817,4,1,84,872,371906,0,2.92453938370104e-08
17818,4,1,76,868,353283,0,2.57805468038084e-07
17819,4,1,107,910,353382,0,4.20227761871845e-09
17820,4,1,75,817,264209,0,1.03114776785974e-06
17821,4,1,104,840,262002,0,2.37829214280623e-08
17822,4,1,93,894,258522,0,1.81659551574422e-07
17823,4,1,91,867,270242,0,2.53798255627989e-08
17824,4,1,89,872,279922,0,8.31587651594703e-09
17825,4,1,110,865,243188,0,3.08619117163597e-08
17826,4,1,86,863,246094,0,2.21619148579581e-08
17827,4,1,83,833,333046,0,3.55157465012966e-08
17828,4,1,94,859,367356,0,2.09755587987479e-07
17829,4,1,86,851,322212,0,1.77442361238224e-07
17830,4,1,74,860,390065,0,7.87244054630067e-09
17831,4,1,112,904,384407,0,1.35230446272836e-07
17832,4,1,80,906,344865,0,9.89366073710482e-09
17833,4,1,109,896,414248,0,5.74993322175935e-09
17834,4,1,99,921,341328,0,6.86085167245501e-09
17835,4,1,74,827,352020,0,8.32495911680267e-09
17836,4,1,98,918,361848,0,4.17407062070499e-09
17837,4,1,99,923,338819,0,9.28943553788027e-09
17838,4,1,100,875,435471,0,1.32617179357121e-08
17839,4,1,92,899,530018,0,3.42408484674439e-08
17840,4,1,79,890,466636,0,1.34171077612268e-07
17841,4,1,89,862,530333,0,1.67191725165282e-08
17842,4,1,112,856,423944,0,4.23073719791784e-09
17843,4,1,113,881,376884,0,2.11353153472828e-08
17844,4,1,117,882,369856,0,6.56880575267537e-09
17845,4,1,98,879,254049,0,2.21333289755162e-08
17846,4,1,116,863,271199,0,2.66575289838524e-08
17847,4,1,101,858,292851,0,5.47829932576284e-09
17848,4,1,97,865,269174,0,2.99447073433367e-08
17849,4,1,92,879,333784,0,1.76901324381356e-08
17850,4,1,107,858,314901,0,7.70213929964212e-07
17851,4,1,118,885,312536,0,3.16791497912116e-08
17852,4,1,71,865,295465,0,1.7120259060011e-07
17853,4,1,88,880,303730,0,5.90161322909547e-08
17854,4,1,111,924,457789,0,9.23521156227267e-08
17855,4,1,89,893,705627,0,4.61836376816971e-09
17856,4,1,90,888,574682,0,4.74029006592262e-09
17857,4,1,81,904,329473,0,1.50753194302631e-08
17858,4,1,93,884,347576,0,2.45059410830625e-08
17859,4,1,101,880,453313,0,1.2674312983079e-08
17860,4,1,80,881,598464,0,2.85304605837921e-08
17861,4,1,76,883,532022,0,1.13367552941847e-08
17862,4,1,75,893,507247,0,3.54486729795636e-09
17863,4,1,85,923,481171,0,2.85747604972363e-08
17864,4,1,92,845,397230,0,1.35490169649158e-08
17865,4,1,112,872,507999,0,1.24045561465912e-08
17866,4,1,100,885,306541,0,1.66606017271668e-08
17867,4,1,86,860,378287,0,3.72768597931898e-09
17868,4,1,68,891,392621,0,5.82421773013157e-09
17869,4,1,69,866,478296,0,1.54782640083274e-08
17870,4,1,96,841,482336,0,7.48952163705331e-08
17871,4,1,90,852,382756,0,1.1391992034745e-08
17872,4,1,82,890,532670,0,9.30930492527649e-08
17873,4,1,98,868,545537,0,1.20379854276113e-07
17874,4,1,68,864,429423,0,4.43959396578078e-08
17875,4,1,93,869,488359,0,9.56492322160391e-09
17876,4,1,79,869,585200,0,3.84470643767579e-08
17877,4,1,84,878,469977,0,2.8123282645853e-08
17878,4,1,80,907,556258,0,2.29895215735158e-08
17879,4,1,97,865,648986,0,3.91374868850583e-08
17880,4,1,87,863,795198,0,4.81902611332453e-09
17881,4,1,78,886,712622,0,1.86061210746389e-07
17882,4,1,87,931,454828,0,9.39035861396952e-09
17883,4,1,84,894,626854,0,1.15315554847667e-07
17884,4,1,93,883,696225,0,2.33031865295306e-08
17885,4,1,90,859,492724,0,7.05207155423445e-09
17886,4,1,88,940,383431,0,1.87176855126159e-08
17887,4,1,71,912,393186,0,7.30535790496636e-07
17888,4,1,86,885,340721,0,4.73254896970692e-06
17889,4,1,92,907,293619,0,1.10947997271645e-06
17890,4,1,77,880,269074,0,1.08801232704618e-08
17891,4,1,81,889,254228,0,7.29502321041199e-09
17892,4,1,85,885,277410,0,8.35221980463765e-09
17893,4,1,106,920,250519,0,3.11743250057335e-09
17894,4,1,114,928,275088,0,4.54930224729838e-08
17895,4,1,91,878,237712,0,4.23781118796635e-08
17896,4,1,78,929,222150,0,6.96271297612826e-08
17897,4,1,72,900,193507,0,8.64134024179699e-09
17898,4,1,89,899,197136,0,2.2021567853561e-08
17899,4,1,86,888,174023,0,3.3531616267003e-09
17900,4,1,76,890,187025,0,2.78665036003019e-08
17901,4,1,90,871,250210,0,2.08447744896981e-08
17902,4,1,97,892,242082,0,7.70116240814234e-09
17903,4,1,130,901,226383,0,4.4791881321302e-09
17904,4,1,95,890,214869,0,7.87813102651119e-08
17905,4,1,91,877,333692,0,5.37203628612055e-09
17906,4,1,100,882,350466,0,7.69721883589202e-09
17907,4,1,68,948,349856,0,2.82269245157058e-07
17908,4,1,79,946,340634,0,1.04395348400228e-07
17909,4,1,92,867,375743,0,3.89548300907087e-08
17910,4,1,80,867,320906,0,1.63352187563145e-08
17911,4,1,87,910,405033,0,1.01814496391216e-08
17912,4,1,99,859,395993,0,5.49861998139446e-08
17913,4,1,80,926,343480,0,1.09657760645439e-08
17914,4,1,75,877,338746,0,1.32381003840287e-08
17915,4,1,82,918,385877,0,2.74193163048345e-09
17916,4,1,90,868,334419,0,6.01034708233506e-08
17917,4,1,64,895,349698,0,4.39856561029887e-08
17918,4,1,97,874,390947,0,1.86768104885608e-07
17919,4,1,90,853,527511,0,3.01972734667036e-09
17920,4,1,96,881,375530,0,5.6488189700441e-08
17921,4,1,86,843,402527,0,5.05075743108482e-09
17922,4,1,89,853,352494,0,3.10754255782647e-08
17923,4,1,95,856,369484,0,3.43544780050218e-08
17924,4,1,119,849,318805,0,4.96880097789004e-08
17925,4,1,92,871,343565,0,3.93386237010692e-08
17926,4,1,88,846,407706,0,1.54581496569448e-08
17927,4,1,78,840,487680,0,1.45086993926612e-07
17928,4,1,111,832,382088,0,6.09338548089146e-09
17929,4,1,87,857,268087,0,8.36724732606257e-09
17930,4,1,86,911,374001,0,1.22128155043195e-08
17931,4,1,86,888,458049,0,2.57954062937074e-08
17932,4,1,121,870,569936,0,2.38498639308036e-08
17933,4,1,87,886,302555,0,8.84714101304039e-09
17934,4,1,105,898,294933,0,1.45114112438578e-08
17935,4,1,95,870,277318,0,1.06564027798375e-08
17936,4,1,87,876,237054,0,2.49999260208992e-08
17937,4,1,86,865,259496,0,2.61517884205382e-08
17938,4,1,65,913,292195,0,1.32760618997379e-07
17939,4,1,80,838,286171,0,1.76661226824379e-08
17940,4,1,69,881,249472,0,9.5080709519901e-09
17941,4,1,102,864,342771,0,7.15920772385825e-08
17942,4,1,92,890,421652,0,6.05958895350098e-08
17943,4,1,77,890,368116,0,1.3330470555707e-08
17944,4,1,113,849,328899,0,5.51917049400878e-09
17945,4,1,89,918,326081,0,6.24609033124496e-09
17946,4,1,78,897,294649,0,2.20403977819989e-08
17947,4,1,70,842,258702,0,7.58118776159133e-09
17948,4,1,94,881,300980,0,1.22548536984412e-08
17949,4,1,81,899,323234,0,1.11948866521906e-08
17950,4,1,94,862,381674,0,1.83172153647498e-08
17951,4,1,84,898,405208,0,1.91555725687614e-08
17952,4,1,84,891,326776,0,2.51380073135074e-07
17953,4,1,81,877,317555,0,3.13446264448484e-08
17954,4,1,73,911,369929,0,5.15199703305141e-08
17955,4,1,95,823,537514,0,1.00394227866737e-08
17956,4,1,87,890,560510,0,8.68172067833911e-08
17957,4,1,96,846,553575,0,8.46232655858808e-09
17958,4,1,83,872,541209,0,6.1475422238977e-07
17959,4,1,83,874,638680,0,9.48222533131433e-08
17960,4,1,72,876,624524,0,3.53143755308871e-09
17961,4,1,90,871,478689,0,9.84002695856269e-09
17962,4,1,91,879,488414,0,7.79755153041836e-08
17963,4,1,89,876,413631,0,2.50662516925934e-08
17964,4,1,92,886,377589,0,1.12952035961499e-07
17965,4,1,94,893,318161,0,9.41461351756997e-09
17966,4,1,91,902,365166,0,4.78140042300228e-07
17967,4,1,83,838,412835,0,2.05580937328062e-07
17968,4,1,83,854,376288,0,2.27518392554526e-08
17969,4,1,100,897,362198,0,5.66137160534197e-09
17970,4,1,98,866,394762,0,3.22665273100994e-08
17971,4,1,120,899,425147,0,1.09001030267952e-08
17972,4,1,104,904,517677,0,5.2034894965542e-08
17973,4,1,78,920,537961,0,2.96443226222834e-08
17974,4,1,99,876,561799,0,2.88385784932865e-09
17975,4,1,89,866,493609,0,1.61410517243096e-08
17976,4,1,109,872,377345,0,5.14030719057211e-08
17977,4,1,103,886,238456,0,2.54617347979186e-08
17978,4,1,94,903,232273,0,1.025631113178e-08
17979,4,1,106,935,234512,0,1.82723232342555e-07
17980,4,1,102,860,274760,0,5.05443149465977e-09
17981,4,1,103,889,331185,0,9.80010430472825e-09
17982,4,1,99,912,252040,0,2.436027981731e-08
17983,4,1,95,846,283216,0,1.14444215472392e-08
17984,4,1,105,880,276141,0,2.7205955245402e-08
17985,4,1,85,936,208049,0,3.36540230333462e-08
17986,4,1,97,905,216657,0,1.47458646841147e-08
17987,4,1,80,890,214857,0,2.97027645448853e-08
17988,4,1,94,936,201834,0,8.82480052227739e-08
17989,4,1,84,940,210416,0,8.48121447216047e-08
17990,4,1,95,887,244852,0,1.29561243650149e-06
17991,4,1,97,958,234772,0,1.29577456189878e-07
17992,4,1,101,862,271497,0,2.78417249831859e-08
17993,4,1,109,905,239481,0,3.35050508690185e-08
17994,4,1,90,887,253994,0,1.03889801501095e-08
17995,4,1,101,860,259873,0,1.59662357453092e-08
17996,4,1,116,902,227385,0,4.68257911045133e-07
17997,4,1,90,896,233012,0,6.05837632130572e-08
17998,4,1,95,853,246452,0,5.65115624694772e-08
17999,4,1,95,924,239306,0,7.45091770632045e-08
18000,4,1,86,891,168641,0,2.61712330836117e-09
18001,4,1,88,900,151888,0,6.14869774522915e-08
18002,4,1,74,907,161654,0,2.93361324127131e-08
18003,4,1,95,908,209577,0,1.30244569681944e-07
18004,4,1,88,939,190209,0,1.58868015834633e-08
18005,4,1,114,877,203252,0,8.41143163641277e-09
18006,4,1,85,896,296974,0,1.33037465463262e-08
18007,4,1,100,927,276817,0,2.51210822098968e-08
18008,4,1,90,864,243950,0,4.06788382582409e-08
18009,4,1,91,886,200983,0,9.09335043468738e-09
18010,4,1,95,862,198591,0,1.73299061768334e-08
18011,4,1,91,888,209708,0,1.16510445319555e-08
18012,4,1,96,901,250467,0,2.43853248160025e-08
18013,4,1,72,901,204997,0,7.88303282490859e-09
18014,4,1,95,898,294078,0,2.28327696885837e-08
18015,4,1,78,875,227700,0,1.19914635513016e-07
18016,4,1,97,892,244626,0,9.62854982539054e-09
18017,4,1,102,888,246261,0,1.00142773100056e-08
18018,4,1,108,915,171647,0,3.8157482636555e-09
18019,4,1,87,914,178077,0,2.04747209119871e-09
18020,4,1,95,877,202350,0,4.78084292925968e-06
18021,4,1,102,826,230072,0,1.44031120096834e-08
18022,4,1,95,900,199493,0,3.29097618250069e-08
18023,4,1,96,892,219648,0,5.84319316517339e-08
18024,4,1,78,879,201594,0,1.6166485865211e-08
18025,4,1,96,867,237038,0,1.11319793950125e-08
18026,4,1,99,850,330601,0,2.02361036694829e-09
18027,4,1,94,860,213153,0,5.17219629311221e-09
18028,4,1,96,815,239278,0,1.8525644595021e-08
18029,4,1,93,879,213554,0,1.86200623591205e-07
18030,4,1,87,903,210581,0,7.26592219978297e-09
18031,4,1,79,892,247207,0,1.51796446707118e-08
18032,4,1,98,855,229328,0,1.67426867630137e-07
18033,4,1,95,851,224737,0,1.57915542091375e-08
18034,4,1,87,905,260724,0,7.26608893585677e-08
18035,4,1,92,880,213957,0,7.26752718039976e-09
18036,4,1,82,842,175476,0,7.83739312289018e-09
18037,4,1,84,841,268118,0,3.64948315158097e-09
18038,4,1,133,872,280335,0,1.68869013669948e-08
18039,4,1,127,889,257948,0,5.34141198468302e-09
18040,4,1,89,883,267524,0,6.61484212689523e-08
18041,4,1,84,877,324855,0,1.20487488860115e-08
18042,4,1,105,854,349173,0,4.59673914410221e-09
18043,4,1,127,902,290785,0,2.97454761335243e-08
18044,4,1,109,860,264018,0,5.46087053568285e-09
18045,4,1,98,905,297956,0,1.55266219338469e-08
18046,4,1,114,882,279624,0,2.0444762120838e-08
18047,4,1,105,902,298661,0,9.89047606062868e-08
18048,4,1,118,865,257522,0,3.12162704115449e-08
18049,4,1,101,879,250399,0,2.03220530278859e-09
18050,4,1,111,868,287227,0,1.09991075461248e-07
18051,4,1,102,879,340523,0,2.83742814443482e-08
18052,4,1,102,908,331148,0,2.15695978259247e-08
18053,4,1,100,926,221437,0,1.25597761833642e-08
18054,4,1,119,870,235178,0,2.95851197407179e-08
18055,4,1,89,947,243317,0,2.45832771264504e-09
18056,4,1,118,875,222793,0,1.70165303979413e-09
18057,4,1,96,890,263942,0,7.35143510332756e-09
18058,4,1,79,877,316047,0,1.53597480052605e-08
18059,4,1,95,903,252952,0,1.10499832483237e-08
18060,4,1,98,895,275872,0,1.6955142483953e-08
18061,4,1,100,915,366712,0,1.41930338202803e-09
18062,4,1,108,859,331890,0,1.12091472006191e-08
18063,4,1,82,883,340887,0,9.16426874207307e-09
18064,4,1,98,870,355737,0,9.71574437739622e-08
18065,4,1,76,926,275646,0,1.63797759534882e-08
18066,4,1,114,918,274597,0,3.62058143173112e-09
18067,4,1,86,844,319172,0,2.888998636389e-08
18068,4,1,84,891,394048,0,4.95592265746589e-07
18069,4,1,88,905,372151,0,8.0754689701459e-09
18070,4,1,110,849,326912,0,1.10774477332605e-08
18071,4,1,96,898,333925,0,7.45890911746655e-09
18072,4,1,106,893,332002,0,1.15701758996969e-08
18073,4,1,86,893,501029,0,3.78626687887301e-08
18074,4,1,98,881,303408,0,1.07732912844472e-07
18075,4,1,91,909,275596,0,1.02600602627523e-08
18076,4,1,111,904,314489,0,4.18822441237006e-09
18077,4,1,101,873,306578,0,4.6077672642379e-08
18078,4,1,104,888,388317,0,2.36380828490601e-09
18079,4,1,94,906,331892,0,1.45858381282891e-08
18080,4,1,76,907,261582,0,5.03537502775908e-08
18081,4,1,104,907,230819,0,5.83621192254336e-09
18082,4,1,108,898,194440,0,1.89958233782647e-08
18083,4,1,105,878,242280,0,1.12125116230601e-08
18084,4,1,89,853,269024,0,2.20453220328217e-08
18085,4,1,105,880,270386,0,1.34845535621995e-07
18086,4,1,75,868,238379,0,3.14449395954365e-09
18087,4,1,109,869,230357,0,1.03707129042857e-07
18088,4,1,104,852,246318,0,4.89994069824952e-08
18089,4,1,99,889,300399,0,1.04664944808447e-07
18090,4,1,94,943,247610,0,7.87231294113582e-09
18091,4,1,98,855,225717,0,3.69915302894773e-07
18092,4,1,76,866,205422,0,3.3962655413606e-09
18093,4,1,89,881,235230,0,9.4508497972104e-09
18094,4,1,116,876,429047,0,8.63637385522518e-08
18095,4,1,100,849,444851,0,4.43625126660762e-09
18096,4,1,96,905,272672,0,1.17607595304053e-07
18097,4,1,76,864,262697,0,1.86989424217214e-08
18098,4,1,116,919,226932,0,8.64272743703161e-08
18099,4,1,88,884,271212,0,3.80554612426258e-09
18100,4,1,94,907,280866,0,1.07026496037625e-08
18101,4,1,96,877,270718,0,7.03049171735448e-08
18102,4,1,78,906,270788,0,5.25567162189008e-08
18103,4,1,88,916,265930,0,2.68198479589384e-08
18104,4,1,101,842,354611,0,2.50973508335362e-08
18105,4,1,101,876,356571,0,1.76185630714333e-07
18106,4,1,96,916,380716,0,4.51486041453127e-08
18107,4,1,83,843,290364,0,1.28124510405794e-07
18108,4,1,116,824,318150,0,6.99984853974787e-09
18109,4,1,75,871,331392,0,1.96652494782749e-07
18110,4,1,70,827,276852,0,8.18198465040435e-08
18111,4,1,79,850,268861,0,2.27517515866713e-07
18112,4,1,90,863,330471,0,7.87615934645886e-09
18113,4,1,90,874,296297,0,1.78986225132667e-08
18114,4,1,71,916,269278,0,2.33514996187399e-08
18115,4,1,97,879,382849,0,4.81469941824838e-09
18116,4,1,109,892,372038,0,3.55526577314098e-07
18117,4,1,108,881,360588,0,5.68426229201436e-09
18118,4,1,107,866,432729,0,2.55242549007087e-08
18119,4,1,70,867,465811,0,1.502109195176e-08
18120,4,1,87,876,630905,0,1.79117431192961e-08
18121,4,1,81,906,429196,0,5.12056582732956e-08
18122,4,1,102,863,448067,0,9.05333411148829e-09
18123,4,1,103,867,413282,0,4.15539982359352e-08
18124,4,1,76,890,478710,0,1.51690714480544e-07
18125,4,1,94,903,663338,0,2.11200063101292e-08
18126,4,1,108,867,644084,0,1.21626232604829e-08
18127,4,1,97,876,535013,0,7.70020875257429e-09
18128,4,1,107,899,363320,0,4.87860111043454e-09
18129,4,1,86,843,395220,0,2.08126822968835e-08
18130,4,1,89,876,405661,0,9.47881263039949e-09
18131,4,1,91,871,329494,0,1.38921947108154e-08
18132,4,1,87,857,414932,0,3.91027341976026e-09
18133,4,1,83,868,530423,0,6.98928055928815e-08
18134,4,1,102,898,381766,0,6.95246590760551e-09
18135,4,1,106,858,435846,0,3.75424645551681e-08
18136,4,1,101,886,431560,0,1.5959625801603e-08
18137,4,1,110,847,349079,0,6.66723058602342e-09
18138,4,1,63,904,329381,0,4.86505751423062e-09
18139,4,1,96,883,436362,0,3.0891339311072e-09
18140,4,1,80,880,384996,0,3.03610488706263e-08
18141,4,1,102,854,400618,0,6.90220399929697e-08
18142,4,1,105,873,319597,0,6.47499720033025e-09
18143,4,1,102,915,258202,0,6.46190145773046e-08
18144,4,1,75,885,273582,0,1.18282243058723e-08
18145,4,1,92,888,348652,0,1.8858178350734e-08
18146,4,1,102,931,458960,0,9.674533921457e-09
18147,4,1,93,886,350922,0,7.7544609640589e-09
18148,4,1,94,882,373906,0,8.2732758412134e-09
18149,4,1,70,903,301782,0,2.38129214477263e-08
18150,4,1,85,888,347009,0,8.79592767214313e-09
18151,4,1,81,900,302493,0,4.02765421949041e-08
18152,4,1,97,877,289493,0,1.78142875062942e-08
18153,4,1,83,886,244818,0,1.80626514828002e-08
18154,4,1,102,903,266759,0,1.37753410503711e-08
18155,4,1,73,888,302744,0,8.97586326557324e-09
18156,4,1,88,891,242305,0,1.39341322891922e-08
18157,4,1,90,864,287175,0,4.01988040448761e-08
18158,4,1,82,891,305783,0,4.7134536874562e-09
18159,4,1,116,849,321341,0,1.81665123817633e-08
18160,4,1,95,836,331363,0,4.00582721838676e-08
18161,4,1,84,910,227255,0,2.32140850430677e-08
18162,4,1,92,874,457342,0,1.39657489279015e-07
18163,4,1,106,843,404755,0,3.26882728387098e-09
18164,4,1,112,881,331357,0,1.38762269970268e-08
18165,4,1,57,810,348075,0,5.51153228036419e-08
18166,4,1,99,887,251837,0,1.4119430107757e-08
18167,4,1,94,873,229231,0,9.78128137176799e-09
18168,4,1,72,869,255102,0,8.36690378696698e-09
18169,4,1,88,861,295818,0,2.5078701083233e-09
18170,4,1,98,856,470428,0,3.3021010168226e-08
18171,4,1,89,881,409064,0,1.88710995661289e-08
18172,4,1,81,854,508044,0,1.31843702495715e-07
18173,4,1,91,896,500200,0,4.63500404145734e-08
18174,4,1,81,872,310156,0,4.70781788534368e-08
18175,4,1,119,896,672737,0,7.91237531082212e-08
18176,4,1,86,899,647236,0,8.18722653164004e-09
18177,4,1,89,853,486158,0,2.18930175546236e-08
18178,4,1,103,847,552698,0,3.8049188618872e-09
18179,4,1,107,884,436732,0,6.89740372217384e-09
18180,4,1,91,892,376912,0,1.24114858677655e-08
18181,4,1,99,898,326329,0,4.89625855940252e-07
18182,4,1,76,852,313881,0,6.2514676350628e-08
18183,4,1,119,896,344079,0,1.52816399314887e-08
18184,4,1,78,856,331003,0,4.01978621157991e-09
18185,4,1,85,847,388861,0,6.33303595301406e-08
18186,4,1,87,875,264817,0,4.35608362024862e-09
18187,4,1,101,859,258757,0,2.1530339728282e-07
18188,4,1,89,856,260801,0,1.1117916947223e-08
18189,4,1,107,867,273734,0,6.94740265616624e-08
18190,4,1,87,871,322514,0,2.72811875558316e-08
18191,4,1,88,878,397676,0,1.15373709774725e-08
18192,4,1,88,892,282301,0,8.70529415994113e-09
18193,4,1,94,898,281763,0,5.9993755017653e-09
18194,4,1,104,895,259023,0,1.77760674266788e-08
18195,4,1,96,850,230686,0,4.81786558441943e-09
18196,4,1,95,892,236220,0,4.98078898991247e-09
18197,4,1,103,891,283647,0,2.20116710515739e-08
18198,4,1,108,863,224274,0,1.60466722299935e-08
18199,4,1,88,879,259152,0,5.19852213912431e-09
18200,4,1,98,878,269061,0,1.06872345353734e-07
18201,4,1,89,863,284089,0,3.68837001095106e-09
18202,4,1,103,868,258889,0,1.08977672634328e-08
18203,4,1,116,883,208594,0,3.50410518373537e-09
18204,4,1,91,859,260138,0,6.51425493952961e-09
18205,4,1,94,915,241239,0,1.71916883871622e-08
18206,4,1,100,890,274447,0,2.27950733842578e-08
18207,4,1,101,882,274612,0,3.37423529380422e-08
18208,4,1,114,899,253544,0,2.30198389209447e-08
18209,4,1,108,855,307518,0,2.47680603035364e-09
18210,4,1,111,891,278732,0,3.62982748294486e-07
18211,4,1,108,876,266337,0,2.47886325110249e-08
18212,4,1,123,888,217548,0,1.26900823811924e-07
18213,4,1,115,932,185388,0,1.33187501849127e-08
18214,4,1,130,906,266247,0,1.89813490799892e-07
18215,4,1,95,889,265173,0,1.294087497326e-08
18216,4,1,116,898,342040,0,9.03970410419764e-09
18217,4,1,106,891,442657,0,2.44654116949481e-08
18218,4,1,86,873,295466,0,6.87114758794992e-09
18219,4,1,89,883,380858,0,6.6808917939443e-09
18220,4,1,71,815,345555,0,1.45621448941705e-08
18221,4,1,88,846,349324,0,2.20165345386677e-08
18222,4,1,83,862,275100,0,1.82791741615984e-08
18223,4,1,84,844,389941,0,2.25054190085104e-07
18224,4,1,91,870,384518,0,5.83584984741557e-09
18225,4,1,108,817,410872,0,9.42226749250777e-09
18226,4,1,100,864,414995,0,3.33170449071525e-08
18227,4,1,86,851,381918,0,3.60140034979347e-08
18228,4,1,105,847,389001,0,1.81219100624542e-07
18229,4,1,86,829,540699,0,1.15388537091248e-08
18230,4,1,98,844,676843,0,1.25241741346201e-08
18231,4,1,96,847,541162,0,7.3968705455927e-09
18232,4,1,94,840,544047,0,4.30464362503233e-08
18233,4,1,115,820,484978,0,6.215605099855e-08
18234,4,1,99,839,582927,0,1.1136152594719e-08
18235,4,1,94,871,745180,0,1.08679063187318e-08
18236,4,1,71,869,633743,0,3.94955516720884e-06
18237,4,1,83,880,509284,0,3.78917359343405e-08
18238,4,1,97,865,603397,0,7.31360743622113e-09
18239,4,1,94,873,664349,0,5.20912665395255e-09
18240,4,1,93,872,545460,0,2.63684820414811e-07
18241,4,1,93,870,596169,0,1.87486657893766e-07
18242,4,1,102,880,651442,0,1.17468158575949e-07
18243,4,1,111,872,747132,0,3.66186958337846e-08
18244,4,1,76,861,577275,0,1.5854690356327e-08
18245,4,1,91,869,462847,0,3.40919103464465e-08
18246,4,1,110,910,499079,0,1.04291678681197e-08
18247,4,1,93,882,463450,0,3.5747194422003e-08
18248,4,1,93,912,366147,0,1.24547745232107e-06
18249,4,1,84,888,443342,0,2.971581832473e-08
18250,4,1,92,842,398469,0,7.47405424509806e-09
18251,4,1,102,884,443293,0,3.2748261821604e-09
18252,4,1,115,886,406154,0,5.67043232762659e-09
18253,4,1,105,905,427983,0,9.70830422254637e-09
18254,4,1,87,856,614874,0,1.87092787057145e-07
18255,4,1,94,879,418743,0,1.47420238575135e-08
18256,4,1,105,855,507055,0,3.64499975078567e-08
18257,4,1,94,848,447257,0,2.78859734282453e-09
18258,4,1,84,871,359442,0,1.47170760193263e-08
18259,4,1,84,852,343221,0,7.31882650177049e-08
18260,4,1,85,887,372125,0,8.62638128056688e-09
18261,4,1,92,818,276534,0,1.71049616273819e-08
18262,4,1,113,857,456701,0,6.28771101442888e-07
18263,4,1,87,861,503733,0,6.58871470329632e-09
18264,4,1,127,871,547301,0,1.01727983022111e-08
18265,4,1,88,915,424336,0,3.52354925296612e-08
18266,4,1,109,870,282088,0,1.06443726292155e-08
18267,4,1,90,875,378390,0,1.55447710505536e-06
18268,4,1,105,863,400137,0,5.68478836904682e-09
18269,4,1,100,920,325172,0,2.30381738753439e-07
18270,4,1,99,897,341902,0,3.9543893708721e-06
18271,4,1,106,868,387390,0,7.8249693924958e-09
18272,4,1,106,867,334478,0,5.85523048925538e-09
18273,4,1,83,862,334650,0,6.43073048087314e-09
18274,4,1,101,838,335115,0,2.01804301424865e-08
18275,4,1,93,826,299827,0,1.98728870464436e-08
18276,4,1,106,875,320710,0,1.96151260131441e-08
18277,4,1,91,890,368099,0,3.73703909269348e-09
18278,4,1,106,839,327733,0,5.87248807585465e-09
18279,4,1,93,883,417427,0,1.26804904570746e-08
18280,4,1,88,883,319927,0,9.73441780018727e-09
18281,4,1,123,890,391297,0,7.55640817536086e-08
18282,4,1,113,894,697146,0,8.16030104867475e-08
18283,4,1,104,921,515934,0,8.3441330464895e-09
18284,4,1,89,851,337592,0,6.8655154867287e-08
18285,4,1,84,859,314301,0,9.77387578544087e-09
18286,4,1,88,846,273125,0,3.79191510247735e-09
18287,4,1,91,858,357895,0,7.82137367749236e-09
18288,4,1,108,881,340200,0,4.40603339841624e-09
18289,4,1,87,885,374454,0,9.98380192629622e-09
18290,4,1,100,878,398970,0,7.07105718394864e-09
18291,4,1,82,882,503589,0,7.36114724122254e-09
18292,4,1,83,906,386129,0,2.96990829456431e-07
18293,4,1,96,898,343317,0,2.0037885733499e-08
18294,4,1,115,907,331721,0,3.36565537380219e-08
18295,4,1,101,883,316468,0,7.62221658403549e-09
18296,4,1,81,917,342311,0,1.42844219105159e-08
18297,4,1,105,858,315537,0,3.87829201022985e-08
18298,4,1,101,882,319601,0,2.10436600761864e-07
18299,4,1,86,896,366035,0,7.20480607235164e-09
18300,4,1,97,880,464311,0,3.30098723422577e-09
18301,4,1,97,853,427835,0,5.53224144272695e-08
18302,4,1,95,894,358148,0,1.16110833622756e-08
18303,4,1,90,876,395647,0,1.65933430810662e-08
18304,4,1,104,874,381122,0,7.65108535734454e-09
18305,4,1,129,867,393797,0,1.67543330776667e-08
18306,4,1,120,879,415620,0,9.35656231182137e-09
18307,4,1,114,874,243805,0,5.61079132421423e-09
18308,4,1,107,836,255629,0,4.51409704343602e-07
18309,4,1,85,844,225496,0,8.7585588855098e-09
18310,4,1,92,869,251718,0,8.57178496674019e-08
18311,4,1,99,865,228158,0,3.48429786507401e-08
18312,4,1,106,884,196485,0,5.60387867053669e-09
18313,4,1,106,883,212804,0,1.97863135449709e-08
18314,4,1,89,875,191978,0,2.54523425383346e-09
18315,4,1,91,895,158523,0,2.27395489166569e-07
18316,4,1,99,877,209362,0,4.41850915156382e-08
18317,4,1,102,897,296734,0,3.70757358987966e-08
18318,4,1,89,882,287735,0,6.73370088718989e-09
18319,4,1,91,891,201312,0,2.55220294057023e-08
18320,4,1,98,884,171410,0,1.04198644754206e-08
18321,4,1,85,894,195256,0,5.22963556770729e-08
18322,4,1,84,882,193968,0,4.92675130367026e-08
18323,4,1,89,908,208776,0,4.97864339512627e-09
18324,4,1,105,858,218354,0,9.13956413023026e-08
18325,4,1,96,909,198675,0,2.7382045705864e-08
18326,4,1,106,864,184217,0,8.44550598159177e-09
18327,4,1,123,884,223221,0,3.63355753130913e-09
18328,4,1,106,875,243074,0,1.26759398336209e-07
18329,4,1,108,897,229773,0,9.41454564548977e-09
18330,4,1,104,858,248691,0,3.96107091957657e-09
18331,4,1,109,874,229942,0,2.61746185619304e-08
18332,4,1,87,875,232979,0,5.35307010544529e-09
18333,4,1,82,887,192960,0,1.68309363039731e-07
18334,4,1,91,857,142183,0,5.54311628116537e-09
18335,4,1,78,828,149977,0,3.4296840083906e-08
18336,4,1,88,864,226443,0,7.99960804931978e-09
18337,4,1,99,877,244125,0,2.24337120652997e-08
18338,4,1,88,864,268895,0,2.62797001338859e-09
18339,4,1,113,874,353160,0,1.15677084251872e-08
18340,4,1,118,886,306573,0,9.93736590632737e-09
18341,4,1,110,886,219331,0,5.30185423170042e-08
18342,4,1,99,893,226712,0,2.40901895988073e-08
18343,4,1,98,872,193654,0,6.05498376307486e-09
18344,4,1,98,896,188797,0,1.7099009981232e-08
18345,4,1,108,907,190306,0,6.93878590820181e-09
18346,4,1,81,900,211920,0,9.46351610820696e-09
18347,4,1,105,905,210240,0,2.62658980312605e-09
18348,4,1,99,839,372469,0,7.47172361360204e-09
18349,4,1,81,877,279673,0,1.70640351424909e-07
18350,4,1,95,844,249559,0,3.77253407752008e-08
18351,4,1,125,864,242495,0,4.80055663894913e-08
18352,4,1,100,873,256883,0,9.25985700065286e-08
18353,4,1,97,927,303388,0,2.60617890534742e-07
18354,4,1,82,885,214696,0,1.30392020839973e-08
18355,4,1,115,897,188431,0,1.42599442190103e-08
18356,4,1,107,883,158264,0,4.20043319769685e-08
18357,4,1,115,887,145887,0,1.53287344569393e-08
18358,4,1,120,915,160001,0,7.60789631664226e-07
18359,4,1,97,857,142650,0,5.87320971703741e-09
18360,4,1,106,888,161286,0,2.75323504791719e-08
18361,4,1,114,861,190900,0,5.24487836766037e-09
18362,4,1,108,884,204104,0,1.06977041687676e-08
18363,4,1,90,875,179813,0,3.07154161622363e-08
18364,4,1,100,904,188652,0,3.32332633951571e-09
18365,4,1,118,857,197977,0,3.18048478126164e-08
18366,4,1,108,905,234423,0,3.35633514846123e-08
18367,4,1,101,843,198731,0,1.375805141403e-09
18368,4,1,105,861,245376,0,9.43650438951267e-08
18369,4,1,93,834,254902,0,1.43996515138604e-07
18370,4,1,85,891,240552,0,3.36506507443596e-08
18371,4,1,100,850,232916,0,1.73116272585723e-08
18372,4,1,109,838,261111,0,2.50169808108454e-08
18373,4,1,102,895,168763,0,3.54345252763345e-09
18374,4,1,87,843,170694,0,1.04830910125681e-08
18375,4,1,91,893,148884,0,4.14833320658795e-08
18376,4,1,101,937,150990,0,1.32726330712483e-08
18377,4,1,97,872,150322,0,9.14182306876448e-08
18378,4,1,121,860,173697,0,2.99339787605208e-08
18379,4,1,118,862,138739,0,2.65656364375048e-08
18380,4,1,119,856,219703,0,4.18021632439798e-08
18381,4,1,98,885,167038,0,3.6440830331042e-08
18382,4,1,97,865,187249,0,1.63162862838861e-06
18383,4,1,103,861,232436,0,2.62681408801529e-08
18384,4,1,98,866,295167,0,9.70382498398836e-08
18385,4,1,105,884,583598,0,4.45911576112137e-09
18386,4,1,93,887,343793,0,1.001758678785e-08
18387,4,1,94,888,275185,0,9.05413215571938e-09
18388,4,1,71,850,249342,0,1.72781358281332e-08
18389,4,1,95,874,273028,0,1.71690796784865e-07
18390,4,1,111,901,286671,0,2.61152745049999e-08
18391,4,1,92,843,232191,0,1.90235077886176e-08
18392,4,1,83,818,328780,0,3.28292997628115e-08
18393,4,1,79,864,277463,0,4.67924522457978e-08
18394,4,1,99,837,222807,0,1.96180406596061e-07
18395,4,1,98,834,221565,0,6.53499337553015e-09
18396,4,1,85,848,185317,0,1.28170861205738e-08
18397,4,1,89,846,189059,0,1.6000209233955e-07
18398,4,1,122,846,480228,0,7.06748396454948e-08
18399,4,1,100,863,312233,0,5.95132104342465e-09
18400,4,1,85,847,231823,0,1.82191048694102e-08
18401,4,1,96,878,309471,0,5.05565000992668e-07
18402,4,1,81,845,415558,0,2.16741321087767e-08
18403,4,1,93,856,460644,0,2.79343137967779e-09
18404,4,1,95,867,293093,0,8.43460525026279e-08
18405,4,1,88,869,299137,0,2.60962934894733e-08
18406,4,1,118,825,393746,0,4.64509090684901e-08
18407,4,1,108,847,201053,0,1.2498079396644e-08
18408,4,1,109,873,172134,0,6.38467569361285e-09
18409,4,1,95,905,191682,0,4.12223123266519e-07
18410,4,1,104,865,181651,0,6.28328294078553e-09
18411,4,1,77,851,208639,0,1.03353137255402e-07
18412,4,1,91,898,227539,0,2.7798228988534e-08
18413,4,1,107,888,197499,0,8.52463090211611e-09
18414,4,1,75,821,424852,0,6.9454533062203e-09
18415,4,1,108,828,410244,0,1.37615542557605e-08
18416,4,1,73,897,442402,0,6.59971600677084e-07
18417,4,1,63,840,400067,0,1.81497207121059e-08
18418,4,1,77,854,534998,0,9.97510856210022e-09
18419,4,1,96,896,487707,0,2.49649868715248e-08
18420,4,1,86,846,573908,0,1.65983387865509e-08
18421,4,1,104,874,780116,0,6.26392686712825e-08
18422,4,1,101,894,605002,0,7.66953510317877e-08
18423,4,1,95,874,571462,0,5.06234322700184e-09
18424,4,1,90,877,444870,0,4.4336474402932e-08
18425,4,1,114,890,392466,0,1.20455291091937e-08
18426,4,1,99,826,333452,0,4.68354092714672e-08
18427,4,1,88,851,570739,0,3.95480633900936e-08
18428,4,1,102,844,459635,0,3.83489781401725e-09
18429,4,1,117,864,495617,0,5.66646258423265e-09
18430,4,1,94,853,415876,0,6.8619572534442e-08
18431,4,1,89,861,381311,0,2.16857929494151e-07
18432,4,1,114,851,421438,0,1.3134126487593e-06
18433,4,1,99,858,387413,0,2.96142861349981e-09
18434,4,1,104,874,338102,0,6.54401470084869e-09
18435,4,1,106,849,379068,0,1.02115209694576e-07
18436,4,1,105,869,253756,0,1.38782793316401e-08
18437,4,1,113,900,302753,0,9.21131874659334e-08
18438,4,1,104,855,331125,0,1.70162397261896e-07
18439,4,1,112,896,321293,0,1.22213453275607e-07
18440,4,1,106,894,380619,0,9.07284039399438e-09
18441,4,1,101,865,325164,0,2.29213584683032e-08
18442,4,1,111,908,416571,0,1.52248636263321e-08
18443,4,1,93,856,343027,0,2.03728001822575e-08
18444,4,1,104,872,336139,0,5.68832753711702e-08
18445,4,1,87,902,311146,0,2.0638947805033e-07
18446,4,1,105,881,449811,0,9.14125713302047e-08
18447,4,1,95,884,381318,0,1.37024376104132e-07
18448,4,1,109,865,432837,0,7.7204819985511e-09
18449,4,1,87,883,328984,0,1.14332619409915e-08
18450,4,1,93,883,438401,0,1.65381510370314e-07
18451,4,1,89,873,421797,0,2.37362154841193e-08
18452,4,1,115,847,662301,0,2.68791588128466e-08
18453,4,1,106,911,464075,0,4.20175026418237e-08
18454,4,1,83,919,277212,0,3.84956947456601e-09
18455,4,1,93,883,288305,0,3.26723943996401e-08
18456,4,1,95,787,298582,0,2.12047972754769e-07
18457,4,1,99,889,344506,0,1.38134762109571e-08
18458,4,1,86,856,342006,0,1.25319554315242e-07
18459,4,1,84,827,394430,0,1.67145018772784e-08
18460,4,1,95,852,425100,0,4.20286651459356e-09
18461,4,1,97,890,640921,0,2.66110770294483e-09
18462,4,1,103,888,370263,0,2.4227908532947e-08
18463,4,1,103,857,328673,0,4.43973519075152e-08
18464,4,1,92,861,320538,0,3.02604442283053e-08
18465,4,1,99,871,620423,0,6.3295077709822e-08
18466,4,1,97,851,753816,0,2.11738389574148e-08
18467,4,1,96,879,388577,0,3.60034920181822e-08
18468,4,1,93,881,336076,0,8.59202191201993e-09
18469,4,1,85,892,312352,0,1.33080198299083e-08
18470,4,1,124,849,336640,0,1.18285069305648e-08
18471,4,1,122,875,357965,0,6.70469510652443e-09
18472,4,1,107,833,382738,0,1.59128226623583e-08
18473,4,1,81,874,275775,0,5.04204716739213e-08
18474,4,1,80,863,216887,0,2.95568384930616e-08
18475,4,1,96,876,311371,0,5.77433541005686e-09
18476,4,1,94,868,237027,0,4.76673330167298e-07
18477,4,1,109,869,265722,0,1.37406379722161e-08
18478,4,1,114,902,274098,0,2.13381644876367e-08
18479,4,1,102,836,234138,0,3.55998790389035e-08
18480,4,1,101,851,237952,0,4.07411392328787e-08
18481,4,1,97,848,294757,0,1.02398548479552e-07
18482,4,1,96,873,301055,0,2.68873623540191e-08
18483,4,1,96,840,216350,0,5.67546647011165e-08
18484,4,1,86,867,209068,0,5.6088737216364e-09
18485,4,1,92,918,234685,0,9.81590433822425e-09
18486,4,1,92,894,245439,0,4.87747944413339e-09
18487,4,1,107,860,280426,0,1.27438050896544e-08
18488,4,1,102,875,228869,0,2.32078404107269e-08
18489,4,1,114,856,277028,0,5.70890550160273e-09
18490,4,1,111,868,330425,0,2.9504886662032e-09
18491,4,1,82,853,298521,0,7.22994018653031e-09
18492,4,1,75,857,301055,0,4.40143854508076e-09
18493,4,1,88,889,307426,0,1.5158400696314e-08
18494,4,1,118,887,307736,0,4.02639278679355e-09
18495,4,1,114,860,274244,0,1.79689512814622e-08
18496,4,1,102,883,287003,0,5.10817621951289e-07
18497,4,1,96,885,182110,0,6.31048139344227e-09
18498,4,1,77,862,179135,0,1.08466241350682e-08
18499,4,1,105,905,190869,0,1.06806707167203e-08
18500,4,1,103,887,182300,0,3.0179575644478e-08
18501,4,1,97,863,208466,0,1.18165920750022e-07
18502,4,1,104,851,227048,0,5.74888180533137e-07
18503,4,1,100,852,287347,0,2.49520083720091e-08
18504,4,1,117,894,246760,0,3.09137096417033e-08
18505,4,1,116,840,186276,0,3.81747826278905e-08
18506,4,1,104,852,166857,0,7.62356742264453e-09
18507,4,1,109,855,141816,0,3.77739475966413e-09
18508,4,1,109,857,125303,0,1.01042307995909e-07
18509,4,1,88,939,158993,0,1.16132956720934e-08
18510,4,1,115,904,174927,0,1.03893381484258e-08
18511,4,1,122,865,121684,0,2.71993830260669e-08
18512,4,1,108,892,132556,0,3.4801982882737e-08
18513,4,1,91,876,147978,0,1.25004985209923e-08
18514,4,1,123,871,139203,0,5.50746964475154e-09
18515,4,1,94,876,143440,0,8.76251748487498e-08
18516,4,1,97,884,159655,0,1.88234047531095e-08
18517,4,1,88,872,126072,0,1.62151491096078e-08
18518,4,1,92,838,194185,0,7.44088308647545e-09
18519,4,1,102,863,191011,0,1.41031585421835e-07
18520,4,1,106,898,193690,0,8.05084792086063e-09
18521,4,1,96,834,178336,0,2.00317977235379e-07
18522,4,1,117,884,158423,0,6.11844285333439e-09
18523,4,1,115,848,231643,0,1.42739650738945e-07
18524,4,1,99,880,173747,0,6.76219301412211e-08
18525,4,1,102,883,200736,0,2.35260856070939e-09
18526,4,1,113,872,179673,0,2.20873276626641e-09
18527,4,1,104,898,188154,0,1.44985565705765e-08
18528,4,1,101,923,186058,0,2.39073859234039e-08
18529,4,1,114,856,111880,0,5.28638200998532e-09
18530,4,1,110,849,107481,0,4.32571556131806e-09
18531,4,1,107,856,130896,0,3.98917757877488e-09
18532,4,1,105,823,128286,0,7.40726873025636e-08
18533,4,1,94,865,147780,0,2.91762726221809e-08
18534,4,1,103,885,150572,0,1.17212582053793e-08
18535,4,1,123,857,166839,0,4.92695670447263e-09
18536,4,1,121,831,219044,0,4.44053171416918e-09
18537,4,1,116,857,189071,0,2.04548544841868e-08
18538,4,1,86,875,227893,0,6.25677613431825e-08
18539,4,1,106,883,218965,0,1.37891832189763e-08
18540,4,1,82,855,235052,0,6.9495204014783e-07
18541,4,1,111,805,258527,0,2.98560053404247e-07
18542,4,1,77,872,221571,0,4.78721380478977e-09
18543,4,1,114,809,247313,0,2.00421132784273e-08
18544,4,1,91,864,350414,0,2.44981010692379e-07
18545,4,1,83,914,292152,0,5.16640004243781e-09
18546,4,1,97,879,329170,0,8.59073108606023e-08
18547,4,1,88,900,278578,0,7.34605237148972e-08
18548,4,1,90,910,370720,0,2.90511488989486e-08
18549,4,1,91,848,459966,0,2.27420453449661e-08
18550,4,1,82,884,485467,0,2.00553156301167e-08
18551,4,1,95,866,417913,0,1.89906816384584e-08
18552,4,1,99,898,280253,0,1.16091660272893e-08
18553,4,1,94,865,325666,0,4.74757089165672e-07
18554,4,1,120,937,299189,0,6.96180597420438e-09
18555,4,1,100,903,264675,0,1.0842326011391e-07
18556,4,1,103,891,232850,0,2.67271827744662e-09
18557,4,1,93,839,277531,0,1.77626720027765e-08
18558,4,1,88,874,284486,0,1.51223806749662e-07
18559,4,1,98,882,432530,0,1.00958967329628e-08
18560,4,1,85,876,495306,0,1.15646636309048e-08
18561,4,1,88,847,285136,0,5.12888546389868e-09
18562,4,1,84,833,294722,0,1.08482559104222e-08
18563,4,1,78,881,297702,0,4.31425199876923e-08
18564,4,1,88,859,281420,0,4.02780084378778e-08
18565,4,1,95,880,383976,0,1.27284568770365e-07
18566,4,1,91,845,363390,0,1.40642221122501e-08
18567,4,1,98,881,408609,0,3.83152793392676e-08
18568,4,1,76,878,358528,0,2.6174734673161e-07
18569,4,1,77,904,382410,0,4.80591377467613e-08
18570,4,1,93,945,564171,0,6.99940558680205e-09
18571,4,1,125,897,273799,0,2.38835890459578e-09
18572,4,1,106,869,292859,0,7.84405428621661e-09
18573,4,1,113,877,272485,0,1.45915487599466e-08
18574,4,1,72,874,305079,0,2.13464290251677e-09
18575,4,1,91,842,357158,0,5.25924938871632e-09
18576,4,1,75,901,388787,0,6.9445000612165e-09
18577,4,1,99,879,462756,0,4.66610089144132e-08
18578,4,1,115,824,529480,0,1.22845208530603e-08
18579,4,1,87,881,478838,0,1.9081802676963e-08
18580,4,1,77,885,328889,0,6.0039674123848e-09
18581,4,1,113,858,267064,0,8.15335931129931e-09
18582,4,1,109,880,399937,0,8.5547366660649e-09
18583,4,1,109,885,304117,0,7.73809401911576e-09
18584,4,1,87,883,328189,0,5.12138642155015e-09
18585,4,1,90,895,358956,0,4.0584444899968e-08
18586,4,1,97,869,337365,0,5.89560693675918e-08
18587,4,1,95,877,339650,0,3.85219718661756e-09
18588,4,1,113,902,421620,0,1.62309691920047e-07
18589,4,1,98,910,411868,0,7.36459804763639e-08
18590,4,1,105,919,446041,0,3.36145025630696e-09
18591,4,1,85,899,548311,0,2.3070979592241e-07
18592,4,1,94,890,561144,0,5.02877599851276e-08
18593,4,1,113,859,546001,0,1.64743274030146e-07
18594,4,1,95,863,472275,0,1.03172124437977e-07
18595,4,1,103,888,373506,0,8.38489787053442e-09
18596,4,1,96,880,286508,0,2.59432322170104e-08
18597,4,1,95,848,319825,0,4.61651087019069e-09
18598,4,1,101,869,309231,0,3.66419117887555e-09
18599,4,1,99,845,252356,0,7.92888419517106e-09
18600,4,1,97,858,264689,0,2.38319270374255e-09
18601,4,1,82,843,309562,0,2.66837434657577e-09
18602,4,1,81,818,390188,0,9.19304141174129e-09
18603,4,1,96,859,369282,0,5.30140298283582e-09
18604,4,1,106,867,290759,0,2.76312229635709e-08
18605,4,1,96,878,259673,0,7.73093426585094e-09
18606,4,1,101,897,226751,0,5.34374327775614e-08
18607,4,1,91,840,305192,0,4.8131880500305e-08
18608,4,1,83,860,295635,0,3.76158967817017e-09
18609,4,1,69,868,306319,0,9.44785247560791e-09
18610,4,1,99,885,343980,0,1.26491136357661e-08
18611,4,1,76,863,251802,0,4.84460279661321e-08
18612,4,1,98,912,195206,0,1.04535623129593e-06
18613,4,1,106,858,190449,0,8.42007964637407e-09
18614,4,1,97,854,237320,0,4.39568529159588e-09
18615,4,1,102,906,332865,0,8.43019720936935e-08
18616,4,1,81,857,253828,0,3.22335737971126e-08
18617,4,1,105,896,274750,0,2.38292376651696e-08
18618,4,1,84,883,278412,0,8.10949371152236e-07
18619,4,1,85,855,252039,0,1.12059435565524e-07
18620,4,1,100,862,188030,0,2.81042857638656e-08
18621,4,1,90,885,152280,0,5.88047243176061e-06
18622,4,1,88,890,191940,0,1.07089309221023e-08
18623,4,1,96,891,206415,0,6.56138900964464e-08
18624,4,1,87,852,169023,0,2.12637180998039e-06
18625,4,1,79,835,273609,0,7.00296506132824e-09
18626,4,1,92,845,331324,0,1.15795886023157e-08
18627,4,1,90,868,303913,0,9.7980624678871e-08
18628,4,1,94,858,332373,0,4.68181119953868e-07
18629,4,1,97,897,346750,0,7.27466351767654e-08
18630,4,1,100,879,238879,0,3.68893590467229e-07
18631,4,1,95,808,223696,0,4.04002770614244e-08
18632,4,1,88,863,159089,0,4.93537576462826e-08
18633,4,1,121,829,184455,0,2.7647677299335e-08
18634,4,1,82,814,200524,0,5.24864245489408e-09
18635,4,1,124,859,195468,0,5.64724550414741e-09
18636,4,1,93,892,223154,0,2.30044066943817e-08
18637,4,1,74,854,198315,0,4.32591482686233e-08
18638,4,1,80,832,218009,0,2.69279631188753e-08
18639,4,1,78,840,212601,0,1.43450153027761e-08
18640,4,1,92,852,213829,0,1.16623150036358e-08
18641,4,1,72,875,204415,0,1.20551826705541e-08
18642,4,1,96,862,215331,0,7.839806249111e-08
18643,4,1,77,929,233463,0,9.47328467457233e-08
18644,4,1,73,902,226701,0,1.90235564659262e-08
18645,4,1,95,824,194077,0,4.92366603972561e-08
18646,4,1,122,880,224182,0,4.51804281514708e-07
18647,4,1,94,851,204529,0,1.32551506824942e-08
18648,4,1,84,833,247518,0,2.994123203038e-07
18649,4,1,80,841,207698,0,3.18691702350811e-08
18650,4,1,82,877,250019,0,2.26838786695542e-07
18651,4,1,98,838,300891,0,3.3454214162146e-08
18652,4,1,121,929,193144,0,3.14991258567153e-08
18653,4,1,99,836,202404,0,2.17471082168517e-08
18654,4,1,88,839,170885,0,2.58668162478879e-07
18655,4,1,103,866,193944,0,9.04451809819008e-09
18656,4,1,100,863,173431,0,3.43748264802181e-08
18657,4,1,120,868,176845,0,1.42539030480841e-07
18658,4,1,104,878,144669,0,2.9094652259066e-08
18659,4,1,102,878,142752,0,1.21825085166188e-08
18660,4,1,83,850,183838,0,2.06903698418458e-08
18661,4,1,94,868,221906,0,1.23101716686926e-07
18662,4,1,128,848,219201,0,2.27336412715581e-08
18663,4,1,112,881,236599,0,3.02608181483648e-09
18664,4,1,102,892,215376,0,2.33572804743248e-08
18665,4,1,91,889,170532,0,6.38965402322645e-09
18666,4,1,102,890,254713,0,4.30170227527782e-06
18667,4,1,102,859,250785,0,1.83840766620575e-08
18668,4,1,90,878,230204,0,1.01777393194408e-06
18669,4,1,115,823,225224,0,1.40795071215533e-08
18670,4,1,94,858,269281,0,2.15247874268754e-09
18671,4,1,97,837,297243,0,1.14134715459981e-08
18672,4,1,88,841,226581,0,3.1125922384834e-08
18673,4,1,101,886,301538,0,2.24597101420896e-09
18674,4,1,106,834,243211,0,2.0456532135998e-08
18675,4,1,90,814,255454,0,6.00991123901305e-07
18676,4,1,111,863,258592,0,3.55725986860066e-08
18677,4,1,91,840,253812,0,4.86434894889871e-09
18678,4,1,91,828,347574,0,1.48547801894796e-08
18679,4,1,98,872,233622,0,7.72238049882638e-09
18680,4,1,111,864,236356,0,9.3351808257152e-09
18681,4,1,103,840,257842,0,8.5288579101866e-09
18682,4,1,91,866,246381,0,6.3793904557548e-08
18683,4,1,92,894,231097,0,4.00322455618439e-08
18684,4,1,102,878,251938,0,1.13193243967892e-08
18685,4,1,108,886,210186,0,9.07116534313151e-09
18686,4,1,90,841,243735,0,4.92874589998315e-08
18687,4,1,96,871,216861,0,1.86175242237592e-07
18688,4,1,101,862,197679,0,3.15071538183368e-08
18689,4,1,91,879,193845,0,8.60415299107434e-06
18690,4,1,90,884,181101,0,1.89666091197734e-08
18691,4,1,96,888,182177,0,1.19738225238004e-08
18692,4,1,91,846,147088,0,2.19766136396992e-07
18693,4,1,94,853,145696,0,1.54637355104459e-09
18694,4,1,97,920,188946,0,3.79574110859956e-08
18695,4,1,96,900,191906,0,7.18298122938448e-08
18696,4,1,116,885,177197,0,2.89652373267995e-07
18697,4,1,103,879,194385,0,1.18260648786586e-09
18698,4,1,81,880,192339,0,1.52408543360549e-09
18699,4,1,93,883,159384,0,4.67103908250308e-09
18700,4,1,83,872,121317,0,6.28957655797241e-08
18701,4,1,89,891,94164,0,9.47807905150127e-09
18702,4,1,86,900,113675,0,9.36724228245019e-09
18703,4,1,118,859,126435,0,9.74048494598903e-09
18704,4,1,102,913,123416,0,2.78430872589992e-08
18705,4,1,90,862,152141,0,2.05308315188859e-08
18706,4,1,100,879,163842,0,1.40537519690127e-07
18707,4,1,106,935,183053,0,1.60455307161938e-06
18708,4,1,119,923,162197,0,4.67490483552106e-08
18709,4,1,105,867,227302,0,4.73439537039657e-09
18710,4,1,131,901,190099,0,1.23185434823581e-08
18711,4,1,118,898,287781,0,2.10207268672693e-05
18712,4,1,109,905,304497,0,2.09904390484704e-08
18713,4,1,106,893,254778,0,1.15576338342429e-06
18714,4,1,94,918,220810,0,5.24279665577181e-08
18715,4,1,112,881,247835,0,5.88756861558334e-08
18716,4,1,111,875,275864,0,4.29389722640723e-08
18717,4,1,73,863,256228,0,2.02869209607668e-08
18718,4,1,93,884,293631,0,2.97896386145302e-08
18719,4,1,104,929,314972,0,1.21906222120519e-08
18720,4,1,84,863,261298,0,6.63913701645292e-07
18721,4,1,98,904,306738,0,5.34274361397601e-09
18722,4,1,103,859,356987,0,1.85267090117802e-08
18723,4,1,111,881,358964,0,1.45726510677713e-08
18724,4,1,99,851,276161,0,3.96891016128749e-08
18725,4,1,97,854,274631,0,1.23350990567613e-08
18726,4,1,87,896,260709,0,7.92610237415361e-09
18727,4,1,93,866,219890,0,1.66812840051025e-08
18728,4,1,96,799,234426,0,2.2150257072356e-08
18729,4,1,104,866,189620,0,6.03574818704537e-09
18730,4,1,76,845,152083,0,1.69981571162784e-08
18731,4,1,110,849,190552,0,2.0377318210812e-08
18732,4,1,91,813,258080,0,2.22876436241885e-08
18733,4,1,104,857,234328,0,4.37774232330416e-09
18734,4,1,110,894,334683,0,1.88100595412756e-08
18735,4,1,117,868,376446,0,1.03137410610571e-07
18736,4,1,75,838,367242,0,4.16488233514956e-08
18737,4,1,75,852,416056,0,2.66871153591163e-08
18738,4,1,102,856,367441,0,1.04242903123361e-08
18739,4,1,118,833,433687,0,4.42750937161051e-08
18740,4,1,104,830,326792,0,2.02068298899797e-09
18741,4,1,103,857,534685,0,6.3007338919786e-09
18742,4,1,86,882,444881,0,4.7546138210238e-08
18743,4,1,83,863,311362,0,6.49666403762245e-09
18744,4,1,74,889,290442,0,6.780697433475e-08
18745,4,1,102,863,366905,0,1.81875016117588e-08
18746,4,1,108,879,355919,0,1.79079367319526e-08
18747,4,1,79,832,292931,0,6.32085632485432e-09
18748,4,1,93,843,316094,0,4.80323942210921e-09
18749,4,1,101,869,285052,0,2.39171134224808e-07
18750,4,1,95,855,312887,0,3.58914469384018e-08
18751,4,1,90,810,328849,0,1.34679376986329e-07
18752,4,1,113,834,411633,0,2.57348103504964e-08
18753,4,1,101,810,427502,0,4.58587867533162e-09
18754,4,1,80,831,342628,0,9.27682452105097e-09
18755,4,1,87,825,336347,0,2.89655240198232e-06
18756,4,1,120,834,426777,0,1.52514485215871e-08
18757,4,1,100,855,462930,0,1.49699834745968e-07
18758,4,1,86,837,429918,0,1.88418704724186e-08
18759,4,1,99,849,643192,0,1.24411643752004e-08
18760,4,1,106,815,430173,0,1.10686755686275e-07
18761,4,1,97,834,419855,0,1.62756600785735e-08
18762,4,1,87,867,236145,0,6.85452170747059e-09
18763,4,1,88,849,320139,0,1.11659720546081e-07
18764,4,1,71,831,280184,0,2.35530478734152e-09
18765,4,1,87,886,257502,0,6.65818447224899e-09
18766,4,1,94,880,218715,0,4.30322605590408e-08
18767,4,1,89,882,259628,0,8.04963592319479e-09
18768,4,1,66,853,208795,0,2.15274941645708e-08
18769,4,1,82,879,278946,0,1.91528656224455e-08
18770,4,1,78,842,307362,0,4.10647253452863e-08
18771,4,1,97,860,275642,0,2.14002262536291e-08
18772,4,1,91,841,258898,0,2.46261402055031e-09
18773,4,1,94,847,212048,0,8.85909503013634e-09
18774,4,1,99,819,200285,0,4.51066619650769e-09
18775,4,1,117,850,241985,0,3.74352996772754e-08
18776,4,1,85,866,224609,0,1.75751043112676e-08
18777,4,1,92,841,240176,0,8.34282982170209e-09
18778,4,1,91,819,286588,0,8.77196878258753e-08
18779,4,1,73,826,341145,0,1.24671682148759e-08
18780,4,1,87,856,330646,0,5.62561234752349e-09
18781,4,1,88,804,289906,0,1.38747668178189e-08
18782,4,1,79,839,242503,0,6.83149507058016e-09
18783,4,1,94,814,300335,0,7.90695508097068e-09
18784,4,1,120,823,364254,0,8.20709156589569e-09
18785,4,1,88,828,374296,0,5.19311088229828e-09
18786,4,1,88,771,397034,0,1.9666761081277e-08
18787,4,1,89,870,412059,0,1.33556796248066e-07
18788,4,1,111,835,326345,0,1.05367639150009e-08
18789,4,1,78,860,313126,0,3.45582866118026e-08
18790,4,1,97,839,317516,0,4.07438349491716e-08
18791,4,1,99,869,344200,0,2.90011809405297e-08
18792,4,1,111,849,278444,0,1.71641549637818e-08
18793,4,1,97,861,186993,0,2.67120471623607e-08
18794,4,1,88,867,189790,0,3.83930812953994e-09
18795,4,1,74,879,181089,0,1.15321905226324e-07
18796,4,1,89,835,261842,0,1.85540377001381e-09
18797,4,1,92,852,329457,0,1.9008753551229e-08
18798,4,1,95,840,314277,0,1.90326076312058e-07
18799,4,1,81,891,232109,0,6.868260309304e-09
18800,4,1,79,893,236926,0,7.86080345942242e-09
18801,4,1,92,890,254161,0,1.05953612637638e-07
18802,4,1,98,871,278809,0,1.67433618294903e-08
18803,4,1,101,873,288661,0,4.69368611729981e-08
18804,4,1,114,857,286309,0,3.58812722036609e-07
18805,4,1,100,869,241807,0,7.25886522292151e-09
18806,4,1,98,889,297160,0,4.39985276727497e-08
18807,4,1,85,869,212253,0,6.99206972533053e-08
18808,4,1,84,835,268232,0,2.29385177980257e-08
18809,4,1,101,856,314199,0,2.61575023922026e-09
18810,4,1,90,855,405070,0,3.88486762322792e-09
18811,4,1,88,844,371222,0,2.47100044606381e-08
18812,4,1,103,893,401880,0,1.03813993138213e-08
18813,4,1,97,838,284886,0,7.45004497682295e-08
18814,4,1,90,856,219827,0,4.88144418689837e-09
18815,4,1,92,859,282045,0,2.3345408617993e-08
18816,4,1,93,907,352888,0,5.53134513235673e-09
18817,4,1,95,877,464006,0,1.25465339523331e-08
18818,4,1,95,868,545249,0,7.97180879439558e-09
18819,4,1,98,827,529632,0,2.14552344687726e-08
18820,4,1,95,860,535583,0,7.80786650333046e-09
18821,4,1,91,849,449236,0,5.3997844662629e-09
18822,4,1,93,870,324138,0,1.92602536821602e-07
18823,4,1,110,871,290281,0,5.6934992639185e-09
18824,4,1,111,860,251458,0,1.42592232824421e-08
18825,4,1,98,825,274960,0,9.21097573244794e-09
18826,4,1,101,875,349439,0,9.60898553619404e-08
18827,4,1,87,862,316441,0,3.73475400211796e-09
18828,4,1,97,894,256777,0,1.39204039229948e-08
18829,4,1,100,837,275438,0,1.16603468788235e-07
18830,4,1,89,869,290991,0,2.0489248507053e-07
18831,4,1,108,882,285599,0,1.9558640510256e-08
18832,4,1,105,847,323506,0,6.46178519972821e-08
18833,4,1,104,796,323121,0,8.69448856555873e-09
18834,4,1,89,862,468144,0,2.80455603457671e-08
18835,4,1,97,830,376626,0,2.61581787430636e-07
18836,4,1,85,860,422653,0,2.04007576536089e-08
18837,4,1,94,824,311803,0,2.58423015940523e-08
18838,4,1,97,851,319749,0,2.80507975885517e-08
18839,4,1,104,859,326029,0,4.22084716067888e-09
18840,4,1,96,815,316587,0,1.98589733160861e-07
18841,4,1,95,842,310027,0,4.87367387081315e-08
18842,4,1,80,802,301382,0,2.09541371933328e-08
18843,4,1,100,826,375536,0,5.76785312222392e-09
18844,4,1,98,847,387694,0,3.94270771829694e-08
18845,4,1,85,865,374102,0,1.6649482106269e-08
18846,4,1,95,862,501813,0,2.38417777926131e-08
18847,4,1,81,841,436193,0,2.52793584095635e-08
18848,4,1,79,868,451988,0,2.20337363842263e-08
18849,4,1,74,871,367835,0,1.34565095975596e-08
18850,4,1,73,832,351524,0,3.95941855782032e-09
18851,4,1,82,838,365932,0,4.04085261437412e-08
18852,4,1,88,861,363549,0,1.79983418151213e-08
18853,4,1,92,849,317507,0,6.19666397891836e-09
18854,4,1,87,846,340560,0,9.52593997229839e-09
18855,4,1,85,842,364918,0,3.26689960204652e-09
18856,4,1,93,831,299150,0,1.12421044461938e-08
18857,4,1,109,847,338237,0,7.44313556393874e-09
18858,4,1,88,844,263160,0,4.12723225387608e-09
18859,4,1,92,845,235267,0,1.35164796697787e-08
18860,4,1,92,852,244324,0,6.6814815283274e-09
18861,4,1,73,837,304394,0,3.47720511077561e-08
18862,4,1,97,794,285279,0,4.11211885415469e-09
18863,4,1,85,827,303351,0,5.39867274508205e-08
18864,4,1,72,851,283252,0,1.06274723800133e-07
18865,4,1,94,822,300992,0,3.38777291588197e-08
18866,4,1,93,877,291237,0,3.71497408779188e-09
18867,4,1,77,856,367720,0,2.26769822911949e-08
18868,4,1,101,855,303314,0,3.09570406136869e-08
18869,4,1,81,903,335513,0,4.89930630908464e-08
18870,4,1,83,853,404584,0,1.31678799399652e-08
18871,4,1,92,833,473650,0,1.65601210405769e-08
18872,4,1,96,855,395446,0,1.75312549520218e-06
18873,4,1,97,867,290584,0,7.31913007462135e-09
18874,4,1,87,865,363542,0,1.960352773171e-08
18875,4,1,122,802,527573,0,2.685492861754e-08
18876,4,1,83,854,379891,0,2.14207745250309e-09
18877,4,1,89,843,287976,0,8.72441554100914e-08
18878,4,1,93,844,270431,0,1.25689143598608e-07
18879,4,1,77,880,235987,0,1.91786789555171e-07
18880,4,1,102,839,308095,0,6.0827117167805e-08
18881,4,1,85,843,290835,0,6.4652389153116e-08
18882,4,1,99,841,295984,0,5.5145848843288e-08
18883,4,1,96,859,255643,0,3.05037758787691e-09
18884,4,1,91,871,214056,0,3.11128362198389e-08
18885,4,1,121,832,305089,0,4.61538485171566e-08
18886,4,1,106,836,266449,0,6.67675564673513e-08
18887,4,1,87,846,240779,0,3.80339933878824e-08
18888,4,1,91,858,260657,0,6.9888268558322e-08
18889,4,1,89,870,233327,0,6.15965666740674e-09
18890,4,1,114,888,246612,0,2.78930087029968e-09
18891,4,1,78,893,337400,0,2.19051807472119e-07
18892,4,1,95,874,345433,0,3.69227498057963e-08
18893,4,1,101,862,322852,0,2.92077805476143e-09
18894,4,1,100,811,357579,0,1.53322301605754e-08
18895,4,1,116,884,333513,0,6.82990235723183e-09
18896,4,1,101,839,462107,0,4.2474383204042e-08
18897,4,1,103,869,429951,0,3.02628440325719e-08
18898,4,1,84,889,373604,0,2.33965980310015e-08
18899,4,1,97,845,392778,0,1.52441382044854e-08
18900,4,1,96,846,436607,0,1.24544866456987e-08
18901,4,1,103,888,423433,0,3.7072610657585e-09
18902,4,1,90,865,507542,0,1.14623184934225e-08
18903,4,1,109,821,400288,0,2.45097572154532e-08
18904,4,1,131,856,603333,0,1.11193218349645e-08
18905,4,1,106,863,612672,0,6.92987728046149e-09
18906,4,1,93,846,433246,0,1.71375680268991e-08
18907,4,1,111,878,445147,0,9.71241223570072e-09
18908,4,1,108,866,513841,0,5.21715767245232e-09
18909,4,1,67,863,384889,0,1.29102711490866e-08
18910,4,1,91,857,399797,0,7.73455309747584e-07
18911,4,1,107,835,474110,0,2.17142724909196e-08
18912,4,1,100,857,433563,0,4.73500801457017e-08
18913,4,1,86,844,423724,0,2.2911207636041e-07
18914,4,1,79,857,381769,0,1.18188538626835e-07
18915,4,1,90,886,363514,0,1.79764463933236e-07
18916,4,1,81,826,392534,0,1.85314396875703e-08
18917,4,1,84,831,394835,0,1.37865816723229e-08
18918,4,1,74,884,481714,0,7.26647685437146e-08
18919,4,1,89,849,395861,0,4.62960797003595e-08
18920,4,1,54,824,384876,0,7.60386738603607e-08
18921,4,1,91,894,321012,0,2.09879704228934e-08
18922,4,1,78,881,325291,0,5.28282679183257e-08
18923,4,1,93,850,342661,0,7.91140292880463e-08
18924,4,1,93,915,403675,0,1.62421317850614e-08
18925,4,1,101,841,344402,0,1.08702543297534e-08
18926,4,1,96,851,289890,0,2.71359327738681e-08
18927,4,1,106,850,251526,0,1.30147111700709e-08
18928,4,1,79,832,310550,0,3.67767301081579e-09
18929,4,1,98,877,302250,0,2.56967058291632e-08
18930,4,1,86,824,249318,0,6.64846561071969e-08
18931,4,1,103,863,372835,0,4.81998851266959e-09
18932,4,1,128,850,397090,0,1.87549433778832e-08
18933,4,1,104,860,510195,0,1.86399336656667e-08
18934,4,1,81,858,436074,0,1.11625477951517e-07
18935,4,1,78,898,449981,0,4.39421993750155e-09
18936,4,1,96,865,417907,0,1.23386399089354e-06
18937,4,1,84,858,455068,0,2.60267312657895e-08
18938,4,1,90,891,421381,0,3.05465362004812e-08
18939,4,1,98,892,372653,0,1.23911725299385e-08
18940,4,1,123,879,303979,0,2.45239596358532e-07
18941,4,1,80,880,345903,0,4.66635273294417e-08
18942,4,1,115,870,362928,0,3.7648292886399e-09
18943,4,1,103,884,349688,0,2.94886668640175e-07
18944,4,1,96,918,339882,0,1.24898954488428e-08
18945,4,1,97,850,345643,0,6.60836288634669e-09
18946,4,1,106,864,400336,0,1.28002033636578e-08
18947,4,1,96,839,362649,0,8.29220122041353e-09
18948,4,1,89,847,290633,0,5.66634221763888e-09
18949,4,1,88,850,315305,0,1.03954627246328e-08
18950,4,1,109,834,488948,0,1.01020353160955e-07
18951,4,1,110,871,552100,0,2.22091425847611e-09
18952,4,1,90,885,478076,0,2.01214720787313e-08
18953,4,1,82,863,466345,0,6.08367030436751e-09
18954,4,1,92,866,425653,0,2.33759087383598e-08
18955,4,1,80,852,305658,0,1.89779543145892e-07
18956,4,1,106,861,291620,0,5.34464781534967e-09
18957,4,1,123,891,275457,0,3.83739515944634e-07
18958,4,1,112,891,261297,0,3.09413686945342e-09
18959,4,1,112,895,314159,0,4.7947321271639e-09
18960,4,1,111,884,306774,0,7.31097505978223e-08
18961,4,1,105,825,293962,0,1.57626630538304e-08
18962,4,1,117,839,314713,0,2.08091303076019e-08
18963,4,1,105,904,441291,0,5.87507380993291e-09
18964,4,1,89,834,368570,0,4.45679494620805e-08
18965,4,1,95,854,453811,0,5.08913910919994e-08
18966,4,1,112,841,520740,0,6.85604048511537e-08
18967,4,1,108,832,498297,0,3.90234867029757e-08
18968,4,1,92,821,474424,0,7.27672465029657e-09
18969,4,1,96,861,321470,0,3.96737278813964e-08
18970,4,1,70,859,324934,0,4.84324064689955e-08
18971,4,1,81,855,392778,0,5.38923048382979e-09
18972,4,1,94,859,415880,0,6.60848108122553e-09
18973,4,1,92,834,339615,0,2.40225820270256e-08
18974,4,1,100,897,511648,0,7.81950833738802e-08
18975,4,1,80,831,427976,0,2.56670013782208e-08
18976,4,1,91,872,520137,0,1.1542367398495e-06
18977,4,1,110,898,368565,0,2.91762280671256e-09
18978,4,1,101,868,369969,0,1.84308025778271e-09
18979,4,1,86,846,302092,0,1.26825554882956e-08
18980,4,1,77,852,288100,0,1.92194136093752e-09
18981,4,1,85,897,302650,0,5.62482025313681e-09
18982,4,1,95,870,280501,0,4.48628282928986e-08
18983,4,1,70,870,336134,0,4.84724791686105e-09
18984,4,1,87,838,422830,0,4.17476751605075e-09
18985,4,1,86,858,416522,0,8.38134948465342e-09
18986,4,1,111,872,629406,0,2.11869474453492e-08
18987,4,1,75,858,674037,0,4.74793750644776e-08
18988,4,1,89,871,570179,0,4.1410401007013e-09
18989,4,1,94,849,590901,0,3.09100639933286e-09
18990,4,1,91,815,503870,0,2.46160203245077e-08
18991,4,1,77,852,418800,0,2.30943593441134e-09
18992,4,1,78,864,287166,0,4.89979397934291e-09
18993,4,1,85,797,363673,0,1.5603473724554e-07
18994,4,1,97,842,327182,0,5.33790691384289e-08
18995,4,1,85,851,296217,0,6.4461710729301e-09
18996,4,1,96,845,283592,0,1.17573246512374e-08
18997,4,1,85,832,251077,0,4.91474664813921e-08
18998,4,1,106,877,262657,0,8.97426983969517e-09
18999,4,1,100,903,238563,0,1.58892118733761e-08
19000,4,1,96,866,246474,0,6.08392380686674e-08
19001,4,1,79,844,354549,0,6.16758612806634e-09
19002,4,1,88,818,387896,0,8.89964601628115e-08
19003,4,1,91,847,358117,0,7.43619239928752e-09
19004,4,1,57,887,384579,0,1.51143453598842e-08
19005,4,1,89,876,532211,0,8.5137386474331e-09
19006,4,1,76,886,341884,0,1.59560770133871e-08
19007,4,1,79,856,313142,0,9.13062820459293e-08
19008,4,1,85,898,316991,0,7.17427674202754e-09
19009,4,1,91,900,259342,0,4.70709962651417e-08
19010,4,1,100,867,309100,0,2.57851791493621e-08
19011,4,1,86,863,274878,0,2.86410663245789e-08
19012,4,1,89,835,330321,0,2.38394219018229e-08
19013,4,1,93,797,429282,0,1.42232832521987e-07
19014,4,1,89,894,332800,0,3.7499164997697e-09
19015,4,1,72,870,360277,0,1.52706737740493e-08
19016,4,1,99,822,358579,0,8.06391796393329e-09
19017,4,1,82,853,366654,0,1.27471862382437e-07
19018,4,1,78,873,393453,0,6.88795998880283e-09
19019,4,1,96,818,440394,0,2.6333634665399e-08
19020,4,1,114,887,365248,0,1.08387497774626e-07
19021,4,1,96,876,346214,0,1.14763168293753e-07
19022,4,1,80,881,342159,0,6.35212160212753e-08
19023,4,1,93,850,339226,0,7.61150679681995e-08
19024,4,1,92,881,374272,0,2.62381297756397e-08
19025,4,1,83,867,312928,0,8.42096746715792e-08
19026,4,1,82,832,352114,0,5.29089545025982e-09
19027,4,1,93,862,306622,0,9.27383385512128e-09
19028,4,1,102,883,262210,0,7.0588337278985e-08
19029,4,1,80,864,239358,0,8.58150281937042e-09
19030,4,1,76,865,203981,0,4.28872205976858e-09
19031,4,1,85,848,230882,0,1.42240884511373e-08
19032,4,1,82,852,201699,0,8.68261182394048e-09
19033,4,1,93,867,207686,0,1.52834085619915e-08
19034,4,1,112,864,282237,0,7.49901835847389e-08
19035,4,1,107,869,302570,0,5.34781565906163e-09
19036,4,1,105,917,267173,0,3.99274022638612e-08
19037,4,1,77,872,297629,0,7.61774568314753e-08
19038,4,1,101,839,276069,0,8.45568751461682e-09
19039,4,1,107,866,320876,0,3.88539076333404e-09
19040,4,1,86,866,313696,0,1.30791322382746e-08
19041,4,1,73,831,326547,0,8.90738724860836e-09
19042,4,1,98,857,284743,0,4.66723534901894e-08
19043,4,1,93,854,421240,0,2.77307939860395e-09
19044,4,1,92,804,467957,0,2.84735930914489e-09
19045,4,1,84,818,406235,0,1.99221386218611e-08
19046,4,1,93,810,332513,0,1.80126191046599e-07
19047,4,1,99,828,287362,0,3.84766886194938e-09
19048,4,1,93,863,363988,0,1.09419762884216e-08
19049,4,1,79,840,319496,0,2.18537488207248e-08
19050,4,1,85,834,307356,0,3.23597236293616e-09
19051,4,1,91,836,357721,0,2.11905643715759e-08
19052,4,1,84,850,467854,0,1.23895535439866e-08
19053,4,1,89,875,535301,0,3.65625771467806e-07
19054,4,1,121,852,475203,0,1.49708225938125e-08
19055,4,1,80,843,444014,0,1.52951011321069e-08
19056,4,1,86,847,485890,0,1.11784219489359e-07
19057,4,1,60,889,369523,0,4.69947302458606e-08
19058,4,1,89,895,395370,0,2.92277384933337e-09
19059,4,1,105,820,371280,0,2.56199132842189e-09
19060,4,1,100,828,433540,0,9.65140942640438e-09
19061,4,1,111,861,397327,0,4.37057887728032e-09
19062,4,1,82,873,319072,0,1.23920698106308e-08
19063,4,1,78,878,375744,0,4.21227142203159e-09
19064,4,1,93,830,304553,0,1.42834248121186e-08
19065,4,1,100,842,350259,0,9.93859782932991e-07
19066,4,1,100,851,323204,0,3.66624363352816e-07
19067,4,1,120,838,353513,0,7.75381833618653e-09
19068,4,1,97,859,369405,0,3.14716699939844e-07
19069,4,1,79,891,299209,0,1.421083782527e-07
19070,4,1,97,850,329450,0,6.8981965985671e-09
19071,4,1,89,835,439615,0,2.69139955916335e-09
19072,4,1,115,854,491184,0,1.06654513214078e-08
19073,4,1,94,854,410051,0,2.02613727627694e-07
19074,4,1,70,867,457422,0,4.42641621282384e-09
19075,4,1,74,851,542756,0,9.93332906494347e-09
19076,4,1,86,863,578379,0,4.49951733728743e-09
19077,4,1,78,832,519789,0,3.82456373533245e-07
19078,4,1,88,823,394720,0,9.80424964252618e-08
19079,4,1,85,867,340011,0,8.45605413618535e-08
19080,4,1,88,838,333589,0,6.02295255913184e-08
19081,4,1,81,856,331632,0,1.70016318067354e-08
19082,4,1,89,861,343905,0,4.68038440234606e-09
19083,4,1,77,856,362238,0,2.42800453835135e-07
19084,4,1,78,927,351180,0,2.12735207329944e-08
19085,4,1,103,833,386376,0,7.02952718709838e-09
19086,4,1,105,855,410448,0,2.71955683748349e-08
19087,4,1,82,857,472318,0,1.52289932860935e-07
19088,4,1,76,845,506808,0,2.20510324022482e-08
19089,4,1,99,814,524861,0,9.71340935818764e-08
19090,4,1,106,874,558136,0,9.87071258675223e-09
19091,4,1,117,845,491964,0,7.63475098022208e-09
19092,4,1,103,871,360040,0,7.24250521448971e-09
19093,4,1,113,862,353940,0,5.79455068664889e-08
19094,4,1,85,804,308988,0,1.53716162891072e-08
19095,4,1,90,810,347774,0,7.29385729440238e-09
19096,4,1,97,793,435264,0,5.35665927439435e-08
19097,4,1,85,832,324786,0,8.32694626320103e-09
19098,4,1,74,804,432218,0,9.67904887875844e-09
19099,4,1,108,865,359014,0,1.83792028663759e-07
19100,4,1,78,866,341696,0,4.34254247402054e-08
19101,4,1,80,888,352672,0,1.11978873700806e-07
19102,4,1,84,866,349971,0,1.43352498622169e-08
19103,4,1,95,824,380615,0,3.96053078620539e-08
19104,4,1,77,863,368487,0,8.01972824846988e-08
19105,4,1,77,823,428131,0,3.50858352087268e-08
19106,4,1,108,805,506919,0,1.80263747533186e-08
19107,4,1,85,853,540278,0,6.84692885041706e-09
19108,4,1,101,868,432158,0,6.75130997078799e-08
19109,4,1,91,849,397437,0,1.05527080830785e-08
19110,4,1,104,835,393469,0,1.89158536178427e-09
19111,4,1,85,878,381102,0,3.18349863769108e-08
19112,4,1,107,900,486750,0,5.22604936285834e-08
19113,4,1,109,904,415979,0,2.24743222779693e-09
19114,4,1,95,858,330846,0,1.49859181358261e-08
19115,4,1,114,849,442407,0,5.67186265368597e-09
19116,4,1,81,861,406126,0,4.79340241084351e-08
19117,4,1,96,858,386211,0,1.54249789443327e-08
19118,4,1,104,852,325815,0,3.40148392530707e-08
19119,4,1,89,879,309982,0,2.30763131473355e-08
19120,4,1,89,857,295285,0,8.8529329717267e-09
19121,4,1,72,844,308591,0,1.0172723418896e-08
19122,4,1,78,874,314796,0,8.74685788082419e-09
19123,4,1,76,878,345441,0,5.19579563423712e-09
19124,4,1,97,827,338013,0,1.35218696183687e-08
19125,4,1,62,869,365978,0,1.27617652667525e-08
19126,4,1,114,801,404531,0,9.41680033995689e-09
19127,4,1,73,872,319603,0,3.21497775014661e-09
19128,4,1,79,873,381495,0,1.21598407691497e-07
19129,4,1,91,849,272476,0,1.24723713912744e-08
19130,4,1,76,834,211723,0,5.75317961971643e-09
19131,4,1,79,824,248363,0,1.49038781815379e-07
19132,4,1,81,864,305097,0,1.24109349759359e-08
19133,4,1,93,865,333683,0,3.34523863994626e-07
19134,4,1,91,880,227822,0,1.60062609330389e-08
19135,4,1,85,825,225673,0,3.89403653050831e-08
19136,4,1,101,903,189704,0,8.93947201409458e-09
19137,4,1,91,859,237948,0,8.30351837742807e-09
19138,4,1,87,825,340737,0,1.19918074443557e-08
19139,4,1,93,782,333395,0,2.89595558177741e-08
19140,4,1,105,861,247716,0,2.16740876954193e-09
19141,4,1,96,849,244167,0,1.45548977866749e-08
19142,4,1,110,838,265259,0,5.66218548724716e-09
19143,4,1,99,860,245736,0,1.85843283346668e-06
19144,4,1,129,900,225900,0,1.11115145960576e-05
19145,4,1,97,831,270168,0,2.46340941885855e-09
19146,4,1,84,807,306606,0,3.34545116748773e-08
19147,4,1,85,866,243331,0,7.02155280097427e-09
19148,4,1,95,859,233308,0,1.48407460270955e-07
19149,4,1,95,846,361251,0,1.95470639728951e-08
19150,4,1,89,855,345408,0,5.98429010354720e-09
19151,4,1,74,875,313702,0,1.34589583101286e-06
19152,4,1,96,860,276471,0,2.15615013887793e-06
19153,4,1,97,891,284499,0,1.28063675229021e-08
19154,4,1,102,858,266871,0,2.79089424926246e-08
19155,4,1,106,863,324866,0,3.46205107720195e-09
19156,4,1,109,891,428804,0,4.81317863798006e-08
19157,4,1,122,910,319815,0,2.56802131558372e-08
19158,4,1,95,877,317134,0,1.35037784033591e-08
19159,4,1,120,855,298351,0,1.83385455492259e-08
19160,4,1,76,846,268141,0,1.67357472768794e-08
19161,4,1,69,830,299305,0,7.29483421024939e-08
19162,4,1,106,845,376350,0,1.70377810827161e-07
19163,4,1,93,879,375127,0,1.24526673502491e-07
19164,4,1,110,881,381676,0,1.49127038736563e-08
19165,4,1,100,846,313335,0,3.45681574134759e-09
19166,4,1,92,836,376318,0,1.75923771352598e-08
19167,4,1,75,832,460410,0,3.93058464379874e-09
19168,4,1,99,824,535850,0,1.29571275361638e-08
19169,4,1,100,835,378078,0,1.47273406633132e-08
19170,4,1,111,865,259298,0,1.59505540208909e-08
19171,4,1,113,834,216355,0,2.10011166660054e-08
19172,4,1,104,837,234974,0,2.90001399244558e-09
19173,4,1,99,907,221163,0,1.71843596695708e-08
19174,4,1,108,861,237756,0,4.95759873900408e-09
19175,4,1,94,830,228318,0,3.37255028166501e-09
19176,4,1,97,879,207685,0,2.22341253136936e-08
19177,4,1,93,860,238083,0,1.35684537752673e-07
19178,4,1,90,808,185829,0,9.11113448428815e-09
19179,4,1,112,814,202097,0,4.07887693443888e-08
19180,4,1,100,879,269457,0,2.27291004296845e-08
19181,4,1,103,856,274371,0,9.15340481174649e-09
19182,4,1,121,851,289981,0,1.22328739969615e-06
19183,4,1,121,843,295678,0,7.75073100255652e-08
19184,4,1,107,825,390511,0,1.407202559064e-08
19185,4,1,122,873,330852,0,1.94889801720047e-09
19186,4,1,111,865,338770,0,1.21960423194131e-08
19187,4,1,99,874,373070,0,7.45245497729993e-08
19188,4,1,98,849,389086,0,1.47204933954513e-08
19189,4,1,97,838,375976,0,8.83689143564159e-09
19190,4,1,85,816,295873,0,3.61180176796809e-08
19191,4,1,83,832,402127,0,4.07034327143516e-09
19192,4,1,83,807,392930,0,8.90528732068905e-09
19193,4,1,97,877,338852,0,7.65891139688154e-09
19194,4,1,85,859,345300,0,9.52741300885654e-08
19195,4,1,98,873,236192,0,3.8520952551043e-07
19196,4,1,109,851,276624,0,1.66087024884725e-08
19197,4,1,83,913,219609,0,7.45397997590544e-09
19198,4,1,73,880,225875,0,2.55329417121319e-08
19199,4,1,98,876,233079,0,3.24275061706347e-08
19200,4,1,123,812,270226,0,4.57637208283383e-09
19201,4,1,85,845,249220,0,7.82367244959628e-09
19202,4,1,88,907,220102,0,2.01968480837681e-08
19203,4,1,103,890,289704,0,2.97415149432443e-07
19204,4,1,97,863,263336,0,8.30507465148731e-09
19205,4,1,81,888,205864,0,1.42470720292066e-08
19206,4,1,113,849,228515,0,1.21821258508364e-08
19207,4,1,109,827,239785,0,1.35003690086962e-08
19208,4,1,105,865,250611,0,9.65723398691821e-08
19209,4,1,92,869,360068,0,1.89703529041627e-07
19210,4,1,89,839,455451,0,5.53996254495806e-09
19211,4,1,83,854,358035,0,1.1389821666034e-08
19212,4,1,120,852,346312,0,7.32271130888949e-09
19213,4,1,92,844,356098,0,1.13511223087444e-08
19214,4,1,108,869,332692,0,1.29103421766938e-08
19215,4,1,84,876,289850,0,6.84328294285286e-09
19216,4,1,106,827,254756,0,6.64345577598384e-09
19217,4,1,71,932,339425,0,2.44037039133075e-08
19218,4,1,108,870,404306,0,7.99030950863801e-08
19219,4,1,98,898,483987,0,6.29708506800849e-09
19220,4,1,125,899,428364,0,6.23111740590674e-09
19221,4,1,119,840,336993,0,4.81648059974925e-09
19222,4,1,118,875,331092,0,6.97136710436564e-09
19223,4,1,115,879,335939,0,7.94996718705973e-07
19224,4,1,87,836,368558,0,5.35240262880252e-08
19225,4,1,102,902,307823,0,5.89609559560149e-09
19226,4,1,89,900,308643,0,1.74115633850434e-08
19227,4,1,93,807,281204,0,1.70758430589468e-09
19228,4,1,99,867,268991,0,1.72974129571553e-09
19229,4,1,105,861,219753,0,1.7356327598689e-08
19230,4,1,65,858,219903,0,2.50336703684471e-09
19231,4,1,80,871,181247,0,5.53882406009736e-09
19232,4,1,101,866,248802,0,6.0909106248659e-09
19233,4,1,84,876,264989,0,6.64914701348736e-09
19234,4,1,102,852,243722,0,1.00935051803441e-08
19235,4,1,94,890,276806,0,8.1620732902889e-09
19236,4,1,88,863,225630,0,2.44417069779358e-09
19237,4,1,95,881,244988,0,8.52035493715386e-08
19238,4,1,110,875,279618,0,3.27708130129129e-08
19239,4,1,111,847,294434,0,7.54096999916399e-07
19240,4,1,103,888,311988,0,1.14786075811895e-08
19241,4,1,83,883,290370,0,8.15967561876706e-09
19242,4,1,94,894,365875,0,1.4529124399018e-08
19243,4,1,88,867,477035,0,9.85933553067539e-09
19244,4,1,80,864,408452,0,1.98636390960085e-08
19245,4,1,75,847,459140,0,8.38890324557111e-07
19246,4,1,105,882,420659,0,6.5428554119041e-09
19247,4,1,82,840,404147,0,5.04986266947531e-09
19248,4,1,82,865,371466,0,9.56570174222469e-07
19249,4,1,75,862,236215,0,5.85259389123256e-09
19250,4,1,80,846,295163,0,4.91081063750696e-08
19251,4,1,106,850,299123,0,3.50909099639605e-09
19252,4,1,97,864,286579,0,2.45243612946884e-08
19253,4,1,90,860,273623,0,1.88767653361897e-08
19254,4,1,88,856,285742,0,1.84729602420596e-08
19255,4,1,90,883,337983,0,3.18119964893506e-09
19256,4,1,81,856,336857,0,1.56587533271663e-08
19257,4,1,100,871,365766,0,7.27680502461538e-06
19258,4,1,96,824,363779,0,4.66084046082404e-08
19259,4,1,90,820,342012,0,1.06628031101105e-07
19260,4,1,95,853,392054,0,9.24421085088792e-09
19261,4,1,75,856,509648,0,4.47968129647697e-09
19262,4,1,85,869,470873,0,7.57666688716845e-09
19263,4,1,97,880,426910,0,5.8992446097779e-08
19264,4,1,77,844,330647,0,3.3590633637916e-09
19265,4,1,80,846,345670,0,3.2592451625429e-08
19266,4,1,88,823,334148,0,3.73400322775341e-09
19267,4,1,93,888,312585,0,2.86665289568481e-09
19268,4,1,72,850,253659,0,3.04181599618356e-08
19269,4,1,82,814,164753,0,3.40261435454601e-08
19270,4,1,91,893,176659,0,2.88057342480362e-08
19271,4,1,95,856,169229,0,1.270045168407e-08
19272,4,1,91,897,145308,0,1.00009069808994e-07
19273,4,1,81,855,145389,0,2.44332207501195e-08
19274,4,1,74,878,144653,0,2.63174569065813e-09
19275,4,1,89,841,216117,0,4.37057010142336e-09
19276,4,1,113,846,273334,0,6.56210370384504e-09
19277,4,1,105,860,298160,0,1.39708723324542e-07
19278,4,1,103,836,240758,0,7.05527896038073e-08
19279,4,1,106,886,213227,0,1.09559352573274e-08
19280,4,1,89,913,257895,0,8.82111019434697e-08
19281,4,1,96,839,223279,0,3.28995155261319e-09
19282,4,1,76,838,226725,0,3.79873553233e-09
19283,4,1,82,894,256757,0,2.55312577817183e-09
19284,4,1,95,922,357524,0,3.0465559514849e-08
19285,4,1,77,849,271952,0,3.54222865320646e-08
19286,4,1,93,844,259635,0,1.02582816042095e-07
19287,4,1,102,856,251899,0,1.10859003424476e-08
19288,4,1,115,879,263782,0,1.9226864409278e-08
19289,4,1,94,858,295002,0,1.12207788827723e-08
19290,4,1,85,849,245359,0,8.823974333846e-08
19291,4,1,103,877,201043,0,1.26748620825299e-08
19292,4,1,90,897,215226,0,7.57008716865649e-09
19293,4,1,108,870,161306,0,1.87615475146814e-08
19294,4,1,108,829,190465,0,7.07537485951108e-08
19295,4,1,109,859,263855,0,1.54995183628985e-09
19296,4,1,97,837,313176,0,1.37064223934045e-08
19297,4,1,86,849,274896,0,3.53480559633354e-08
19298,4,1,81,887,221752,0,7.91451347079561e-08
19299,4,1,91,850,165149,0,4.29988967070032e-08
19300,4,1,93,838,191678,0,1.17385200391786e-07
19301,4,1,93,839,229920,0,1.16485045590548e-08
19302,4,1,92,856,290188,0,1.02024169146519e-08
19303,4,1,91,867,199545,0,1.32548101971211e-08
19304,4,1,67,850,209367,0,1.41330642984665e-06
19305,4,1,85,847,242522,0,5.94961143567909e-09
19306,4,1,86,873,224751,0,8.35263697222576e-09
19307,4,1,83,880,169672,0,8.29809321579131e-09
19308,4,1,96,852,187093,0,3.27071193279834e-08
19309,4,1,95,873,164608,0,1.76985251826759e-08
19310,4,1,120,813,178621,0,3.87421006757663e-08
19311,4,1,87,833,206330,0,4.2592753635788e-08
19312,4,1,97,861,273254,0,3.38292806856765e-09
19313,4,1,82,788,277320,0,1.46403037056804e-08
19314,4,1,86,845,283791,0,1.12334056405804e-08
19315,4,1,104,830,283119,0,1.56565361509551e-08
19316,4,1,92,840,316635,0,1.94391892523793e-08
19317,4,1,88,823,373490,0,3.58011064426298e-08
19318,4,1,78,788,372272,0,6.87486188730773e-08
19319,4,1,80,818,378740,0,5.64892049479649e-08
19320,4,1,79,835,373381,0,6.77681144940295e-08
19321,4,1,90,845,661336,0,1.25836847288724e-08
19322,4,1,85,834,511188,0,8.87668192395703e-09
19323,4,1,66,818,791344,0,2.41590502909033e-08
19324,4,1,81,810,515504,0,3.32170398522755e-08
19325,4,1,100,821,344187,0,2.21582154250335e-07
19326,4,1,89,904,287728,0,1.29401725721234e-08
19327,4,1,106,829,309360,0,2.28806881146271e-07
19328,4,1,89,857,269943,0,1.04953521851652e-08
19329,4,1,84,827,262061,0,8.68140513012783e-08
19330,4,1,86,844,289141,0,9.26227726743099e-09
19331,4,1,100,876,282000,0,3.9023112715759e-08
19332,4,1,86,848,360947,0,4.23158435388499e-09
19333,4,1,102,858,291380,0,3.91749770940734e-09
19334,4,1,95,877,333088,0,7.27125969928341e-08
19335,4,1,81,861,314923,0,3.24597380432317e-09
19336,4,1,94,877,303853,0,1.63614655915123e-08
19337,4,1,92,865,414826,0,2.83677526707771e-08
19338,4,1,107,814,343437,0,3.64089291037093e-07
19339,4,1,116,860,272530,0,5.72090158450322e-09
19340,4,1,96,867,301987,0,4.84590006386108e-09
19341,4,1,102,880,269233,0,3.40596492903302e-08
19342,4,1,119,854,284966,0,6.6721384712104e-09
19343,4,1,85,825,291967,0,3.69049007875533e-08
19344,4,1,89,871,285931,0,1.70276718000314e-08
19345,4,1,77,904,287560,0,6.11180307143247e-09
19346,4,1,88,871,193427,0,8.27248903516952e-09
19347,4,1,111,859,212977,0,1.60579621220753e-08
19348,4,1,103,909,175080,0,1.39868789632562e-08
19349,4,1,90,885,150069,0,1.7008883672997e-08
19350,4,1,100,853,177357,0,1.66295077410981e-07
19351,4,1,91,875,196147,0,1.92159543283237e-08
19352,4,1,96,902,189824,0,3.65082501248717e-08
19353,4,1,88,938,192257,0,4.92013395329154e-08
19354,4,1,94,859,173560,0,8.10431482418892e-09
19355,4,1,108,871,173634,0,1.63557319822171e-08
19356,4,1,93,859,202752,0,6.26667821791817e-08
19357,4,1,84,914,241062,0,2.12681463401578e-09
19358,4,1,87,905,216020,0,2.1971449967536e-08
19359,4,1,87,875,198995,0,5.37213576124022e-08
19360,4,1,86,899,209153,0,6.99855596530873e-08
19361,4,1,85,836,188477,0,1.23981654245789e-08
19362,4,1,96,885,191050,0,1.11206847162381e-08
19363,4,1,105,885,210490,0,2.33204810836941e-08
19364,4,1,87,866,197785,0,3.82009493605509e-08
19365,4,1,103,905,241338,0,3.34920577677071e-09
19366,4,1,112,904,216716,0,4.32718998018847e-09
19367,4,1,92,868,210113,0,1.26162493342135e-08
19368,4,1,106,903,201562,0,7.24699973993311e-08
19369,4,1,104,910,254667,0,2.90649823201921e-09
19370,4,1,76,839,207533,0,5.89675569168506e-08
19371,4,1,88,864,188705,0,1.98775719758897e-08
19372,4,1,102,893,204683,0,5.31710185499982e-09
19373,4,1,103,859,211701,0,1.3886727844732e-08
19374,4,1,108,861,168028,0,1.58456394997648e-08
19375,4,1,111,884,194562,0,5.21290322272623e-08
19376,4,1,104,870,210885,0,7.67739789560877e-08
19377,4,1,105,846,179607,0,3.29959931983201e-09
19378,4,1,87,847,136478,0,1.82730024508535e-09
19379,4,1,108,878,144277,0,6.93503899330684e-09
19380,4,1,117,875,144770,0,1.65732329345604e-07
19381,4,1,91,858,129907,0,2.55645384533851e-08
19382,4,1,106,881,126857,0,1.07876186505563e-07
19383,4,1,109,905,107855,0,8.34351528422263e-09
19384,4,1,106,866,103901,0,2.64800489314722e-08
19385,4,1,85,891,100864,0,1.47991084598345e-08
19386,4,1,102,863,126806,0,1.16262663430938e-08
19387,4,1,103,898,121343,0,3.45029893056663e-06
19388,4,1,105,926,116306,0,2.54368114134657e-09
19389,4,1,102,865,150680,0,3.6687394764946e-09
19390,4,1,89,894,142774,0,7.81397096684127e-09
19391,4,1,106,839,137580,0,8.21404767066474e-09
19392,4,1,91,901,156000,0,4.63165041234687e-09
19393,4,1,94,871,148046,0,2.04207893272375e-07
19394,4,1,97,829,143607,0,4.6025352094548e-09
19395,4,1,93,874,159090,0,1.65905455497222e-08
19396,4,1,68,857,236620,0,1.26978538788059e-08
19397,4,1,89,845,188804,0,1.56183632067311e-08
19398,4,1,91,866,149108,0,3.3743562365438e-07
19399,4,1,72,950,105261,0,1.44638992811713e-08
19400,4,1,77,866,114481,0,4.52127295814623e-09
19401,4,1,88,896,110728,0,5.38171156776167e-09
19402,4,1,90,875,130973,0,1.54373779802186e-08
19403,4,1,74,890,124470,0,7.16232067028802e-09
19404,4,1,84,903,139830,0,5.1615842609324e-08
19405,4,1,83,891,130349,0,3.14505693215438e-09
19406,4,1,84,895,172013,0,2.18236094978064e-08
19407,4,1,90,907,210873,0,1.51119562680067e-08
19408,4,1,80,892,280337,0,7.0220591120697e-08
19409,4,1,80,897,280004,0,2.31901844980537e-09
19410,4,1,89,862,239262,0,6.55783948168387e-09
19411,4,1,96,873,272251,0,8.9016036916113e-09
19412,4,1,70,863,298117,0,7.48487805846681e-08
19413,4,1,83,904,225262,0,1.21456154933578e-08
19414,4,1,78,914,235580,0,2.57220824063604e-08
19415,4,1,96,880,191159,0,3.94146180273191e-08
19416,4,1,101,917,177774,0,4.49732194643044e-08
19417,4,1,78,892,203258,0,9.29075727393923e-09
19418,4,1,109,876,234720,0,1.96952347420458e-07
19419,4,1,91,885,237511,0,5.52812410570354e-08
19420,4,1,91,888,325462,0,3.21943345619654e-08
19421,4,1,78,878,428005,0,1.48254519701814e-07
19422,4,1,88,877,503161,0,1.88452394873143e-08
19423,4,1,83,875,547123,0,5.31084477831358e-09
19424,4,1,103,865,506209,0,8.51362227873545e-08
19425,4,1,107,906,331658,0,3.97022918839705e-08
19426,4,1,87,879,429550,0,1.46976333934021e-08
19427,4,1,97,873,468615,0,1.95015798634774e-08
19428,4,1,102,920,456692,0,7.09919323511427e-08
19429,4,1,103,875,482792,0,4.42402480965596e-08
19430,4,1,89,876,428302,0,7.31590745838229e-08
19431,4,1,109,886,368415,0,5.00400733555846e-08
19432,4,1,104,891,394315,0,1.79823510425917e-08
19433,4,1,96,848,525758,0,1.30298820387007e-08
19434,4,1,98,846,368133,0,2.09111116600024e-08
19435,4,1,95,887,415499,0,5.28676501024468e-09
19436,4,1,108,879,404759,0,1.51344131876706e-08
19437,4,1,117,871,496692,0,1.08240803691573e-08
19438,4,1,91,848,608493,0,2.83445236482932e-08
19439,4,1,105,862,434513,0,5.38022350649246e-08
19440,4,1,88,860,467741,0,9.37934282390554e-09
19441,4,1,84,839,341589,0,1.58226290950587e-08
19442,4,1,102,855,366659,0,1.52738530809668e-08
19443,4,1,88,863,538309,0,9.71029759276061e-09
19444,4,1,76,886,386397,0,2.46542192962716e-08
19445,4,1,66,901,505033,0,3.27140181336396e-08
19446,4,1,115,887,325782,0,7.41268183776083e-09
19447,4,1,113,880,419946,0,7.04835589580323e-08
19448,4,1,130,916,407802,0,5.6197308933607e-08
19449,4,1,104,853,396779,0,8.05158132746038e-08
19450,4,1,85,879,401027,0,6.03588560283061e-08
19451,4,1,82,867,358151,0,4.18069306858555e-09
19452,4,1,90,917,393717,0,2.36948440711488e-06
19453,4,1,109,895,563551,0,4.66687199165863e-09
19454,4,1,82,858,480179,0,1.6344089757634e-08
19455,4,1,103,870,444980,0,2.10559770619961e-08
19456,4,1,102,858,473748,0,5.63857817384795e-09
19457,4,1,114,854,450558,0,3.32277953378717e-07
19458,4,1,109,878,374158,0,2.77906858798636e-09
19459,4,1,105,947,332485,0,1.69748871227351e-08
19460,4,1,97,905,333098,0,7.86222216509460e-09
19461,4,1,118,872,259529,0,2.08110754079169e-08
19462,4,1,124,888,275929,0,1.43839834711031e-08
19463,4,1,103,921,227559,0,2.86268835786733e-08
19464,4,1,92,882,229241,0,6.77812518291854e-08
19465,4,1,92,875,244045,0,2.44488798367179e-08
19466,4,1,86,902,258776,0,5.14618554081657e-09
19467,4,1,118,953,286644,0,7.51087687046887e-09
19468,4,1,79,887,262728,0,4.64060707067268e-08
19469,4,1,93,904,277101,0,1.00583687034397e-07
19470,4,1,100,869,348275,0,6.39871098498799e-08
19471,4,1,112,914,377295,0,7.50046003536827e-08
19472,4,1,112,970,442986,0,2.19868482933561e-08
19473,4,1,105,888,436770,0,3.39263530282716e-08
19474,4,1,107,909,516531,0,2.39333676656934e-09
19475,4,1,109,871,350505,0,1.0180417851411e-08
19476,4,1,104,884,315564,0,3.09459128315008e-08
19477,4,1,106,914,248978,0,2.77466606523927e-09
19478,4,1,86,904,319164,0,1.07703292327465e-08
19479,4,1,103,876,314227,0,5.68501034117843e-08
19480,4,1,122,881,416107,0,5.59461022074852e-09
19481,4,1,96,912,350817,0,4.18605151513976e-09
19482,4,1,96,872,365439,0,1.16359905466915e-08
19483,4,1,98,875,383954,0,6.97916012231879e-09
19484,4,1,102,903,380680,0,8.34343886625925e-09
19485,4,1,80,911,471042,0,2.51212396145232e-08
19486,4,1,100,881,505432,0,6.57719714707888e-09
19487,4,1,90,895,315530,0,4.67493690230996e-09
19488,4,1,103,859,334458,0,1.29210972359029e-08
19489,4,1,120,914,446930,0,4.8961232938551e-09
19490,4,1,101,869,509469,0,1.32505758064723e-08
19491,4,1,113,868,489472,0,9.76391559772159e-09
19492,4,1,108,908,551809,0,2.13340346426292e-08
19493,4,1,114,865,477735,0,2.92585436876173e-09
19494,4,1,121,856,476375,0,1.40686646125388e-08
19495,4,1,100,833,522276,0,2.43075876127114e-09
19496,4,1,101,867,526116,0,1.67530073650404e-08
19497,4,1,95,881,492322,0,6.12653823867738e-09
19498,4,1,93,928,466625,0,5.21909640680144e-08
19499,4,1,96,891,583272,0,6.63325706503149e-08
19500,4,1,103,875,530629,0,1.91937734399669e-08
19501,4,1,96,873,489173,0,6.45373990823048e-08
19502,4,1,100,885,449585,0,2.6537524826349e-08
19503,4,1,92,850,480195,0,3.27197214543962e-07
19504,4,1,84,903,459436,0,3.78552644511145e-08
19505,4,1,90,895,471309,0,3.61627585623118e-06
19506,4,1,95,879,551714,0,5.53191782824833e-08
19507,4,1,106,899,514938,0,1.37183321389452e-08
19508,4,1,99,865,518317,0,7.70485573402903e-08
19509,4,1,93,885,506471,0,1.85248802942115e-08
19510,4,1,80,894,392690,0,2.87040140351306e-08
19511,4,1,93,842,543481,0,1.62135036503372e-06
19512,4,1,78,836,520290,0,3.73298327685017e-09
19513,4,1,102,825,459426,0,1.0421420829462e-08
19514,4,1,92,851,510106,0,3.53328236582407e-06
19515,4,1,92,815,477461,0,5.03993165963897e-07
19516,4,1,98,879,497037,0,3.74125416729407e-08
19517,4,1,123,830,384616,0,1.44609050097582e-08
19518,4,1,87,866,462218,0,5.2403145893259e-09
19519,4,1,97,833,531365,0,1.35092033108424e-08
19520,4,1,111,856,526529,0,8.13907118732935e-09
19521,4,1,109,839,427769,0,1.27313288263002e-08
19522,4,1,108,859,473929,0,2.45238485905328e-08
19523,4,1,95,838,433986,0,2.25560527762624e-06
19524,4,1,87,856,476145,0,6.34909786452686e-09
19525,4,1,90,826,458705,0,1.27874248348451e-08
19526,4,1,112,893,497645,0,2.39525704653421e-09
19527,4,1,73,878,435322,0,1.9269709975314e-08
19528,4,1,96,897,415879,0,1.98759174361834e-08
19529,4,1,104,922,387181,0,4.8374876992852e-08
19530,4,1,115,921,378609,0,3.33623140949682e-08
19531,4,1,88,841,388945,0,1.05201379111458e-08
19532,4,1,103,841,385402,0,2.85565679250192e-08
19533,4,1,106,850,402589,0,1.7518543928996e-08
19534,4,1,93,877,387932,0,8.03357019409721e-09
19535,4,1,96,881,388551,0,1.07301508215187e-08
19536,4,1,120,858,405452,0,8.52470994985557e-09
19537,4,1,109,886,304214,0,1.04600595708872e-08
19538,4,1,119,880,357259,0,1.30200791425244e-08
19539,4,1,113,830,318604,0,2.02574123594444e-07
19540,4,1,92,849,287023,0,8.44870056865442e-09
19541,4,1,91,844,300205,0,1.0212748944847e-08
19542,4,1,110,830,251108,0,3.23542418826226e-08
19543,4,1,76,871,272560,0,1.13984669867388e-07
19544,4,1,98,902,235057,0,3.06688435581149e-08
19545,4,1,102,873,240216,0,7.5443321010996e-08
19546,4,1,83,850,262966,0,2.58621154896789e-06
19547,4,1,101,869,226646,0,1.03059201420176e-08
19548,4,1,94,837,193025,0,1.56897842986683e-08
19549,4,1,98,855,293481,0,4.22337616623656e-09
19550,4,1,124,849,372192,0,3.90029987829769e-08
19551,4,1,115,905,247731,0,1.06693991922629e-07
19552,4,1,96,883,292662,0,1.57986771194829e-08
19553,4,1,112,866,282265,0,3.53223634302539e-08
19554,4,1,107,886,295396,0,5.98240978231208e-08
19555,4,1,115,854,309861,0,3.65874137850686e-08
19556,4,1,115,827,291988,0,1.29919992121678e-08
19557,4,1,94,850,266413,0,1.75628442445956e-08
19558,4,1,115,841,324022,0,1.01160551894008e-08
19559,4,1,97,864,304713,0,3.23656451075366e-08
19560,4,1,85,883,275561,0,1.02806733448387e-07
19561,4,1,87,870,269235,0,1.75334439893085e-08
19562,4,1,96,862,339252,0,7.76952672242537e-09
19563,4,1,80,848,447228,0,1.00491621648828e-08
19564,4,1,94,848,497557,0,2.28338172324968e-09
19565,4,1,64,881,361779,0,3.17371481415234e-08
19566,4,1,98,885,365765,0,1.8519920745009e-09
19567,4,1,95,907,390441,0,1.4755562112186e-08
19568,4,1,95,874,382676,0,1.11656031567069e-08
19569,4,1,86,896,361559,0,4.41417417560489e-08
19570,4,1,85,894,317233,0,9.25915945610784e-09
19571,4,1,99,902,319262,0,2.94752194363534e-09
19572,4,1,114,899,489936,0,2.2894841895393e-08
19573,4,1,92,894,650377,0,8.77247124353711e-07
19574,4,1,101,902,554436,0,1.72932934252474e-08
19575,4,1,93,886,386705,0,6.19687552588786e-08
19576,4,1,100,880,383105,0,1.95160965771733e-08
19577,4,1,72,894,358141,0,1.17601282110464e-09
19578,4,1,102,879,388394,0,2.97289486046067e-08
19579,4,1,106,945,367351,0,4.22437312877038e-08
19580,4,1,110,864,412678,0,6.89239093488446e-07
19581,4,1,112,850,467457,0,4.94201564404858e-09
19582,4,1,82,918,417537,0,6.70942342582451e-09
19583,4,1,100,883,493203,0,2.01240013205655e-08
19584,4,1,95,860,492323,0,1.87846036954116e-08
19585,4,1,77,890,440732,0,3.89948012348388e-08
19586,4,1,122,850,432120,0,2.60202918871075e-08
19587,4,1,111,888,465210,0,2.42171064179171e-08
19588,4,1,90,907,401337,0,2.87924451674826e-08
19589,4,1,88,941,410906,0,5.38300907766184e-09
19590,4,1,105,906,410343,0,1.11396334852665e-07
19591,4,1,107,866,834625,0,2.54513784454495e-08
19592,4,1,98,894,984307,0,1.12608541001992e-08
19593,4,1,100,895,771898,0,5.47800171877703e-08
19594,4,1,89,884,1039982,0,1.96168419594302e-08
19595,4,1,112,881,812311,0,3.94085451557327e-08
19596,4,1,83,884,882213,0,2.08348394150156e-08
19597,4,1,103,913,635345,0,1.32480789909379e-08
19598,4,1,77,889,670670,0,1.32428971996221e-08
19599,4,1,81,859,663565,0,5.00927815219587e-09
19600,4,1,98,895,711312,0,3.99760522101761e-09
19601,4,1,91,881,793251,0,3.14714535141753e-08
19602,4,1,97,939,609283,0,2.79710387330171e-08
19603,4,1,101,882,646305,0,1.61484423842712e-08
19604,4,1,77,902,663788,0,9.60457205098033e-08
19605,4,1,84,854,676823,0,6.23387966227428e-08
19606,4,1,93,876,633338,0,3.35149550703841e-09
19607,4,1,103,911,741576,0,1.48574651876302e-06
19608,4,1,96,881,1195682,0,7.11949846970145e-09
19609,4,1,123,888,805376,0,2.64532117895953e-09
19610,4,1,98,845,618016,0,9.71839849775274e-07
19611,4,1,105,847,749988,0,5.08876603924532e-09
19612,4,1,110,871,647500,0,3.31278069463361e-07
19613,4,1,117,893,372226,0,2.47074657885245e-08
19614,4,1,126,874,287856,0,5.38272251784983e-09
19615,4,1,105,871,316153,0,7.82133880009652e-08
19616,4,1,104,874,300643,0,1.17367173571822e-08
19617,4,1,119,888,307002,0,1.38176779210963e-08
19618,4,1,79,870,238337,0,6.80082605712068e-09
19619,4,1,104,897,241812,0,9.61010704854558e-09
19620,4,1,85,932,242982,0,8.96887204344166e-09
19621,4,1,97,889,195283,0,7.87123443414578e-08
19622,4,1,96,901,255215,0,7.07142405910056e-08
19623,4,1,100,869,334836,0,8.5412439458111e-09
19624,4,1,101,912,272855,0,8.2581104148556e-08
19625,4,1,104,855,220433,0,1.80229085783283e-08
19626,4,1,110,844,268000,0,2.35566924045218e-08
19627,4,1,99,892,270187,0,9.71017738248504e-09
19628,4,1,97,845,283628,0,4.65685291335255e-09
19629,4,1,108,875,360530,0,1.26313599278313e-08
19630,4,1,104,906,288520,0,5.71475100162882e-09
19631,4,1,106,888,358964,0,4.32919806040613e-09
19632,4,1,95,900,254724,0,5.53607536403598e-09
19633,4,1,109,907,323892,0,1.59685144871095e-07
19634,4,1,97,860,434048,0,2.22315806780427e-08
19635,4,1,88,882,372551,0,6.3652873159076e-09
19636,4,1,113,885,350961,0,6.87245623793826e-09
19637,4,1,98,886,357491,0,2.53984483600481e-07
19638,4,1,105,886,346358,0,1.60160752359931e-08
19639,4,1,93,848,394038,0,2.33418941689064e-08
19640,4,1,111,825,419312,0,5.90996153103312e-07
19641,4,1,115,826,350803,0,1.18854890656639e-07
19642,4,1,96,895,507301,0,8.32195345452793e-09
19643,4,1,82,839,453406,0,4.32315422823047e-09
19644,4,1,88,827,416481,0,3.53896740379474e-08
19645,4,1,101,904,398660,0,4.19107817858758e-07
19646,4,1,98,863,506669,0,2.09394229103854e-08
19647,4,1,84,846,392159,0,1.65055220495069e-08
19648,4,1,86,905,384303,0,2.01372413151244e-09
19649,4,1,117,892,423699,0,3.34469083041152e-09
19650,4,1,107,828,469752,0,1.19901657136484e-08
19651,4,1,103,889,490136,0,5.75675887563802e-09
19652,4,1,90,854,411654,0,7.65843307734703e-08
19653,4,1,88,882,371759,0,8.09212444332493e-09
19654,4,1,98,897,302392,0,7.03880506553164e-08
19655,4,1,111,898,341395,0,8.75055205249051e-09
19656,4,1,89,875,239637,0,9.34268240792143e-09
19657,4,1,95,859,264320,0,4.9365305017882e-09
19658,4,1,85,890,296685,0,8.40812659112872e-08
19659,4,1,103,882,248548,0,8.45616320160339e-09
19660,4,1,102,843,334845,0,2.44695154639912e-08
19661,4,1,91,871,306128,0,1.10199447214354e-06
19662,4,1,95,895,364898,0,7.47612365965566e-09
19663,4,1,112,819,349668,0,5.12375156242651e-08
19664,4,1,90,844,325328,0,2.12157776157853e-08
19665,4,1,118,900,312292,0,1.77283313678354e-09
19666,4,1,84,896,466120,0,1.28295941616635e-08
19667,4,1,98,896,444728,0,7.84849813988545e-09
19668,4,1,115,858,436823,0,3.27291716686684e-09
19669,4,1,102,821,624403,0,5.19761748995065e-08
19670,4,1,99,846,433482,0,6.7439363283798e-08
19671,4,1,91,866,322722,0,8.14843915751176e-09
19672,4,1,104,835,583731,0,2.22444536120304e-08
19673,4,1,115,860,631911,0,1.26827092357246e-08
19674,4,1,91,880,581963,0,9.47190812341182e-09
19675,4,1,117,868,567878,0,1.98136323514196e-08
19676,4,1,102,861,471865,0,1.14766331073382e-07
19677,4,1,107,870,716809,0,2.65561307964755e-08
19678,4,1,114,825,532979,0,6.12590220603987e-08
19679,4,1,111,839,501317,0,3.11417670450799e-08
19680,4,1,100,877,460506,0,4.84778891511082e-08
19681,4,1,105,845,483122,0,5.48187702112134e-09
19682,4,1,86,881,519443,0,1.55089158387178e-08
19683,4,1,103,872,498845,0,2.35205050605461e-08
19684,4,1,86,904,472651,0,5.57378567324725e-08
19685,4,1,96,827,565859,0,5.23979601605145e-09
19686,4,1,92,842,569636,0,8.17769032204039e-09
19687,4,1,74,873,584224,0,2.27589677977126e-06
19688,4,1,78,858,493398,0,5.27253900441179e-08
19689,4,1,106,853,657397,0,6.51709548596782e-08
19690,4,1,103,887,559785,0,8.81249095617182e-09
19691,4,1,76,866,581001,0,1.44460985566164e-08
19692,4,1,108,871,451814,0,6.04222166877103e-09
19693,4,1,107,938,312623,0,2.35704562065086e-09
19694,4,1,107,881,448842,0,1.24359066002011e-07
19695,4,1,114,871,375710,0,2.27721169074186e-08
19696,4,1,98,888,428671,0,2.88174467594132e-08
19697,4,1,125,906,455385,0,5.3157703754048e-09
19698,4,1,83,869,361009,0,2.31743016486798e-09
19699,4,1,97,869,495080,0,9.771073881259e-09
19700,4,1,78,864,438513,0,3.18202047672075e-07
19701,4,1,112,853,501417,0,3.39886282945022e-08
19702,4,1,110,874,661776,0,3.96906258562935e-06
19703,4,1,106,843,458923,0,9.84436828589457e-09
19704,4,1,115,880,430944,0,5.92219829202418e-09
19705,4,1,104,874,426812,0,4.69113794744176e-08
19706,4,1,113,925,449484,0,3.60248441199603e-09
19707,4,1,73,878,514735,0,4.36875690589048e-07
19708,4,1,92,879,459307,0,7.83116045236699e-09
19709,4,1,79,830,711208,0,6.93975385201006e-09
19710,4,1,86,849,596655,0,8.28610383678088e-08
19711,4,1,109,907,643590,0,9.2583548123382e-09
19712,4,1,73,899,636709,0,6.21590948045458e-08
19713,4,1,109,894,525123,0,7.0719712028492e-09
19714,4,1,113,885,559251,0,6.60705352549037e-09
19715,4,1,109,904,570528,0,1.56136319354759e-08
19716,4,1,90,867,425474,0,4.39543159736217e-06
19717,4,1,90,861,510649,0,2.78754623404243e-08
19718,4,1,75,859,527412,0,6.06797580125316e-08
19719,4,1,97,847,473680,0,2.89001797048284e-08
19720,4,1,92,891,421806,0,1.70293698844982e-08
19721,4,1,84,887,511549,0,6.98780927188123e-09
19722,4,1,83,863,693040,0,1.12511481651411e-08
19723,4,1,88,857,702350,0,3.76432140948169e-08
19724,4,1,110,875,616647,0,1.78061628610752e-08
19725,4,1,86,880,695602,0,2.1325090686177e-08
19726,4,1,122,862,751860,0,3.69404097914806e-08
19727,4,1,106,884,739041,0,3.89025950111618e-08
19728,4,1,97,849,551681,0,6.83309556794085e-09
19729,4,1,90,856,531196,0,6.30657236428912e-08
19730,4,1,98,839,548053,0,1.10832783564899e-07
19731,4,1,91,850,403118,0,2.84779298181918e-08
19732,4,1,94,858,446690,0,3.25413833965986e-07
19733,4,1,73,874,462072,0,1.76536740473062e-07
19734,4,1,109,902,426450,0,6.7932441432606e-09
19735,4,1,103,888,447052,0,3.06437409929639e-07
19736,4,1,99,845,432414,0,7.97241357103197e-09
19737,4,1,107,881,325767,0,1.34577570723403e-08
19738,4,1,123,891,397341,0,1.55854278733658e-08
19739,4,1,93,895,345209,0,5.48301411993956e-08
19740,4,1,111,871,383673,0,6.99732128947148e-09
19741,4,1,107,867,384664,0,3.03839128063503e-08
19742,4,1,108,888,391843,0,3.02695784580231e-08
19743,4,1,100,846,364340,0,1.39033621695715e-08
19744,4,1,122,839,446057,0,8.70700937579335e-08
19745,4,1,100,842,513326,0,2.83807847361564e-08
19746,4,1,90,862,515969,0,7.03216897615807e-09
19747,4,1,81,850,488636,0,2.14673208635769e-07
19748,4,1,85,858,473275,0,4.91037962848747e-08
19749,4,1,108,899,405012,0,1.92145148253665e-08
19750,4,1,79,880,355087,0,4.62067741884069e-07
19751,4,1,110,893,439293,0,7.39104837727835e-09
19752,4,1,85,878,342841,0,1.69751413083019e-07
19753,4,1,68,887,317567,0,3.40251948280996e-08
19754,4,1,104,843,398252,0,1.24819560425275e-08
19755,4,1,86,856,370669,0,6.52152778824991e-08
19756,4,1,99,883,395374,0,1.43196842665317e-08
19757,4,1,73,870,348861,0,3.45234022621138e-08
19758,4,1,79,893,426858,0,3.04604803801374e-09
19759,4,1,78,895,395877,0,3.26213381733083e-09
19760,4,1,87,873,378355,0,4.27173458542849e-08
19761,4,1,107,887,361506,0,2.84135798850151e-08
19762,4,1,93,865,384429,0,8.71758348451354e-09
19763,4,1,120,869,474858,0,2.69084638655123e-06
19764,4,1,104,883,451890,0,3.63511955171213e-08
19765,4,1,82,850,520019,0,5.30389362157416e-08
19766,4,1,109,857,518537,0,1.98355082670351e-07
19767,4,1,89,891,581166,0,1.05094217217642e-08
19768,4,1,103,905,494055,0,2.35643257458831e-08
19769,4,1,89,891,375346,0,1.32368115959653e-08
19770,4,1,84,852,347138,0,9.79654199202844e-08
19771,4,1,81,841,452096,0,6.17923526853704e-07
19772,4,1,108,828,532092,0,6.63315887789366e-09
19773,4,1,95,855,355647,0,4.72503119351455e-08
19774,4,1,100,864,250437,0,2.65769512568472e-08
19775,4,1,119,876,262890,0,9.57177575759024e-08
19776,4,1,98,927,231542,0,1.4793121698726e-08
19777,4,1,75,903,374081,0,5.12698930936125e-07
19778,4,1,113,855,393799,0,2.3374109807293e-08
19779,4,1,72,844,325143,0,4.51224685421161e-08
19780,4,1,102,859,380902,0,1.04864430472282e-08
19781,4,1,102,857,335583,0,8.67458785839656e-09
19782,4,1,105,883,354541,0,1.40911299601932e-08
19783,4,1,88,856,297340,0,3.96551248832082e-08
19784,4,1,97,852,300562,0,4.13183048156909e-09
19785,4,1,100,870,362384,0,5.64854096745544e-09
19786,4,1,110,851,323615,0,1.54384055020127e-08
19787,4,1,97,876,303160,0,2.64774768060794e-08
19788,4,1,95,872,282842,0,1.53795280230113e-07
19789,4,1,123,898,334882,0,5.91446239382723e-08
19790,4,1,78,880,295056,0,1.02838985842402e-07
19791,4,1,103,856,331767,0,5.54402085709338e-08
19792,4,1,83,882,361405,0,4.48051681932589e-09
19793,4,1,91,846,323310,0,1.3655107641696e-08
19794,4,1,81,871,453011,0,2.97335569747927e-08
19795,4,1,93,873,402644,0,7.07443721883756e-08
19796,4,1,108,877,436515,0,2.95199660230541e-09
19797,4,1,87,873,312754,0,4.48622431917704e-08
19798,4,1,105,870,332872,0,1.92091162664341e-08
19799,4,1,83,876,409405,0,1.43081117300373e-08
19800,4,1,111,915,422419,0,7.46698232869293e-09
19801,4,1,108,864,306648,0,4.85461563478068e-08
19802,4,1,91,881,286802,0,1.46544266796302e-06
19803,4,1,101,873,379918,0,1.3303656334773e-08
19804,4,1,101,863,361415,0,3.27044122414619e-08
19805,4,1,101,850,404927,0,6.07337638825332e-09
19806,4,1,82,922,319664,0,5.54527782997489e-08
19807,4,1,94,842,292604,0,9.65704644446829e-09
19808,4,1,96,838,319450,0,9.35462870864398e-09
19809,4,1,109,889,339165,0,2.49893794272453e-08
19810,4,1,96,900,310311,0,1.41803956879393e-08
19811,4,1,88,862,283573,0,9.74832947357061e-09
19812,4,1,114,868,351971,0,2.16152264511177e-08
19813,4,1,91,880,416049,0,1.22236932715419e-08
19814,4,1,86,859,383277,0,1.46595387180007e-07
19815,4,1,93,862,414712,0,2.12243925958913e-08
19816,4,1,110,841,322375,0,2.92367916307167e-07
19817,4,1,107,834,366452,0,2.52781636981442e-08
19818,4,1,97,816,327759,0,6.77846874683258e-08
19819,4,1,102,879,373392,0,4.38790623301363e-07
19820,4,1,89,894,325849,0,5.61411655232333e-08
19821,4,1,96,854,321392,0,2.20174797067801e-07
19822,4,1,97,896,374564,0,1.36115493671039e-08
19823,4,1,105,851,335730,0,3.56783133599579e-09
19824,4,1,76,878,344076,0,1.33201951847984e-07
19825,4,1,92,870,378871,0,7.06377839264093e-08
19826,4,1,92,851,367136,0,4.49909871540447e-09
19827,4,1,82,897,295827,0,1.05763619294905e-07
19828,4,1,92,895,385187,0,4.13825312984003e-08
19829,4,1,94,860,406238,0,2.90200291609036e-09
19830,4,1,118,887,417435,0,1.17936905170001e-08
19831,4,1,97,810,349736,0,9.58447495345051e-08
19832,4,1,103,877,348599,0,3.19201046446185e-09
19833,4,1,88,878,316368,0,1.47494354422834e-08
19834,4,1,83,861,259703,0,7.59713473033714e-09
19835,4,1,111,853,270603,0,1.27136114753468e-08
19836,4,1,72,842,330014,0,4.5881393174402e-09
19837,4,1,100,820,450965,0,1.14664982537805e-07
19838,4,1,93,866,322331,0,4.11516381776703e-09
19839,4,1,106,838,326534,0,6.15430341030826e-08
19840,4,1,74,863,388629,0,1.06796606766021e-08
19841,4,1,107,890,377197,0,1.12036722666025e-08
19842,4,1,81,835,416954,0,7.63381901961231e-09
19843,4,1,79,883,436041,0,1.11044161576854e-08
19844,4,1,78,903,377079,0,4.45173135085563e-09
19845,4,1,75,877,410734,0,3.29468867433847e-09
19846,4,1,81,847,326609,0,9.45491847312716e-09
19847,4,1,100,860,407868,0,3.03905288210036e-08
19848,4,1,83,854,491034,0,1.01363978708905e-08
19849,4,1,89,851,516272,0,3.83453340753499e-08
19850,4,1,81,837,323309,0,8.77951691737659e-08
19851,4,1,93,838,358068,0,7.5642118223675e-09
19852,4,1,95,860,319301,0,7.48386484214751e-09
19853,4,1,90,871,285286,0,1.68720420287706e-07
19854,4,1,73,828,291088,0,2.01995091352811e-07
19855,4,1,83,875,305572,0,2.0732002827704e-08
19856,4,1,97,838,352555,0,6.18051977936008e-09
19857,4,1,79,836,342820,0,2.49453969920354e-08
19858,4,1,74,899,313407,0,7.01520181516889e-09
19859,4,1,82,839,280759,0,5.95451025895468e-09
19860,4,1,96,844,244388,0,1.04514726253965e-08
19861,4,1,101,849,272600,0,3.17737053391454e-08
19862,4,1,93,888,313920,0,3.44733966181559e-08
19863,4,1,76,814,320745,0,4.87257716467086e-09
19864,4,1,88,873,274544,0,4.18963766787705e-09
19865,4,1,108,919,324069,0,3.38472129098869e-09
19866,4,1,97,876,284837,0,2.65563389061404e-08
19867,4,1,98,873,320552,0,1.13631126903058e-07
19868,4,1,83,922,272908,0,1.07256278449844e-06
19869,4,1,106,873,296361,0,3.71863021771849e-08
19870,4,1,112,872,421701,0,1.58953014152211e-08
19871,4,1,89,863,352900,0,1.97740487311375e-08
19872,4,1,93,860,368364,0,2.67471034357577e-08
19873,4,1,92,871,314826,0,8.56649651556683e-08
19874,4,1,102,861,363911,0,9.37184318990411e-09
19875,4,1,121,871,414630,0,1.32095700267569e-06
19876,4,1,97,890,453765,0,2.93315537907917e-09
19877,4,1,113,862,520363,0,1.67812754473863e-08
19878,4,1,108,914,485605,0,1.21846016556732e-08
19879,4,1,80,894,588505,0,2.44581049259416e-09
19880,4,1,104,887,515881,0,7.59269009838833e-09
19881,4,1,71,886,655438,0,1.87765641671285e-08
19882,4,1,89,892,677574,0,4.61820250396066e-09
19883,4,1,87,913,424737,0,1.03329411060889e-08
19884,4,1,83,900,422507,0,2.53955145690687e-08
19885,4,1,93,861,543877,0,2.4320751785942e-07
19886,4,1,82,846,525722,0,5.88276844310305e-09
19887,4,1,93,864,499044,0,4.8769783432776e-08
19888,4,1,88,915,442978,0,3.35757098975939e-07
19889,4,1,87,862,423816,0,3.8741736107896e-07
19890,4,1,87,902,353703,0,3.75620449443569e-09
19891,4,1,70,890,351775,0,4.69614021586222e-08
19892,4,1,83,874,414189,0,2.78616311761685e-08
19893,4,1,99,851,342669,0,5.29295147481566e-08
19894,4,1,98,861,394005,0,3.79826437651441e-08
19895,4,1,72,894,310091,0,5.41448054862758e-08
19896,4,1,80,880,333411,0,2.23201918199657e-08
19897,4,1,87,886,365946,0,8.60608696395431e-07
19898,4,1,73,904,301403,0,2.6943436437441e-09
19899,4,1,83,895,310388,0,3.57274158282788e-08
19900,4,1,111,888,405019,0,7.53937263673772e-09
19901,4,1,84,874,390322,0,2.17575481120316e-08
19902,4,1,74,865,309876,0,7.62306562186336e-09
19903,4,1,100,866,424006,0,1.87828708454927e-07
19904,4,1,69,933,419703,0,9.701841225428e-09
19905,4,1,84,887,324168,0,1.35735335967551e-08
19906,4,1,102,884,355959,0,2.41190733568103e-08
19907,4,1,86,865,351779,0,2.78471764582453e-08
19908,4,1,65,859,383590,0,7.39545035892716e-09
19909,4,1,101,833,504258,0,1.51088508622302e-08
19910,4,1,96,865,464078,0,3.33443140004326e-08
19911,4,1,76,865,419631,0,3.85750149563634e-08
19912,4,1,82,904,423224,0,3.21225431319581e-08
19913,4,1,90,884,398845,0,1.63086119805834e-08
19914,4,1,95,877,505858,0,1.67074845977311e-08
19915,4,1,88,911,609708,0,2.45456135179106e-07
19916,4,1,77,905,591721,0,2.57669984700584e-08
19917,4,1,76,908,589330,0,1.68124939800815e-08
19918,4,1,113,872,417023,0,1.73772887752854e-07
19919,4,1,100,887,332059,0,2.1043749771045e-09
19920,4,1,99,902,322346,0,1.00190733072294e-08
19921,4,1,104,867,390172,0,1.30289030000918e-08
19922,4,1,73,872,298623,0,4.35980301936293e-08
19923,4,1,70,863,348059,0,4.81673343555781e-08
19924,4,1,84,892,354391,0,2.03079705968648e-08
19925,4,1,105,855,362514,0,4.34832061189973e-08
19926,4,1,100,863,318699,0,2.04293277518044e-07
19927,4,1,92,894,285959,0,1.47992757092148e-08
19928,4,1,76,874,309482,0,7.02970373822805e-09
19929,4,1,79,889,316333,0,6.59961832073189e-08
19930,4,1,90,902,397590,0,2.59599281422656e-09
19931,4,1,88,887,342230,0,1.01470431193538e-07
19932,4,1,85,866,386025,0,2.18119472647671e-08
19933,4,1,98,878,360435,0,6.19294017464997e-09
19934,4,1,94,842,471408,0,1.12524226686768e-08
19935,4,1,88,876,481816,0,1.6008315956863e-08
19936,4,1,94,887,311029,0,1.19109803462146e-06
19937,4,1,123,876,214379,0,3.59242358048895e-08
19938,4,1,73,902,236380,0,7.26283110810492e-08
19939,4,1,77,855,279950,0,6.2399676737834e-08
19940,4,1,98,880,380752,0,8.3279507847771e-09
19941,4,1,83,932,411895,0,1.85286068259362e-07
19942,4,1,66,898,337723,0,6.40096851773742e-09
19943,4,1,89,861,373352,0,6.94355669703571e-08
19944,4,1,92,874,342096,0,3.9553488211754e-09
19945,4,1,94,880,421760,0,9.21352617355808e-09
19946,4,1,85,859,342064,0,2.3293936840792e-09
19947,4,1,92,948,349263,0,1.69457572414402e-08
19948,4,1,104,862,346480,0,1.07142141549382e-08
19949,4,1,97,923,355099,0,7.31131601578193e-07
19950,4,1,94,942,443395,0,2.00921143917732e-08
19951,4,1,91,854,384323,0,1.39143234959237e-07
19952,4,1,69,876,338200,0,6.37516849459669e-09
19953,4,1,98,867,344497,0,3.70901077131637e-08
19954,4,1,117,885,396298,0,2.72540110358100e-09
19955,4,1,111,900,354759,0,2.83027623426048e-08
19956,4,1,121,889,376567,0,2.34077984093782e-06
19957,4,1,78,901,388768,0,1.8818742434046e-08
19958,4,1,90,895,468054,0,2.13350019424286e-07
19959,4,1,96,962,522465,0,5.14307650133982e-09
19960,4,1,95,885,572002,0,6.66953795472156e-09
19961,4,1,103,951,461644,0,1.53244315855413e-08
19962,4,1,106,849,339286,0,2.12477800311162e-08
19963,4,1,86,896,417398,0,6.6717093218674e-07
19964,4,1,93,912,449770,0,2.9466148073198e-08
19965,4,1,92,890,509448,0,1.12409145410364e-08
19966,4,1,81,864,454956,0,5.79324456103807e-09
19967,4,1,107,898,488504,0,1.87562090579044e-08
19968,4,1,111,849,643469,0,1.15171939816711e-08
19969,4,1,83,915,555509,0,4.51082869499787e-09
19970,4,1,88,890,568041,0,2.94019657476953e-08
19971,4,1,65,896,468611,0,3.43842808140209e-09
19972,4,1,109,904,515443,0,3.18455849324417e-08
19973,4,1,111,937,624979,0,1.0820219233957e-08
19974,4,1,83,906,529450,0,4.00167366771947e-08
19975,4,1,103,881,481493,0,1.83563533839226e-08
19976,4,1,106,881,394110,0,7.65548052842487e-09
19977,4,1,88,901,468431,0,7.64878003375513e-08
19978,4,1,106,905,410748,0,2.40448512323109e-08
19979,4,1,109,875,417122,0,6.69859404652027e-09
19980,4,1,83,884,380265,0,5.55255588173161e-08
19981,4,1,89,874,381311,0,2.02703450604606e-08
19982,4,1,102,866,480357,0,4.87968898113472e-08
19983,4,1,99,876,364214,0,2.58435142268942e-07
19984,4,1,107,918,321066,0,4.55440884093775e-08
19985,4,1,110,875,480074,0,6.69695673952563e-08
19986,4,1,83,853,415213,0,1.61494457027292e-08
19987,4,1,96,881,452762,0,8.42845303302981e-08
19988,4,1,110,893,428062,0,6.97480009750921e-07
19989,4,1,97,843,392882,0,1.68873043431086e-08
19990,4,1,105,913,422514,0,1.2850764013559e-08
19991,4,1,106,881,456693,0,4.80110024175373e-09
19992,4,1,90,891,419592,0,8.65543636247436e-08
19993,4,1,90,858,494226,0,2.26626628463324e-08
19994,4,1,90,916,614338,0,3.84848719747622e-07
19995,4,1,84,879,487059,0,8.18434174169916e-08
19996,4,1,136,894,339258,0,4.93777867197431e-09
19997,4,1,92,897,368332,0,5.29601370849596e-08
19998,4,1,84,870,392029,0,3.6526794371386e-07
19999,4,1,91,897,383494,0,2.74684789990735e-08
20000,4,1,87,880,420371,0,9.12636648842467e-09
